date,Open,High,Low,Close,Volume
1994-10-22,43.8,43.8,43.8,43.8,6672000
1994-10-24,43.0,43.0,41.0,42.0,4644000
1994-10-26,41.8,41.8,41.0,41.6,2532291
1994-10-27,41.5,41.5,41.0,41.5,2266998
1994-10-28,41.4,41.5,41.0,41.5,1322569
1994-10-29,41.3,41.3,41.0,41.1,702294
1994-11-01,41.0,41.1,41.0,41.0,1710000
1994-11-02,41.0,41.1,41.0,41.0,928426
1994-11-03,41.2,41.3,41.0,41.0,677229
1994-11-04,41.1,41.2,41.0,41.0,691425
1994-11-05,41.0,41.1,41.0,41.0,451396
1994-11-07,41.0,41.2,41.0,41.0,368000
1994-11-08,41.0,41.1,41.0,41.1,362027
1994-11-09,41.1,41.2,41.0,41.0,457203
1994-11-10,41.0,41.1,41.0,41.0,438249
1994-11-11,41.0,41.1,41.0,41.0,467075
1994-11-14,41.0,41.1,41.0,41.0,484045
1994-11-15,41.0,41.0,41.0,41.0,458183
1994-11-16,41.0,41.1,41.0,41.0,556156
1994-11-17,41.0,41.1,41.0,41.1,543000
1994-11-18,41.0,41.1,41.0,41.0,276731
1994-11-19,41.0,41.1,41.0,41.0,185000
1994-11-21,41.0,41.0,41.0,41.0,175000
1994-11-22,41.0,41.1,41.0,41.0,267727
1994-11-23,41.0,41.1,41.0,41.0,559223
1994-11-24,41.1,41.1,41.0,41.0,292000
1994-11-25,41.0,41.1,41.0,41.0,348307
1994-11-26,41.0,41.0,41.0,41.0,299109
1994-11-28,41.1,41.1,41.0,41.0,275000
1994-11-29,41.0,41.1,41.0,41.0,269045
1994-11-30,41.0,41.1,41.0,41.0,313000
1994-12-01,41.0,41.1,41.0,41.0,404000
1994-12-02,41.0,41.1,41.0,41.0,446000
1994-12-05,42.4,42.6,41.6,42.6,1222465
1994-12-06,42.6,42.6,41.9,42.5,1105596
1994-12-07,42.5,42.5,41.8,41.9,226000
1994-12-08,41.7,44.1,41.7,44.1,4498270
1994-12-09,44.6,44.6,42.5,44.1,1126616
1994-12-10,44.1,44.2,43.0,44.0,750274
1994-12-12,43.5,43.6,43.5,43.5,249000
1994-12-13,43.5,43.5,42.6,43.4,242000
1994-12-14,43.1,43.2,42.6,43.2,297000
1994-12-15,43.2,46.1,42.0,45.7,4379317
1994-12-16,45.0,45.4,44.3,45.4,1551654
1994-12-17,45.4,45.4,44.4,45.3,703199
1994-12-19,45.3,46.5,44.9,46.5,5191000
1994-12-20,46.5,46.7,45.5,46.5,3156769
1994-12-21,46.7,47.5,45.8,47.5,1075795
1994-12-22,47.5,47.6,44.2,44.2,3395500
1994-12-23,41.2,41.2,41.2,41.2,3865059
1994-12-24,39.5,40.7,39.5,39.9,1197000
1994-12-27,39.9,39.9,37.5,37.7,1972000
1994-12-28,37.7,37.7,35.3,35.9,1727110
1994-12-29,35.9,36.9,35.9,36.3,1420000
1994-12-30,36.5,36.5,35.8,36.0,1334000
1994-12-31,36.1,36.5,36.1,36.5,642000
1995-01-05,36.6,37.6,36.5,36.8,995000
1995-01-06,37.1,37.2,36.0,36.4,519000
1995-01-07,36.5,37.7,36.3,37.4,1065000
1995-01-09,37.4,37.5,36.5,36.5,412000
1995-01-10,36.5,36.5,35.4,35.5,404110
1995-01-11,35.5,35.5,35.1,35.2,270200
1995-01-12,35.5,35.5,33.3,34.2,310066
1995-01-13,34.0,34.9,34.0,34.2,146000
1995-01-14,33.6,34.0,33.1,34.0,254000
1995-01-16,34.2,34.5,33.6,34.4,290000
1995-01-17,34.6,35.7,34.5,35.5,737000
1995-01-18,36.9,37.9,36.2,37.9,2229000
1995-01-19,38.9,39.2,37.2,38.0,1997000
1995-01-20,37.1,37.1,35.4,35.4,708000
1995-01-21,35.0,36.2,34.2,35.6,253000
1995-01-23,36.0,36.0,34.6,35.0,265000
1995-01-24,35.0,35.0,34.5,34.5,258000
1995-01-25,34.5,36.0,34.5,35.0,365000
1995-01-26,34.5,35.7,34.5,34.8,397000
1995-02-04,35.5,35.9,34.2,34.2,174000
1995-02-06,35.0,35.0,34.4,34.7,223000
1995-02-07,34.7,35.2,34.5,34.7,248000
1995-02-08,35.2,35.4,34.9,35.1,323000
1995-02-09,35.5,36.8,35.4,36.1,1217000
1995-02-10,36.3,36.3,35.6,35.7,549000
1995-02-11,35.7,36.0,35.6,35.7,349100
1995-02-13,36.0,36.0,35.2,35.2,284000
1995-02-14,35.3,35.3,35.0,35.1,122100
1995-02-15,35.1,35.7,35.1,35.2,266020
1995-02-16,35.2,36.0,35.2,35.3,173000
1995-02-17,35.3,35.7,35.3,35.5,238522
1995-02-18,35.8,36.0,35.6,36.0,239000
1995-02-20,36.1,36.3,35.8,35.9,358000
1995-02-21,35.9,35.9,35.7,35.9,237000
1995-02-22,36.0,36.5,35.9,36.3,586000
1995-02-23,36.5,36.5,36.0,36.0,404000
1995-02-24,35.9,37.2,35.9,37.2,1339000
1995-02-25,37.1,38.3,37.0,38.3,1612020
1995-02-27,37.1,38.0,36.4,37.4,1531000
1995-02-28,37.6,38.7,37.5,38.5,989054
1995-03-01,38.5,38.5,37.1,37.1,701522
1995-03-02,37.1,37.6,37.1,37.4,525000
1995-03-03,37.5,37.5,37.2,37.4,369000
1995-03-04,37.4,37.8,37.3,37.8,198000
1995-03-06,37.8,37.8,37.3,37.3,156000
1995-03-07,37.2,37.4,36.8,37.3,482000
1995-03-08,37.1,37.2,36.8,36.8,149000
1995-03-09,36.6,36.8,36.3,36.5,132000
1995-03-10,36.5,37.3,36.5,36.8,148000
1995-03-11,36.8,37.0,36.5,37.0,113000
1995-03-13,37.0,37.1,36.8,37.0,96000
1995-03-14,36.9,36.9,36.6,36.6,148000
1995-03-15,36.9,37.0,36.8,36.8,53000
1995-03-16,37.0,37.5,37.0,37.3,416000
1995-03-17,37.2,37.6,37.2,37.6,283000
1995-03-18,37.5,37.5,37.3,37.4,136000
1995-03-20,37.4,37.4,37.0,37.1,179000
1995-03-21,37.0,37.2,37.0,37.0,71000
1995-03-22,35.3,37.5,35.3,37.3,169000
1995-03-23,37.1,37.1,36.7,36.9,187000
1995-03-24,36.8,37.1,36.8,37.0,50000
1995-03-25,37.0,37.1,36.8,36.9,120000
1995-03-27,36.1,36.8,36.1,36.8,105000
1995-03-28,37.0,37.0,36.7,36.9,177000
1995-03-30,37.0,37.5,36.5,37.5,255000
1995-03-31,37.5,37.5,37.0,37.1,68010
1995-04-01,37.0,37.2,37.0,37.0,223000
1995-04-06,36.5,37.0,36.5,36.8,70000
1995-04-07,36.5,37.0,36.5,36.7,59000
1995-04-08,36.8,36.9,36.8,36.8,94000
1995-04-10,36.8,36.9,36.7,36.8,130000
1995-04-11,36.4,36.5,36.4,36.5,132010
1995-04-12,36.4,36.9,36.4,36.7,84000
1995-04-13,36.7,36.7,36.5,36.5,82000
1995-04-14,36.6,36.7,36.4,36.4,43000
1995-04-15,36.4,36.4,36.0,36.0,101000
1995-04-17,35.6,35.8,34.7,35.1,70000
1995-04-18,34.7,35.3,34.7,35.2,340000
1995-04-19,35.2,35.2,35.0,35.0,282000
1995-04-20,35.1,35.1,34.9,35.1,332000
1995-04-21,35.0,35.0,34.3,34.5,342000
1995-04-22,34.2,34.6,34.2,34.6,201000
1995-04-24,34.6,34.7,34.4,34.7,273000
1995-04-25,34.6,34.6,34.2,34.2,224000
1995-04-26,34.2,34.6,33.8,34.2,203000
1995-04-27,34.1,34.5,34.1,34.5,288000
1995-04-28,34.5,34.5,34.1,34.1,250000
1995-04-29,34.1,34.3,34.0,34.1,395000
1995-05-01,34.2,34.3,34.1,34.2,390000
1995-05-02,34.0,34.1,33.6,33.7,349000
1995-05-03,33.7,34.2,33.7,34.1,427000
1995-05-04,33.9,34.0,33.4,33.5,562000
1995-05-05,32.0,33.5,32.0,32.5,530000
1995-05-06,31.2,33.0,31.2,32.7,331000
1995-05-08,32.6,32.7,31.2,32.4,408000
1995-05-09,32.0,32.5,32.0,32.4,454000
1995-05-10,32.3,32.6,32.0,32.2,453000
1995-05-11,33.0,33.0,31.7,32.4,504000
1995-05-12,32.4,32.4,32.0,32.1,414000
1995-05-13,32.3,32.4,32.2,32.4,690000
1995-05-15,32.5,32.5,31.5,32.0,577000
1995-05-16,32.2,32.2,31.9,31.9,229000
1995-05-17,32.1,32.1,31.7,31.8,328000
1995-05-18,31.8,32.0,31.7,32.0,941064
1995-05-19,31.5,32.6,31.5,32.3,2083064
1995-05-20,32.6,33.4,32.5,33.1,2489064
1995-05-22,33.1,33.1,32.1,32.6,2246000
1995-05-23,33.2,33.2,32.5,33.2,2656000
1995-05-24,33.3,33.3,32.5,33.3,3522000
1995-05-25,31.9,32.1,31.3,31.7,853000
1995-05-26,31.7,31.7,30.4,31.5,169000
1995-05-27,31.5,31.5,30.7,31.0,231000
1995-05-29,30.5,30.8,30.1,30.8,430000
1995-05-30,30.4,31.2,30.4,31.2,421005
1995-05-31,31.0,31.4,30.5,30.5,230009
1995-06-01,31.2,32.1,31.1,32.1,764608
1995-06-05,32.0,32.0,30.9,31.1,214001
1995-06-06,31.0,31.5,30.7,31.2,169000
1995-06-07,31.3,31.3,30.8,31.0,148000
1995-06-08,31.0,31.0,30.5,30.5,105000
1995-06-09,30.7,30.7,30.3,30.3,133000
1995-06-10,30.5,30.6,30.2,30.4,181000
1995-06-12,30.5,30.5,30.2,30.5,151000
1995-06-13,30.5,30.7,30.0,30.3,930000
1995-06-14,30.9,30.9,30.1,30.2,422000
1995-06-15,30.3,30.7,30.2,30.3,390000
1995-06-16,30.5,30.5,30.3,30.5,271000
1995-06-17,29.6,31.1,29.6,30.0,608000
1995-06-19,30.4,30.4,29.9,30.2,170000
1995-06-20,30.2,30.3,30.0,30.3,144000
1995-06-21,29.8,30.2,29.2,30.1,142000
1995-06-22,30.0,30.4,29.3,29.8,900000
1995-06-23,30.0,30.6,29.9,30.4,585000
1995-06-24,30.5,30.9,30.2,30.6,308000
1995-06-26,30.7,31.0,30.4,30.6,236000
1995-06-27,30.6,30.8,30.0,30.2,286180
1995-06-28,30.2,30.2,29.5,29.5,341335
1995-06-29,29.5,29.8,29.2,29.3,239000
1995-06-30,29.2,29.4,28.8,28.9,108000
1995-07-03,28.3,28.9,27.8,28.0,280000
1995-07-04,27.8,28.0,27.5,27.8,152000
1995-07-05,27.7,27.9,27.5,27.9,469000
1995-07-06,28.0,28.8,28.0,28.2,1074030
1995-07-07,28.3,28.6,28.0,28.3,607445
1995-07-08,28.6,29.2,28.1,28.4,421000
1995-07-10,28.2,28.6,27.8,28.1,149000
1995-07-11,28.0,28.0,27.6,27.9,220378
1995-07-12,27.9,28.5,27.9,28.5,642000
1995-07-13,28.8,29.0,28.1,28.1,299000
1995-07-14,28.2,28.6,27.9,28.0,240000
1995-07-15,27.9,27.9,27.5,27.8,194000
1995-07-17,27.8,27.8,27.0,27.3,258000
1995-07-18,27.1,27.4,27.0,27.4,121000
1995-07-19,26.9,27.3,26.0,26.7,464000
1995-07-20,26.9,26.9,25.4,25.7,338000
1995-07-21,25.5,26.2,25.5,26.1,234000
1995-07-22,26.0,26.2,25.6,26.2,131000
1995-07-24,26.0,26.2,25.9,26.2,97000
1995-07-25,26.2,26.2,25.5,25.7,142000
1995-07-26,25.5,25.8,25.3,25.5,137000
1995-07-27,26.2,26.7,25.8,26.6,177397
1995-07-28,26.6,26.6,26.1,26.5,57000
1995-07-29,25.5,26.5,25.5,26.1,116000
1995-07-31,25.5,25.8,25.5,25.8,31000
1995-08-01,25.9,25.9,25.6,25.8,38000
1995-08-02,26.0,26.0,25.0,25.0,85414
1995-08-03,25.0,25.0,24.7,24.8,48000
1995-08-04,25.0,25.0,24.5,24.6,54000
1995-08-05,22.9,24.0,22.9,23.1,89000
1995-08-07,22.7,23.6,22.7,23.6,118000
1995-08-08,23.6,23.7,23.1,23.6,28000
1995-08-09,23.2,23.6,22.8,22.8,56000
1995-08-10,23.0,23.0,22.0,22.2,112000
1995-08-11,21.5,21.6,20.7,20.7,177000
1995-08-12,21.1,21.9,20.3,20.7,395000
1995-08-14,20.5,20.5,19.3,19.3,439000
1995-08-15,19.3,19.4,18.3,19.4,334000
1995-08-16,19.6,20.7,19.0,20.7,265000
1995-08-17,20.8,21.7,20.8,21.3,241000
1995-08-18,21.2,21.2,20.5,20.8,62000
1995-08-19,21.0,21.0,20.1,20.3,67000
1995-08-21,20.3,20.8,20.2,20.6,51000
1995-08-22,20.6,20.6,20.2,20.5,12000
1995-08-23,20.8,20.8,20.3,20.6,55000
1995-08-24,20.3,20.3,19.5,19.8,61000
1995-08-25,19.6,20.0,19.5,19.9,45000
1995-08-26,20.1,20.1,19.9,19.9,17000
1995-08-28,19.8,20.2,19.8,20.1,29000
1995-08-29,20.2,20.2,19.8,20.2,9000
1995-08-30,20.1,20.7,20.1,20.7,207000
1995-08-31,21.2,21.2,20.8,21.2,127000
1995-09-01,21.0,21.4,21.0,21.2,238000
1995-09-02,21.0,22.0,21.0,21.9,72000
1995-09-04,22.4,23.4,22.4,23.4,582000
1995-09-05,23.9,24.5,23.7,24.0,913000
1995-09-06,24.3,25.6,24.0,25.6,1446000
1995-09-07,26.4,26.4,25.5,25.8,1286000
1995-09-08,26.0,26.5,24.6,25.4,1453000
1995-09-11,25.4,25.4,23.8,24.0,784000
1995-09-12,23.9,24.0,23.2,23.7,605146
1995-09-13,23.5,24.0,23.1,23.2,949000
1995-09-14,23.3,23.6,22.8,22.8,579000
1995-09-15,22.8,23.0,22.5,23.0,309000
1995-09-16,23.3,23.3,22.7,22.8,197000
1995-09-18,23.2,23.2,22.7,23.1,154000
1995-09-19,23.7,23.7,23.1,23.1,267000
1995-09-20,23.3,23.3,22.6,22.6,263000
1995-09-21,22.8,23.0,22.5,22.5,120000
1995-09-23,22.8,23.0,22.7,23.0,342000
1995-09-25,23.6,24.1,23.3,23.8,1349000
1995-09-26,24.0,24.2,23.6,23.9,1029000
1995-09-27,24.3,24.4,23.2,23.2,640000
1995-09-29,23.6,23.6,23.0,23.1,366694
1995-09-30,23.1,23.4,23.1,23.2,149000
1995-10-02,23.2,23.5,23.1,23.4,169000
1995-10-03,23.4,23.6,23.2,23.4,313000
1995-10-04,23.4,23.6,23.3,23.6,119159
1995-10-05,23.7,24.5,23.6,24.1,726364
1995-10-06,23.8,24.8,23.8,24.8,812025
1995-10-07,25.8,25.8,24.3,24.3,1105000
1995-10-09,24.6,24.6,24.2,24.3,237000
1995-10-11,24.3,24.3,23.8,24.1,479000
1995-10-12,24.1,25.0,23.8,24.8,1276216
1995-10-13,24.0,25.9,24.0,25.9,1568000
1995-10-14,25.2,25.6,24.8,24.9,396001
1995-10-16,25.1,25.2,24.1,24.7,189000
1995-10-17,24.2,24.8,24.2,24.5,126000
1995-10-18,24.6,24.8,24.2,24.2,116000
1995-10-19,24.0,24.0,23.5,23.5,149000
1995-10-20,23.4,24.0,23.1,23.5,85000
1995-10-21,23.3,24.1,23.3,24.1,44000
1995-10-23,23.9,24.4,23.9,24.1,117000
1995-10-24,24.1,24.2,23.9,24.0,132005
1995-10-26,24.0,24.0,23.8,23.8,131030
1995-10-27,23.6,23.7,23.5,23.6,181040
1995-10-28,23.6,23.8,23.6,23.8,84000
1995-10-30,23.6,23.9,23.6,23.8,63000
1995-11-01,23.4,23.7,23.4,23.5,22000
1995-11-02,23.5,23.5,23.2,23.3,63080
1995-11-03,23.2,23.2,22.8,23.1,123607
1995-11-04,23.3,23.6,23.2,23.4,548000
1995-11-06,23.5,23.8,23.3,23.8,359000
1995-11-07,24.0,24.1,23.4,23.8,212020
1995-11-08,23.6,23.6,23.2,23.2,35000
1995-11-09,23.2,23.2,22.8,22.9,65259
1995-11-10,22.9,23.1,22.8,22.9,29010
1995-11-11,23.0,23.4,22.9,23.4,176000
1995-11-14,23.2,23.2,22.9,23.0,110000
1995-11-15,23.1,23.2,22.3,22.3,87000
1995-11-16,22.8,22.9,22.4,22.8,144289
1995-11-17,22.7,23.0,22.5,23.0,212059
1995-11-18,22.3,23.1,22.3,23.0,152000
1995-11-20,22.6,23.2,22.6,22.9,25000
1995-11-21,22.6,23.2,22.6,23.1,62000
1995-11-22,23.0,23.4,23.0,23.4,132000
1995-11-23,23.3,23.3,23.0,23.0,140100
1995-11-24,23.5,23.7,23.0,23.0,134010
1995-11-25,23.2,23.6,23.2,23.5,140000
1995-11-27,23.7,24.7,23.7,24.5,682000
1995-11-28,24.0,24.5,24.0,24.5,286000
1995-11-29,24.5,24.8,24.2,24.4,285000
1995-11-30,22.7,24.4,22.7,24.3,655000
1995-12-01,24.4,24.5,24.0,24.2,325000
1995-12-04,23.9,24.9,23.9,24.0,477000
1995-12-05,24.2,24.7,24.0,24.7,272995
1995-12-06,24.5,24.9,24.2,24.4,133001
1995-12-07,24.1,24.6,24.0,24.5,133825
1995-12-08,22.8,24.7,22.8,24.7,447000
1995-12-09,24.7,25.2,24.6,25.2,580362
1995-12-11,25.2,26.6,25.2,25.8,1539000
1995-12-12,26.0,27.0,25.6,27.0,1545000
1995-12-13,27.0,27.6,27.0,27.3,2406765
1995-12-14,27.4,28.1,26.9,28.1,2635000
1995-12-15,28.1,28.4,27.2,27.2,1087400
1995-12-16,27.0,27.4,26.5,27.0,575001
1995-12-18,27.2,27.7,27.0,27.2,956000
1995-12-19,27.0,27.0,25.7,25.7,3044999
1995-12-20,26.4,26.8,25.3,25.4,2288361
1995-12-21,25.6,26.2,25.1,26.2,1272000
1995-12-22,26.4,26.4,25.8,25.8,991000
1995-12-23,25.9,26.2,25.3,26.2,446888
1995-12-26,25.6,26.0,25.6,25.7,366000
1995-12-27,25.5,25.8,25.3,25.7,246008
1995-12-28,25.5,25.7,25.4,25.5,128000
1995-12-29,25.7,26.2,25.7,26.1,328000
1995-12-30,26.3,26.3,25.8,26.0,235000
1996-01-04,26.2,26.2,25.8,25.8,328000
1996-01-05,24.1,24.1,24.0,24.0,781000
1996-01-06,24.0,24.4,23.6,23.9,543000
1996-01-08,24.3,24.4,24.1,24.4,307000
1996-01-09,24.5,25.8,24.5,25.3,2468050
1996-01-10,25.6,26.0,25.2,25.4,1345000
1996-01-11,25.2,26.7,25.0,26.5,3427000
1996-01-12,26.6,27.4,26.6,26.8,2818000
1996-01-13,27.3,27.6,27.0,27.3,1978000
1996-01-15,27.5,27.6,27.0,27.3,1723000
1996-01-16,27.5,28.8,27.3,28.6,6086768
1996-01-17,28.6,29.0,28.6,28.9,2236017
1996-01-18,28.6,28.9,28.4,28.9,1404508
1996-01-19,29.1,29.6,28.4,29.0,2258000
1996-01-20,28.8,28.8,28.4,28.5,635000
1996-01-22,28.5,28.8,28.3,28.6,555000
1996-01-23,28.5,28.6,28.2,28.2,570000
1996-01-24,28.0,28.8,28.0,28.5,1141360
1996-01-25,28.3,28.7,28.2,28.6,1442000
1996-01-26,28.7,28.9,28.4,28.8,1152000
1996-01-27,28.8,28.8,28.1,28.1,708000
1996-01-29,28.0,28.1,26.2,26.5,1869000
1996-01-30,26.6,27.0,26.3,26.9,458000
1996-01-31,26.9,26.9,25.6,26.1,836000
1996-02-01,26.1,26.5,25.6,26.1,501616
1996-02-02,26.5,26.5,26.2,26.2,161000
1996-02-03,26.4,26.5,26.2,26.4,166000
1996-02-05,26.0,26.5,25.8,26.5,325000
1996-02-06,26.4,26.6,25.9,26.0,96000
1996-02-07,26.0,26.4,26.0,26.4,163000
1996-02-08,26.4,26.8,26.3,26.6,555000
1996-02-09,26.7,27.0,26.3,26.3,447000
1996-02-10,26.5,26.8,26.5,26.7,231444
1996-02-12,26.9,27.3,26.9,27.3,444000
1996-02-13,27.5,27.5,26.9,27.0,383385
1996-02-14,26.7,27.0,26.6,26.6,204000
1996-02-15,26.6,26.8,26.3,26.4,148000
1996-02-23,26.6,26.8,26.2,26.7,250000
1996-02-24,26.3,26.5,26.3,26.3,71000
1996-02-26,26.3,26.3,26.0,26.1,196000
1996-02-27,26.5,26.5,25.8,26.0,49000
1996-02-28,26.0,26.0,25.4,25.5,262000
1996-02-29,25.7,25.8,25.5,25.5,655000
1996-03-01,25.6,26.2,25.6,26.1,871945
1996-03-02,26.3,26.8,26.1,26.6,809000
1996-03-04,26.7,27.0,26.4,26.7,487000
1996-03-05,26.7,26.7,26.0,26.2,302000
1996-03-06,25.8,25.9,25.5,25.9,361000
1996-03-07,26.0,26.6,26.0,26.0,329000
1996-03-08,26.2,26.5,26.1,26.3,408134
1996-03-09,26.2,26.8,26.2,26.5,430402
1996-03-11,26.4,26.4,25.6,25.7,258000
1996-03-12,25.5,25.8,25.2,25.2,235000
1996-03-13,25.4,25.5,25.2,25.3,339000
1996-03-14,25.4,25.9,25.3,25.9,2003000
1996-03-15,25.9,26.5,25.9,26.4,904000
1996-03-16,26.2,27.2,26.2,26.8,1149232
1996-03-18,26.8,26.9,26.3,26.5,491000
1996-03-19,26.5,26.7,26.2,26.4,160808
1996-03-20,26.5,26.7,26.3,26.6,611400
1996-03-21,26.7,26.7,26.2,26.2,472000
1996-03-22,26.4,26.4,25.8,26.0,595591
1996-03-25,26.5,26.5,26.0,26.4,461000
1996-03-26,26.4,26.5,26.1,26.4,389211
1996-03-27,26.4,26.5,25.9,26.0,638789
1996-03-28,26.0,26.0,25.8,25.8,242056
1996-04-01,26.0,26.5,26.0,26.5,473200
1996-04-02,26.7,27.2,26.5,27.1,1594100
1996-04-05,27.5,27.8,27.3,27.7,2382050
1996-04-06,27.7,29.0,27.5,28.8,1481000
1996-04-08,28.0,28.5,27.6,27.6,1330000
1996-04-09,27.5,27.8,27.2,27.4,685152
1996-04-10,27.3,27.8,27.0,27.3,1672000
1996-04-11,27.5,28.5,27.1,27.5,3647000
1996-04-12,27.7,29.0,27.7,29.0,5075001
1996-04-13,29.3,30.8,29.3,29.6,1798557
1996-04-15,29.6,30.0,28.1,28.9,2552000
1996-04-16,29.0,29.0,27.7,28.0,854029
1996-04-17,27.5,28.8,27.5,28.2,1045000
1996-04-18,28.2,28.3,27.3,27.6,541000
1996-04-19,27.5,28.8,27.5,28.1,1088000
1996-04-20,28.5,28.5,27.7,27.9,325000
1996-04-22,28.1,28.5,27.9,28.1,635000
1996-04-23,28.4,29.3,28.1,28.1,1335623
1996-04-24,28.5,28.8,28.2,28.2,300000
1996-04-25,28.4,28.4,27.8,28.2,230000
1996-04-26,28.5,29.0,28.3,28.4,763000
1996-04-27,28.9,28.9,28.6,28.7,797008
1996-04-29,29.2,29.5,28.8,29.2,1342000
1996-04-30,29.4,29.5,28.2,28.5,472377
1996-05-01,29.0,29.0,28.2,28.3,318159
1996-05-02,28.3,28.3,27.9,27.9,431801
1996-05-03,27.9,28.2,27.9,28.0,396001
1996-05-04,28.0,28.1,27.0,27.0,304000
1996-05-06,27.6,27.6,27.2,27.3,408000
1996-05-07,27.3,27.6,27.0,27.0,366000
1996-05-08,27.0,27.3,26.7,26.7,418000
1996-05-09,26.9,27.2,26.8,27.0,245000
1996-05-10,27.1,27.6,27.1,27.4,263000
1996-05-11,27.7,27.8,27.5,27.8,343000
1996-05-13,28.0,28.7,28.0,28.0,969000
1996-05-14,28.5,28.5,27.6,27.6,364010
1996-05-15,27.7,28.3,27.4,27.6,257214
1996-05-16,27.3,27.8,27.0,27.0,259000
1996-05-17,27.2,27.3,27.0,27.0,317000
1996-05-18,27.0,27.2,26.8,27.0,96000
1996-05-20,27.0,27.0,26.5,26.5,807000
1996-05-21,26.1,26.5,26.0,26.1,824000
1996-05-22,25.9,26.0,25.6,26.0,120000
1996-05-23,26.2,26.4,26.0,26.1,197041
1996-05-24,26.3,26.5,26.1,26.4,343745
1996-05-25,26.5,26.7,26.3,26.3,253000
1996-05-27,26.1,26.2,26.0,26.0,71000
1996-05-28,26.2,26.4,25.8,25.9,137000
1996-05-29,25.9,26.0,25.8,25.9,107000
1996-05-30,26.0,26.1,25.8,25.9,109000
1996-05-31,26.1,26.4,26.0,26.2,327020
1996-06-01,26.1,26.1,26.0,26.0,157000
1996-06-03,26.4,26.4,26.0,26.1,104000
1996-06-04,26.0,26.3,26.0,26.0,134000
1996-06-05,26.0,26.0,25.8,25.8,79000
1996-06-06,25.8,26.1,25.8,26.1,265000
1996-06-07,26.5,26.5,26.2,26.3,185000
1996-06-08,26.4,26.4,26.2,26.2,87000
1996-06-10,26.2,26.2,26.0,26.0,158000
1996-06-11,26.2,26.2,25.8,25.8,269000
1996-06-12,25.9,26.0,25.8,26.0,305000
1996-06-13,26.0,26.1,25.9,25.9,376000
1996-06-14,25.8,26.1,25.8,25.8,464000
1996-06-15,25.8,26.1,25.8,25.9,70000
1996-06-17,26.0,27.7,26.0,27.2,1143000
1996-06-18,27.1,27.2,26.5,26.5,437000
1996-06-19,26.7,26.7,26.0,26.0,1092338
1996-06-21,26.1,26.5,26.1,26.2,615190
1996-06-22,26.5,26.5,26.0,26.0,395000
1996-06-24,26.2,26.4,25.8,26.0,713000
1996-06-25,26.1,26.2,25.0,25.8,1502000
1996-06-26,25.8,25.8,25.3,25.6,314000
1996-06-27,25.9,25.9,25.4,25.8,515000
1996-06-28,26.0,26.0,25.5,25.5,300000
1996-06-29,25.7,26.3,25.6,25.6,534000
1996-07-02,26.0,26.0,25.3,25.6,296000
1996-07-03,25.6,25.9,25.3,25.7,222310
1996-07-04,25.8,26.0,25.6,26.0,421000
1996-07-05,26.2,26.2,25.7,25.7,323000
1996-07-06,25.9,25.9,25.5,25.8,166274
1996-07-08,25.9,25.9,25.7,25.8,156000
1996-07-09,25.8,25.9,25.8,25.8,168000
1996-07-10,25.8,25.8,25.5,25.7,62000
1996-07-11,25.6,25.9,25.5,25.8,180000
1996-07-12,25.8,25.8,25.2,25.5,126010
1996-07-13,25.5,25.5,25.3,25.3,78000
1996-07-15,25.3,25.4,24.9,25.0,168000
1996-07-16,25.0,25.0,24.6,24.6,127020
1996-07-17,24.6,24.9,24.5,24.5,141400
1996-07-18,24.7,24.7,24.1,24.1,246000
1996-07-19,24.4,24.5,24.1,24.3,363000
1996-07-20,24.3,24.4,24.1,24.4,739000
1996-07-22,24.7,24.7,24.1,24.1,440000
1996-07-23,24.3,24.3,23.8,23.9,259000
1996-07-24,24.1,24.1,23.6,23.7,796000
1996-07-25,21.6,21.8,21.2,21.2,933000
1996-07-26,20.9,21.4,20.9,20.9,280552
1996-07-27,21.0,22.1,21.0,21.8,960000
1996-07-29,22.0,22.0,21.5,21.7,364000
1996-07-30,21.8,22.4,21.5,21.8,617000
1996-08-02,22.8,23.3,22.5,22.8,3494000
1996-08-03,22.9,23.0,22.3,22.4,1256100
1996-08-05,22.6,22.6,21.8,22.3,1369000
1996-08-06,22.5,22.7,22.3,22.6,648000
1996-08-07,22.7,23.0,22.5,22.5,1387000
1996-08-08,22.8,23.0,22.6,22.8,655000
1996-08-09,22.5,22.8,22.5,22.6,525000
1996-08-10,22.8,22.9,22.5,22.6,474000
1996-08-12,22.7,22.7,22.5,22.6,274000
1996-08-13,22.6,23.2,22.6,22.7,586000
1996-08-14,22.7,23.2,22.7,23.2,552000
1996-08-15,23.1,23.1,22.6,22.9,595000
1996-08-16,22.8,22.9,22.8,22.8,249300
1996-08-17,22.8,22.9,22.7,22.7,138000
1996-08-19,22.9,22.9,22.0,22.1,389000
1996-08-20,22.1,22.4,22.0,22.4,193048
1996-08-21,22.6,22.6,22.2,22.5,231000
1996-08-22,22.4,22.5,22.3,22.4,97000
1996-08-23,22.4,22.8,22.4,22.8,326000
1996-08-24,23.0,23.3,22.8,23.1,535000
1996-08-26,23.3,23.3,23.0,23.2,336000
1996-08-27,23.2,23.5,23.2,23.3,534000
1996-08-28,23.3,23.3,23.2,23.2,305001
1996-08-29,23.4,23.4,23.1,23.2,253355
1996-08-30,23.2,23.4,23.0,23.2,309000
1996-08-31,23.2,23.3,23.1,23.3,97000
1996-09-02,23.4,23.6,23.3,23.6,379000
1996-09-03,23.6,23.6,23.1,23.1,186000
1996-09-04,23.0,23.0,22.8,22.9,252000
1996-09-05,22.8,23.2,22.8,23.2,250000
1996-09-06,23.1,23.2,22.8,23.0,132000
1996-09-07,23.2,23.3,23.0,23.3,202000
1996-09-09,23.2,23.7,23.2,23.6,618000
1996-09-10,23.6,24.3,23.6,23.6,949000
1996-09-11,24.1,24.2,23.5,23.6,363000
1996-09-12,23.8,23.9,23.6,23.7,273229
1996-09-13,23.8,23.8,23.5,23.6,68000
1996-09-14,23.7,23.9,23.7,23.7,102000
1996-09-16,23.9,24.5,23.9,23.9,409000
1996-09-17,24.0,24.2,23.8,23.9,588000
1996-09-18,23.7,23.9,23.7,23.8,77000
1996-09-19,24.0,24.2,23.9,24.0,357000
1996-09-20,24.2,24.3,23.8,24.2,423000
1996-09-21,24.2,24.4,24.0,24.1,245000
1996-09-23,24.3,24.3,23.7,24.0,197000
1996-09-24,24.0,24.0,23.9,23.9,135000
1996-09-25,23.9,24.6,23.8,24.2,1046000
1996-09-26,24.2,24.4,24.0,24.2,164000
1996-09-30,24.2,24.4,24.0,24.0,191000
1996-10-01,24.1,24.2,23.8,24.0,109506
1996-10-02,24.0,24.3,23.8,24.0,502000
1996-10-03,24.1,24.2,24.0,24.1,229560
1996-10-04,24.3,24.4,24.0,24.2,462233
1996-10-05,24.4,24.9,24.4,24.7,1070327
1996-10-07,25.0,25.9,25.0,25.3,2790000
1996-10-08,25.5,25.5,24.7,24.8,677812
1996-10-09,24.8,24.8,24.5,24.5,656500
1996-10-11,24.5,24.8,24.4,24.5,541240
1996-10-12,24.5,25.1,24.5,24.7,860900
1996-10-14,24.8,24.9,24.0,24.0,657000
1996-10-15,24.3,24.4,24.1,24.2,364600
1996-10-16,24.3,24.3,24.0,24.0,393500
1996-10-17,23.8,23.9,23.7,23.7,310300
1996-10-18,23.8,23.9,23.5,23.5,478410
1996-10-19,23.7,23.7,23.4,23.7,188900
1996-10-21,23.8,23.8,23.5,23.5,305000
1996-10-22,23.5,24.0,23.5,23.5,712700
1996-10-23,23.6,23.7,23.5,23.7,319400
1996-10-24,23.8,23.8,23.5,23.6,111829
1996-10-28,23.7,24.0,23.7,23.9,419000
1996-10-29,23.8,23.9,23.6,23.6,132400
1996-10-30,23.9,23.9,23.5,23.5,359000
1996-11-01,23.8,23.8,23.6,23.7,175000
1996-11-02,24.2,24.2,23.7,23.9,399300
1996-11-04,24.0,24.0,23.7,23.7,202000
1996-11-05,23.8,24.0,23.7,23.9,282900
1996-11-06,23.9,23.9,23.7,23.8,223920
1996-11-07,23.8,24.2,23.7,23.9,621656
1996-11-08,24.0,24.0,23.7,23.7,167872
1996-11-09,23.9,23.9,23.7,23.7,165133
1996-11-11,23.8,23.9,23.7,23.8,159000
1996-11-13,23.7,23.9,23.7,23.8,208201
1996-11-14,23.8,23.9,23.7,23.7,285010
1996-11-15,23.8,23.9,23.7,23.8,264850
1996-11-16,23.8,23.9,23.7,23.8,140076
1996-11-18,23.8,24.0,23.8,23.9,226000
1996-11-19,24.0,24.3,24.0,24.1,1021686
1996-11-20,24.2,24.8,24.2,24.4,731042
1996-11-21,24.4,24.4,24.0,24.1,376001
1996-11-22,24.2,24.5,24.0,24.1,401000
1996-11-23,24.2,24.4,24.0,24.1,835054
1996-11-25,24.2,24.8,24.1,24.8,1175000
1996-11-26,24.9,25.7,24.9,25.2,2825000
1996-11-27,25.4,25.4,24.6,24.8,1274042
1996-11-28,24.5,24.7,24.2,24.4,736010
1996-11-29,24.5,24.7,24.3,24.3,615000
1996-11-30,24.3,24.6,24.3,24.5,212648
1996-12-02,24.7,25.2,24.7,25.1,1140000
1996-12-03,25.3,25.4,24.7,24.8,1178000
1996-12-04,24.9,25.8,24.9,25.6,1737017
1996-12-05,25.9,25.9,25.1,25.4,952954
1996-12-06,25.4,25.4,24.9,25.0,412046
1996-12-07,25.0,25.1,24.9,25.1,289000
1996-12-09,25.2,25.5,25.2,25.3,495000
1996-12-10,25.4,25.5,25.2,25.5,1233002
1996-12-11,25.6,25.6,25.1,25.3,462000
1996-12-12,25.1,25.3,24.8,24.9,408300
1996-12-13,24.9,25.6,24.8,25.5,1568100
1996-12-14,25.7,26.6,25.7,26.6,2859001
1996-12-16,27.0,27.7,26.9,27.5,3852000
1996-12-17,27.0,27.7,27.0,27.6,2771000
1996-12-18,27.6,29.0,27.4,28.8,5876000
1996-12-19,28.8,29.3,28.5,29.3,2838990
1996-12-20,29.0,29.1,28.5,28.7,2268040
1996-12-21,28.7,30.2,28.7,30.2,1783816
1996-12-23,30.0,30.4,29.8,29.9,2470000
1996-12-24,29.9,30.2,29.6,29.9,1665015
1996-12-26,30.0,30.2,29.9,30.0,1427334
1996-12-27,30.0,30.0,29.6,30.0,1747619
1996-12-28,30.1,31.9,30.1,31.8,3130000
1996-12-30,31.8,33.2,31.0,33.2,4300000
1996-12-31,33.0,34.9,32.8,34.6,5701200
1997-01-04,33.6,34.0,32.3,32.4,4302000
1997-01-06,31.1,32.0,30.9,31.0,3621000
1997-01-07,31.2,31.2,30.3,30.3,5311210
1997-01-08,30.2,30.6,30.0,30.4,2861010
1997-01-09,30.3,30.8,30.0,30.2,1303510
1997-01-10,30.6,30.6,29.9,29.9,2701000
1997-01-11,29.9,30.9,29.6,30.4,5227450
1997-01-13,30.7,30.8,30.0,30.0,2737000
1997-01-14,30.1,30.4,30.0,30.0,1219138
1997-01-15,30.1,30.4,30.0,30.0,1188998
1997-01-16,30.2,30.4,30.1,30.2,1231305
1997-01-17,30.5,30.5,29.5,29.5,1874200
1997-01-18,29.5,29.8,28.8,28.8,1686972
1997-01-20,28.8,29.6,28.5,29.2,3265000
1997-01-21,29.5,29.5,28.7,28.8,1150201
1997-01-22,29.0,29.2,28.5,29.1,1980001
1997-01-23,29.3,30.1,27.8,27.8,7192000
1997-01-24,28.0,28.5,28.0,28.2,1368947
1997-01-25,28.3,28.3,28.0,28.2,598900
1997-01-27,28.4,28.5,28.0,28.0,517000
1997-01-28,28.1,28.3,27.8,27.8,368930
1997-01-29,27.8,28.6,27.8,28.3,944756
1997-01-30,28.5,29.2,28.5,29.2,1667845
1997-01-31,29.2,30.0,29.1,29.4,3402555
1997-02-01,29.5,29.6,29.2,29.2,1287332
1997-02-03,29.4,29.8,29.3,29.7,2059000
1997-02-11,30.0,30.2,29.8,29.9,1590000
1997-02-12,30.0,30.0,29.2,29.5,1143817
1997-02-13,29.7,30.1,29.5,29.7,1949183
1997-02-14,29.9,30.0,29.5,29.6,2126000
1997-02-15,29.7,30.0,29.6,29.6,1308900
1997-02-17,29.9,31.0,29.7,30.7,5998000
1997-02-18,30.5,30.5,29.4,30.1,2825000
1997-02-19,30.3,31.0,30.0,30.1,2511000
1997-02-20,29.3,30.0,29.3,29.5,944690
1997-02-21,29.6,29.9,29.3,29.8,995400
1997-02-22,30.0,30.4,29.7,29.7,1194800
1997-02-24,30.0,31.6,30.0,31.6,2979000
1997-02-25,32.0,32.0,31.0,31.0,4602500
1997-02-26,31.6,32.3,31.0,31.3,6371500
1997-02-27,31.5,32.2,31.4,32.0,3214300
1997-02-28,32.1,32.9,31.6,31.8,5589500
1997-03-01,32.0,32.0,31.1,31.6,1590900
1997-03-03,31.0,31.5,30.3,30.4,1617000
1997-03-04,30.4,30.8,30.4,30.4,1088201
1997-03-05,30.6,31.1,30.5,30.8,2121279
1997-03-06,31.0,31.3,30.5,30.5,2135450
1997-03-07,30.9,31.2,30.7,30.9,1715456
1997-03-08,31.2,31.8,31.2,31.3,3674800
1997-03-10,31.6,31.8,31.3,31.3,2233000
1997-03-11,31.5,31.8,31.3,31.8,2827620
1997-03-12,32.2,32.8,32.0,32.2,5002894
1997-03-13,32.6,34.2,32.5,32.8,9346406
1997-03-14,33.0,33.0,32.0,32.1,2388631
1997-03-15,32.3,32.5,31.5,31.5,1691000
1997-03-17,31.2,31.9,31.2,31.6,1348000
1997-03-18,31.7,32.0,31.7,32.0,1555605
1997-03-19,32.5,32.8,32.0,32.8,3358366
1997-03-20,32.7,33.4,32.4,32.8,4263001
1997-03-21,32.8,34.0,31.3,31.3,4774500
1997-03-22,32.0,32.0,31.3,31.8,1329310
1997-03-24,31.5,32.0,29.7,30.5,1234000
1997-03-25,30.4,31.0,29.5,29.5,778600
1997-03-26,29.5,30.0,29.0,30.0,549475
1997-03-27,30.2,30.5,30.0,30.5,650809
1997-03-28,30.5,30.8,30.0,30.2,575194
1997-03-31,30.0,30.3,29.2,29.2,833900
1997-04-01,29.4,30.2,29.4,30.2,608400
1997-04-02,30.4,30.8,30.3,30.3,1013630
1997-04-03,30.8,31.5,30.5,30.8,1791050
1997-04-07,31.2,31.4,30.6,30.6,1361000
1997-04-08,30.9,31.8,30.9,31.3,4101004
1997-04-09,31.4,31.8,31.3,31.8,2560520
1997-04-10,32.5,33.0,32.0,32.2,5504000
1997-04-11,32.1,32.7,31.5,31.5,2377006
1997-04-12,31.5,31.7,31.0,31.2,1334922
1997-04-14,31.5,32.0,31.1,31.6,2120000
1997-04-15,31.6,32.0,31.5,31.7,2610000
1997-04-16,31.7,32.2,31.7,31.8,3152000
1997-04-17,31.9,31.9,31.2,31.2,2249520
1997-04-18,31.3,31.7,30.6,30.7,2104078
1997-04-19,31.0,31.0,30.2,30.5,1873800
1997-04-21,30.9,30.9,30.4,30.6,2541000
1997-04-22,30.9,31.4,30.7,31.0,2972356
1997-04-23,31.4,31.4,30.9,31.0,2516210
1997-04-24,31.4,31.4,31.0,31.2,2322000
1997-04-25,31.5,31.5,31.2,31.2,2662665
1997-04-26,31.4,31.4,30.8,31.0,2165600
1997-04-28,31.4,31.4,31.0,31.3,2339000
1997-04-29,31.3,31.5,30.5,30.7,2818300
1997-04-30,30.7,30.9,30.0,30.2,2538800
1997-05-02,30.4,30.4,28.6,28.6,2280154
1997-05-03,28.5,29.1,28.5,28.9,1961000
1997-05-05,28.9,29.2,28.3,29.2,2103000
1997-05-06,29.2,29.5,29.0,29.3,2371400
1997-05-07,29.4,29.4,29.1,29.4,2110000
1997-05-08,29.5,29.6,28.4,28.4,1977000
1997-05-09,28.6,28.6,27.8,27.9,2653764
1997-05-10,27.9,28.1,27.4,27.8,1894600
1997-05-12,27.8,27.8,26.2,26.6,1814000
1997-05-13,26.8,26.8,26.0,26.2,1992100
1997-05-14,26.4,27.0,26.2,26.9,2178100
1997-05-15,26.8,26.8,26.2,26.6,1600000
1997-05-16,27.0,27.0,26.6,27.0,1109000
1997-05-17,27.0,27.3,26.7,27.3,1018000
1997-05-19,26.7,27.1,26.7,27.1,543000
1997-05-20,27.1,27.1,26.5,26.7,573140
1997-05-21,26.5,26.8,26.4,26.6,567000
1997-05-22,26.9,27.2,26.6,27.0,795160
1997-05-23,27.2,27.2,26.6,26.7,687000
1997-05-24,27.0,27.0,26.5,26.8,552040
1997-05-26,26.9,27.0,26.5,26.5,488000
1997-05-27,26.4,26.8,26.4,26.5,520127
1997-05-28,26.5,26.5,26.1,26.2,446000
1997-05-29,26.1,26.2,25.3,25.7,595100
1997-05-30,25.5,25.9,25.2,25.2,509873
1997-05-31,25.2,26.1,25.2,25.6,574200
1997-06-02,25.7,26.2,25.7,26.1,668000
1997-06-03,26.4,26.6,26.2,26.3,595100
1997-06-04,26.6,26.7,25.5,25.5,715900
1997-06-05,25.6,25.9,25.4,25.4,518200
1997-06-06,26.0,26.0,25.5,25.5,208300
1997-06-07,25.5,25.9,25.3,25.3,340400
1997-06-10,25.5,25.5,25.0,25.2,334000
1997-06-11,25.3,25.4,25.0,25.0,232914
1997-06-12,25.2,25.2,24.6,24.6,320000
1997-06-13,24.9,24.9,24.6,24.7,245200
1997-06-14,24.7,25.2,24.7,25.0,258000
1997-06-16,25.4,25.4,25.0,25.3,321000
1997-06-17,25.3,25.5,25.0,25.2,257030
1997-06-18,25.2,25.3,24.6,24.8,285000
1997-06-19,24.8,24.9,24.3,24.8,442869
1997-06-20,24.8,24.8,24.5,24.7,380100
1997-06-21,25.0,25.3,24.7,24.7,208000
1997-06-23,25.0,25.0,24.7,24.9,333000
1997-06-24,25.0,25.4,24.9,25.2,760100
1997-06-25,25.2,26.0,25.2,25.6,1787141
1997-06-26,25.6,25.8,24.9,24.9,2500266
1997-06-27,25.0,26.3,25.0,26.1,2586100
1997-06-28,26.1,26.4,26.0,26.1,1170200
1997-06-30,26.1,26.3,26.0,26.2,1597000
1997-07-02,26.4,26.9,26.3,26.8,1233300
1997-07-03,26.8,27.4,26.6,26.8,1990000
1997-07-04,26.8,27.4,26.8,27.4,2937000
1997-07-05,23.4,23.5,22.9,22.9,1452000
1997-07-07,23.2,23.2,22.2,22.4,862000
1997-07-08,22.3,22.4,21.9,22.0,668300
1997-07-09,22.0,22.0,21.4,21.4,570000
1997-07-10,21.4,21.4,21.0,21.3,958000
1997-07-11,21.6,22.0,21.4,21.7,453000
1997-07-12,21.7,21.8,21.4,21.5,432200
1997-07-14,21.4,21.9,20.7,21.6,790000
1997-07-15,21.5,21.6,21.1,21.3,276046
1997-07-16,20.9,21.6,20.6,21.2,822000
1997-07-17,20.8,21.2,20.7,21.0,297050
1997-07-18,21.2,21.3,20.7,20.8,293326
1997-07-19,20.9,21.2,20.8,21.0,216100
1997-07-21,21.4,22.0,20.8,21.5,841000
1997-07-22,21.6,21.6,21.0,21.0,443029
1997-07-23,21.3,21.4,20.7,20.9,230000
1997-07-24,21.0,21.0,20.7,20.9,210490
1997-07-25,20.8,21.0,20.4,20.4,355100
1997-07-26,20.2,20.5,20.1,20.4,169100
1997-07-28,20.1,20.4,20.1,20.3,122000
1997-07-29,20.3,21.0,20.1,20.5,555262
1997-07-30,20.8,21.0,20.5,20.8,490004
1997-07-31,20.9,21.4,20.9,21.0,536100
1997-08-01,21.2,21.3,20.8,20.8,283600
1997-08-02,21.0,21.0,20.4,20.6,171000
1997-08-04,20.6,20.7,20.3,20.4,283000
1997-08-05,20.1,20.4,20.1,20.1,341100
1997-08-06,20.4,20.4,20.0,20.0,196100
1997-08-07,20.0,20.3,20.0,20.1,327100
1997-08-08,20.2,20.6,20.2,20.3,490582
1997-08-09,20.3,20.3,20.0,20.3,219138
1997-08-11,20.3,20.7,20.3,20.5,645000
1997-08-12,20.8,20.9,20.5,20.6,805600
1997-08-13,20.6,20.6,20.1,20.1,480000
1997-08-14,20.3,20.3,19.9,20.0,321100
1997-08-15,20.0,20.0,19.8,19.9,485200
1997-08-16,19.9,19.9,19.6,19.8,447200
1997-08-19,19.8,20.0,19.6,20.0,676000
1997-08-20,20.0,20.0,19.6,19.7,270100
1997-08-21,19.7,19.9,19.5,19.5,364000
1997-08-22,19.5,19.6,19.1,19.3,405501
1997-08-23,19.3,19.4,18.9,18.9,280000
1997-08-25,18.9,19.5,18.8,19.4,778000
1997-08-26,19.5,19.7,19.1,19.7,457010
1997-08-27,19.8,20.2,19.3,19.3,445000
1997-08-28,19.5,19.8,19.3,19.4,155690
1997-08-30,19.3,19.4,19.2,19.3,119000
1997-09-01,19.3,19.3,18.8,18.8,178000
1997-09-02,19.0,19.0,18.2,18.2,299000
1997-09-03,18.7,18.7,18.5,18.6,258000
1997-09-04,18.6,18.6,18.2,18.2,109000
1997-09-05,18.3,18.5,18.2,18.2,159000
1997-09-06,18.3,18.4,18.2,18.3,81000
1997-09-08,18.4,19.1,18.4,18.8,976000
1997-09-09,18.9,19.1,18.7,18.7,462000
1997-09-10,18.8,18.9,18.4,18.4,181100
1997-09-11,18.5,18.7,18.3,18.3,182000
1997-09-12,18.3,18.5,18.2,18.2,192000
1997-09-13,18.4,18.4,18.2,18.3,147972
1997-09-15,18.4,18.4,18.1,18.3,256000
1997-09-17,18.3,18.8,18.1,18.5,559000
1997-09-18,18.5,18.7,18.5,18.5,73100
1997-09-19,18.6,18.7,18.6,18.7,182300
1997-09-20,18.7,18.8,18.5,18.5,147600
1997-09-22,18.5,18.8,18.5,18.6,587000
1997-09-23,18.6,19.2,18.5,18.5,822252
1997-09-24,18.8,18.8,18.5,18.5,116439
1997-09-25,18.8,18.8,18.5,18.6,236200
1997-09-26,18.8,19.7,18.8,18.9,1859400
1997-09-27,19.2,19.2,18.7,18.7,374100
1997-09-30,18.7,19.1,18.7,18.9,440000
1997-10-01,19.0,19.1,18.9,18.9,310000
1997-10-02,18.9,18.9,18.2,18.2,319000
1997-10-03,18.2,18.4,18.0,18.0,176000
1997-10-04,18.0,18.0,17.1,17.5,239405
1997-10-06,17.0,18.2,17.0,18.0,743000
1997-10-07,18.0,18.0,17.3,17.5,370000
1997-10-08,17.3,17.5,17.2,17.3,639000
1997-10-09,17.4,18.0,17.2,17.9,1337618
1997-10-13,17.8,17.8,17.4,17.4,544503
1997-10-14,17.5,17.6,17.2,17.2,365921
1997-10-15,17.2,17.3,16.8,16.9,470888
1997-10-16,16.8,17.2,16.7,17.1,706304
1997-10-17,17.1,17.1,16.5,16.9,461455
1997-10-18,16.3,17.0,16.3,16.5,537304
1997-10-20,16.9,16.9,16.1,16.4,1196000
1997-10-21,17.2,17.3,16.6,17.2,513323
1997-10-22,17.0,17.0,16.5,16.7,363150
1997-10-23,16.9,17.0,16.7,16.8,363487
1997-10-24,16.5,16.8,16.2,16.8,338569
1997-10-27,16.8,16.9,16.6,16.6,194247
1997-10-28,16.2,16.3,15.6,16.3,956755
1997-10-29,16.3,16.5,15.8,16.3,357566
1997-10-30,16.2,16.6,16.0,16.6,541297
1997-11-03,16.7,17.0,16.4,16.8,945397
1997-11-04,16.9,17.5,16.8,17.0,1334261
1997-11-05,17.0,17.0,16.5,16.9,332699
1997-11-06,16.5,16.9,16.5,16.7,454533
1997-11-07,16.7,17.0,16.5,16.5,485752
1997-11-08,16.3,16.5,16.3,16.5,221640
1997-11-10,16.0,16.5,16.0,16.3,311000
1997-11-11,16.2,16.5,16.0,16.4,335678
1997-11-13,16.2,16.3,16.0,16.3,388305
1997-11-14,16.2,16.2,16.0,16.2,200147
1997-11-15,16.1,16.1,16.0,16.1,276057
1997-11-17,16.0,16.2,16.0,16.0,338000
1997-11-18,16.2,16.5,16.0,16.2,249927
1997-11-19,16.3,16.3,16.0,16.2,51382
1997-11-20,16.2,16.3,16.0,16.2,206382
1997-11-21,16.2,16.3,16.0,16.1,180265
1997-11-22,16.1,17.0,16.1,16.9,807652
1997-11-24,17.0,17.0,16.5,16.5,790000
1997-11-25,16.2,16.6,16.2,16.6,323265
1997-11-26,16.8,16.8,16.4,16.6,238546
1997-11-27,16.7,16.8,16.5,16.7,406493
1997-11-28,16.6,16.9,16.6,16.7,578372
1997-12-01,16.2,16.3,16.0,16.3,691173
1997-12-02,16.1,17.1,16.1,16.7,758000
1997-12-03,17.0,17.8,16.8,17.8,2333470
1997-12-04,18.5,18.5,17.6,17.9,2739048
1997-12-05,18.2,18.9,17.9,18.8,4835818
1997-12-06,18.9,19.2,18.8,19.0,3792691
1997-12-08,18.9,19.0,18.5,18.6,1647000
1997-12-09,18.1,18.4,17.8,18.2,1613133
1997-12-10,17.8,18.4,17.8,18.2,1170156
1997-12-11,18.2,18.7,18.2,18.2,2867235
1997-12-12,18.4,18.6,18.3,18.5,5577798
1997-12-13,18.5,19.1,18.4,18.5,4983350
1997-12-15,18.7,18.8,18.2,18.3,1306000
1997-12-16,18.5,18.6,18.0,18.0,858694
1997-12-17,18.2,18.6,18.1,18.2,1620701
1997-12-18,18.3,18.8,18.3,18.3,1992479
1997-12-19,18.4,18.6,18.0,18.1,2217731
1997-12-20,18.1,18.1,17.8,18.1,1105824
1997-12-22,18.0,18.3,17.8,18.0,984000
1997-12-23,18.0,18.2,17.7,17.7,819761
1997-12-24,17.6,17.8,17.5,17.6,504521
1997-12-26,17.7,18.0,17.6,17.8,482900
1997-12-27,17.9,18.4,17.8,17.9,1431464
1997-12-29,18.0,18.1,17.7,17.9,480000
1997-12-30,17.9,18.1,17.8,17.9,365864
1997-12-31,18.2,18.2,17.8,17.8,435746
1998-01-03,17.9,17.9,17.6,17.8,273000
1998-01-05,17.8,18.0,17.7,17.9,429000
1998-01-06,18.0,18.0,17.5,17.5,525469
1998-01-07,17.5,17.7,17.2,17.2,403678
1998-01-08,17.3,17.4,17.0,17.1,644768
1998-01-09,16.8,17.1,16.7,16.9,300300
1998-01-12,16.9,16.9,16.0,16.5,607245
1998-01-13,16.4,16.6,16.3,16.4,691236
1998-01-14,16.5,16.9,16.5,16.9,424000
1998-01-15,17.0,17.0,16.5,16.6,508220
1998-01-16,16.5,16.6,16.4,16.4,257693
1998-01-17,16.6,16.7,16.4,16.5,312195
1998-01-19,16.7,16.7,16.5,16.5,333000
1998-01-20,16.5,16.6,16.3,16.3,411173
1998-01-21,16.3,16.5,16.3,16.3,611075
1998-01-22,16.4,16.6,16.3,16.5,865851
1998-02-02,16.6,16.9,16.6,16.7,698000
1998-02-03,16.9,16.9,16.4,16.5,1232668
1998-02-04,16.6,16.7,16.3,16.3,463539
1998-02-05,16.3,16.5,16.2,16.2,670826
1998-02-06,16.3,16.3,16.0,16.1,910923
1998-02-07,16.2,16.2,16.0,16.2,851450
1998-02-09,16.2,16.4,16.1,16.3,768000
1998-02-10,16.4,16.5,16.1,16.1,415268
1998-02-11,16.2,16.2,16.0,16.1,489664
1998-02-12,16.2,16.2,16.0,16.0,529233
1998-02-13,16.0,16.3,16.0,16.0,709598
1998-02-16,16.1,16.3,16.1,16.2,534737
1998-02-17,16.1,16.2,16.0,16.2,317725
1998-02-18,16.2,16.3,16.1,16.2,342664
1998-02-19,16.3,16.5,16.2,16.3,1246325
1998-02-20,16.5,17.4,16.4,17.4,4156364
1998-02-21,17.7,17.9,17.4,17.7,3655174
1998-02-23,17.8,18.9,17.8,18.8,6525000
1998-02-24,18.9,18.9,17.5,17.9,3921578
1998-02-25,17.8,18.0,17.3,17.5,1266147
1998-02-26,17.5,17.8,17.4,17.8,1588010
1998-02-27,17.9,18.0,17.6,17.6,894042
1998-03-02,18.0,18.2,17.7,17.9,2098373
1998-03-03,18.2,18.3,17.7,17.7,1835741
1998-03-04,17.9,18.2,17.5,17.7,3019550
1998-03-05,18.0,18.0,17.1,17.4,1486750
1998-03-06,17.1,17.5,17.1,17.3,556445
1998-03-07,17.3,17.8,17.3,17.4,1131284
1998-03-09,17.9,18.6,17.9,18.6,4110000
1998-03-10,19.2,19.8,18.9,19.4,13595804
1998-03-11,19.5,20.4,19.2,20.4,12122173
1998-03-12,20.4,21.8,20.4,21.8,9193450
1998-03-13,22.5,23.0,22.0,22.7,11787948
1998-03-16,22.8,22.8,21.5,21.5,5716023
1998-03-17,21.7,22.0,21.3,21.5,4861632
1998-03-18,21.7,23.0,21.7,23.0,24534089
1998-03-19,22.9,22.9,22.1,22.3,6053241
1998-03-20,22.1,22.7,21.8,22.6,5934350
1998-03-21,22.6,22.7,22.0,22.6,12840705
1998-03-23,22.4,22.5,22.0,22.2,8617000
1998-03-24,22.0,22.2,21.2,21.2,3780431
1998-03-25,21.4,21.5,20.3,20.5,5032397
1998-03-26,20.8,21.4,20.5,21.2,4406375
1998-03-27,21.3,22.4,21.2,22.0,7245227
1998-03-30,22.1,22.4,21.2,21.2,1848162
1998-03-31,21.2,22.1,21.2,21.5,2997049
1998-04-01,22.0,22.0,21.4,21.6,2848743
1998-04-02,21.9,21.9,21.6,21.9,1944468
1998-04-03,22.1,23.4,22.0,23.3,14926489
1998-04-04,23.5,23.5,22.8,23.0,4362680
1998-04-07,23.2,23.7,22.8,23.1,5252000
1998-04-08,23.1,23.8,23.1,23.4,6062558
1998-04-09,23.8,23.8,22.0,22.6,3939308
1998-04-10,22.9,22.9,22.3,22.5,1666041
1998-04-13,22.4,22.9,22.3,22.9,1303036
1998-04-14,22.6,22.8,22.0,22.8,1107064
1998-04-15,22.8,22.8,22.5,22.7,796006
1998-04-16,22.8,22.9,22.5,22.8,922074
1998-04-17,22.8,23.4,22.0,22.5,3523300
1998-04-18,22.6,22.8,22.2,22.3,1565436
1998-04-20,22.3,22.5,22.0,22.0,871000
1998-04-21,22.0,22.0,20.5,20.9,1247001
1998-04-22,20.9,21.7,20.9,21.7,1271003
1998-04-23,21.5,21.5,21.0,21.2,409199
1998-04-24,21.2,21.3,20.6,21.3,624101
1998-04-27,21.3,21.4,20.7,20.7,356174
1998-04-28,20.0,20.6,19.5,20.5,834302
1998-04-29,20.8,20.8,20.3,20.3,367020
1998-04-30,20.3,20.6,20.1,20.3,656087
1998-05-02,20.3,20.7,19.8,19.8,329194
1998-05-04,20.0,20.1,19.9,20.0,223000
1998-05-05,20.0,20.5,20.0,20.0,782839
1998-05-06,20.1,20.1,19.8,20.0,487123
1998-05-07,20.2,20.3,20.0,20.1,302002
1998-05-08,20.0,20.2,19.9,20.1,385477
1998-05-11,20.1,20.3,20.0,20.1,295000
1998-05-12,20.2,20.2,20.0,20.0,235002
1998-05-13,20.0,20.1,19.8,19.9,571001
1998-05-14,19.9,20.0,19.7,20.0,236348
1998-05-15,19.8,19.9,19.7,19.9,352000
1998-05-16,19.7,19.8,19.1,19.8,387000
1998-05-18,19.7,20.3,19.5,20.2,385000
1998-05-19,20.3,20.3,19.5,20.1,179088
1998-05-20,19.9,20.0,19.6,19.6,264535
1998-05-21,19.8,20.6,19.7,20.1,387567
1998-05-22,20.1,20.2,19.6,19.8,233037
1998-05-25,20.0,20.4,19.9,20.2,899764
1998-05-26,20.2,20.3,19.8,20.1,347174
1998-05-27,20.0,20.0,19.8,20.0,190000
1998-05-28,19.8,20.0,19.6,19.8,181497
1998-05-29,19.8,19.9,18.6,19.0,690015
1998-06-01,17.7,19.0,17.7,18.8,1308174
1998-06-02,18.4,18.7,17.5,18.2,593000
1998-06-03,18.0,18.2,17.9,17.9,521055
1998-06-04,18.0,18.0,17.1,17.3,347497
1998-06-05,18.0,18.0,17.1,17.3,283000
1998-06-06,17.2,17.8,17.2,17.5,244720
1998-06-08,17.7,17.7,17.3,17.4,209000
1998-06-09,17.5,17.5,17.2,17.2,121261
1998-06-10,17.1,17.2,16.9,16.9,550000
1998-06-11,17.0,17.0,16.5,16.9,816161
1998-06-12,16.8,16.8,16.3,16.8,355000
1998-06-15,16.8,16.8,16.5,16.8,542003
1998-06-16,16.5,17.1,16.5,17.1,454012
1998-06-17,17.2,17.4,17.0,17.1,962070
1998-06-18,17.5,17.9,17.3,17.7,1382309
1998-06-19,17.7,18.7,17.4,17.7,2086018
1998-06-20,17.7,18.2,17.7,18.0,839732
1998-06-22,18.2,18.2,17.8,18.0,688000
1998-06-23,17.5,18.0,17.5,17.6,185134
1998-06-24,17.5,17.8,17.5,17.5,533000
1998-06-25,17.6,18.0,17.6,18.0,819102
1998-06-26,18.1,18.3,17.8,18.0,683600
1998-06-29,18.2,18.2,17.8,18.0,521001
1998-06-30,18.0,18.0,17.8,17.8,85550
1998-07-02,17.9,18.1,17.8,17.8,314298
1998-07-03,18.2,18.2,17.8,17.9,240725
1998-07-04,18.0,18.0,17.8,17.8,125087
1998-07-06,18.0,18.8,18.0,18.3,1247000
1998-07-07,18.7,19.2,18.0,18.4,2030811
1998-07-08,18.7,19.6,18.5,19.6,2376000
1998-07-09,20.0,20.0,18.7,19.1,3915000
1998-07-10,18.7,18.9,18.2,18.2,513000
1998-07-13,18.0,18.4,18.0,18.4,309631
1998-07-14,18.6,18.6,18.2,18.2,278010
1998-07-15,18.2,18.4,18.0,18.0,409155
1998-07-16,18.0,18.2,17.9,18.1,460300
1998-07-17,18.2,18.3,18.0,18.1,329000
1998-07-18,18.4,18.4,18.0,18.0,202000
1998-07-20,16.8,18.7,16.8,18.2,450000
1998-07-21,18.1,18.4,17.8,17.9,519000
1998-07-22,16.3,17.3,16.2,17.0,2217000
1998-07-23,17.3,17.3,16.8,17.0,320000
1998-07-24,17.0,17.3,16.8,16.9,795131
1998-07-27,17.1,17.1,16.6,16.9,243001
1998-07-28,16.9,16.9,16.6,16.7,134000
1998-07-29,16.6,16.6,16.2,16.2,255000
1998-07-30,16.2,16.2,16.0,16.1,325001
1998-07-31,16.5,16.6,16.0,16.2,130000
1998-08-01,16.3,16.5,16.0,16.5,218000
1998-08-03,16.2,16.5,15.9,15.9,150000
1998-08-04,16.1,16.1,16.0,16.1,158764
1998-08-05,16.3,16.3,15.9,16.1,392000
1998-08-06,16.1,16.2,16.0,16.1,82770
1998-08-07,16.1,16.5,16.0,16.4,557500
1998-08-10,16.4,16.4,16.0,16.2,285020
1998-08-11,16.2,16.4,16.1,16.2,220651
1998-08-12,16.1,16.2,16.0,16.1,204100
1998-08-13,16.3,16.3,16.0,16.0,312001
1998-08-14,16.0,16.1,16.0,16.1,196100
1998-08-15,16.3,16.8,16.1,16.3,852045
1998-08-17,16.3,16.4,16.1,16.1,217000
1998-08-18,16.3,16.3,16.0,16.2,418855
1998-08-19,16.3,16.6,16.1,16.1,895300
1998-08-20,16.2,16.2,16.0,16.1,198622
1998-08-21,16.2,16.2,16.0,16.0,283000
1998-08-24,16.0,16.2,15.5,16.0,1078000
1998-08-25,16.0,16.0,15.5,15.9,526010
1998-08-26,16.1,16.1,15.8,16.0,580001
1998-08-27,15.9,16.0,15.6,15.9,338041
1998-08-28,15.8,15.8,15.5,15.7,428022
1998-08-29,15.7,15.8,15.5,15.7,180011
1998-08-31,15.7,16.0,15.5,15.7,568000
1998-09-01,15.5,15.5,15.0,15.3,652115
1998-09-02,15.3,16.1,15.2,16.1,1378724
1998-09-03,16.1,16.1,15.5,15.5,789081
1998-09-04,15.7,16.0,15.5,16.0,908015
1998-09-05,16.1,16.8,15.9,16.8,3069125
1998-09-07,16.7,16.7,16.3,16.4,830000
1998-09-08,16.5,16.6,16.3,16.5,1053345
1998-09-09,16.5,16.5,16.2,16.3,614421
1998-09-10,16.3,16.8,16.2,16.3,1564948
1998-09-11,16.3,17.1,16.3,16.7,5895000
1998-09-14,17.1,17.8,17.1,17.8,6734843
1998-09-15,18.0,18.3,17.3,17.8,4449625
1998-09-16,17.4,18.0,17.4,17.8,2547164
1998-09-17,18.0,18.0,17.4,17.6,1856703
1998-09-18,17.4,18.7,17.3,18.5,5313040
1998-09-19,18.7,18.8,18.0,18.5,3621928
1998-09-21,18.1,18.8,17.5,17.5,1916000
1998-09-22,17.5,18.0,17.4,17.7,1029768
1998-09-23,17.6,17.8,17.0,17.5,1208282
1998-09-24,17.5,17.5,17.1,17.2,709318
1998-09-25,17.1,17.4,16.8,17.1,644690
1998-09-28,17.2,17.4,17.0,17.1,397400
1998-09-29,17.2,17.6,17.0,17.3,1115584
1998-09-30,17.3,17.5,17.0,17.2,450501
1998-10-01,17.0,17.2,16.8,16.9,539046
1998-10-02,16.8,16.8,16.1,16.1,1190439
1998-10-03,16.2,16.9,16.1,16.9,775765
1998-10-06,16.9,17.5,16.6,17.0,1419000
1998-10-07,17.4,17.4,17.1,17.3,594502
1998-10-08,17.4,18.0,17.4,17.9,2084280
1998-10-09,18.0,18.5,17.7,17.8,2266750
1998-10-12,18.0,18.3,17.5,17.5,692945
1998-10-13,17.6,17.7,17.3,17.3,670386
1998-10-14,17.3,17.3,16.8,17.0,527599
1998-10-15,17.0,17.2,16.9,17.0,303264
1998-10-17,17.4,17.5,17.2,17.2,495766
1998-10-19,17.2,17.2,17.0,17.2,170000
1998-10-20,17.3,17.3,17.0,17.0,379666
1998-10-21,17.0,17.4,17.0,17.2,388243
1998-10-22,17.3,17.7,17.2,17.3,413401
1998-10-23,17.1,17.5,17.1,17.3,476092
1998-10-26,17.3,17.8,17.3,17.5,1870165
1998-10-27,17.6,17.8,17.5,17.5,1173809
1998-10-28,17.5,17.6,17.0,17.0,676219
1998-10-29,17.1,17.2,17.0,17.1,258151
1998-10-30,17.1,17.4,17.1,17.2,264672
1998-10-31,17.5,17.5,17.0,17.3,441415
1998-11-02,17.2,17.4,17.1,17.2,632000
1998-11-03,17.1,17.3,16.9,16.9,513132
1998-11-04,16.9,16.9,16.1,16.1,1744279
1998-11-05,16.3,16.3,15.7,15.8,1115225
1998-11-06,15.8,15.8,14.9,15.1,3590869
1998-11-07,14.05,14.6,14.05,14.4,4570050
1998-11-09,14.5,14.75,14.0,14.0,4729000
1998-11-10,13.05,13.85,13.05,13.5,11290045
1998-11-11,12.8,13.2,12.8,13.0,4317901
1998-11-13,13.25,13.35,13.15,13.2,3863437
1998-11-16,13.3,13.75,13.2,13.7,2916160
1998-11-17,13.8,13.9,13.65,13.7,2380500
1998-11-18,13.8,13.8,13.4,13.4,1145475
1998-11-19,13.45,13.8,13.45,13.7,2293972
1998-11-20,13.8,13.9,13.6,13.8,2070615
1998-11-21,13.9,13.9,13.5,13.6,1861045
1998-11-23,13.5,13.8,13.45,13.6,1013000
1998-11-24,13.7,13.75,13.5,13.6,1107233
1998-11-25,13.5,13.5,12.85,12.9,1737581
1998-11-26,12.8,13.55,12.8,13.45,2529388
1998-11-27,13.5,13.65,13.4,13.45,1754520
1998-11-30,13.45,13.45,13.1,13.2,555679
1998-12-01,13.0,13.3,13.0,13.0,567365
1998-12-02,13.1,13.6,13.05,13.6,2172400
1998-12-03,13.85,13.95,13.5,13.5,6923236
1998-12-04,13.6,13.7,13.5,13.6,1525845
1998-12-07,13.9,13.9,13.7,13.85,2007230
1998-12-08,14.0,14.0,13.6,13.75,852000
1998-12-09,13.8,13.8,13.45,13.55,541963
1998-12-10,13.4,13.5,13.3,13.35,608225
1998-12-11,13.2,13.4,13.1,13.25,650000
1998-12-14,13.35,13.45,13.1,13.2,1011632
1998-12-15,13.2,13.4,13.1,13.4,465000
1998-12-16,13.15,13.3,13.1,13.1,703819
1998-12-17,13.0,13.1,12.9,12.95,664638
1998-12-18,13.0,13.05,12.8,12.85,723159
1998-12-19,12.9,12.9,12.1,12.3,1641000
1998-12-21,12.3,12.4,12.15,12.25,401000
1998-12-22,12.3,12.7,12.3,12.6,532643
1998-12-23,12.6,12.65,12.45,12.6,308150
1998-12-24,12.6,12.75,12.45,12.45,505138
1998-12-28,12.4,12.4,12.0,12.1,886974
1998-12-29,12.1,12.1,11.6,11.7,700200
1998-12-30,11.8,11.9,11.4,11.4,757211
1998-12-31,11.5,11.65,11.1,11.2,1276756
1999-01-05,11.2,11.2,10.5,10.8,1054000
1999-01-06,10.5,10.8,10.35,10.8,1048101
1999-01-07,11.4,11.55,10.85,11.55,1033700
1999-01-08,11.8,12.0,11.7,11.8,1641200
1999-01-11,11.8,12.15,11.55,11.55,698100
1999-01-12,11.4,11.55,11.2,11.2,498000
1999-01-13,11.0,11.5,11.0,11.4,664000
1999-01-14,11.3,11.3,11.1,11.2,293000
1999-01-15,11.1,11.6,11.1,11.5,998020
1999-01-16,11.7,11.8,11.3,11.3,759180
1999-01-18,11.3,11.4,11.2,11.25,216000
1999-01-19,11.25,11.3,11.2,11.3,212102
1999-01-20,11.3,11.3,11.15,11.2,284631
1999-01-21,11.25,11.45,11.05,11.05,304000
1999-01-22,11.05,11.15,10.9,11.15,345000
1999-01-25,11.0,11.0,10.65,10.85,254000
1999-01-26,10.9,11.0,10.65,10.8,220100
1999-01-27,10.9,11.25,10.9,11.05,645000
1999-01-28,11.1,11.3,10.9,11.05,531000
1999-01-29,11.0,11.0,10.75,10.85,116000
1999-01-30,11.0,11.0,10.7,10.9,254000
1999-02-01,10.8,10.85,10.65,10.65,402000
1999-02-02,10.65,10.65,10.3,10.35,795500
1999-02-03,10.0,10.35,10.0,10.35,1110088
1999-02-04,10.2,10.3,10.0,10.05,3152602
1999-02-05,10.0,10.3,10.0,10.1,1721001
1999-02-06,10.05,10.65,10.05,10.45,1168600
1999-02-08,10.6,11.0,10.5,10.9,1881000
1999-02-09,10.8,10.8,10.5,10.55,482051
1999-02-10,10.5,10.65,10.4,10.6,671600
1999-02-20,10.8,11.1,10.8,11.1,1354000
1999-02-22,11.2,11.85,11.0,11.85,3079000
1999-02-23,12.05,12.25,11.05,11.7,3081384
1999-02-24,11.6,11.6,11.2,11.4,724213
1999-02-25,11.4,11.7,11.3,11.3,1016421
1999-02-26,11.65,11.65,11.25,11.3,339407
1999-03-01,11.3,11.5,11.3,11.4,422580
1999-03-02,11.45,11.5,11.3,11.5,196195
1999-03-03,11.5,11.6,11.3,11.5,425000
1999-03-04,11.6,11.8,11.55,11.7,1067517
1999-03-05,11.8,12.2,11.7,11.9,2561036
1999-03-06,11.9,12.15,11.75,11.8,1024000
1999-03-08,11.8,11.85,11.5,11.65,438000
1999-03-09,11.55,11.65,11.5,11.6,430926
1999-03-10,11.5,12.2,11.5,12.2,2271721
1999-03-11,12.4,12.45,11.7,11.7,5224900
1999-03-12,11.7,11.7,11.5,11.5,950100
1999-03-15,11.55,11.6,11.4,11.45,321234
1999-03-16,11.4,11.65,11.4,11.6,427082
1999-03-17,11.65,11.9,11.6,11.7,830638
1999-03-18,11.8,11.85,11.65,11.7,848530
1999-03-19,11.9,12.2,11.75,12.0,1990817
1999-03-20,12.3,12.5,12.05,12.1,3431665
1999-03-22,12.15,12.45,12.0,12.05,1701000
1999-03-23,12.3,12.3,12.0,12.1,1914671
1999-03-24,12.0,12.1,11.9,11.9,567174
1999-03-25,11.95,12.2,11.8,12.0,890200
1999-03-26,12.1,12.5,12.1,12.2,4212746
1999-03-29,12.25,12.75,12.2,12.25,5566575
1999-03-30,12.35,12.35,11.9,11.95,1343861
1999-03-31,11.95,12.1,11.85,11.95,762344
1999-04-01,11.95,12.2,11.9,12.1,1396660
1999-04-02,12.3,12.45,12.15,12.3,2560149
1999-04-03,12.5,12.7,12.4,12.45,3484547
1999-04-06,12.6,12.95,12.55,12.7,3391000
1999-04-07,12.85,12.85,12.4,12.5,1279670
1999-04-08,12.5,12.6,12.5,12.5,1152927
1999-04-09,12.5,12.8,12.4,12.4,1134531
1999-04-12,12.35,12.35,12.0,12.05,920211
1999-04-13,12.05,12.2,12.0,12.1,514774
1999-04-14,12.1,12.3,12.0,12.2,918221
1999-04-15,12.3,12.3,12.1,12.3,634583
1999-04-16,12.3,12.5,12.05,12.3,1546407
1999-04-17,12.3,12.75,12.3,12.65,3706016
1999-04-19,12.75,12.9,12.6,12.7,2665000
1999-04-20,12.8,12.8,12.4,12.65,1828193
1999-04-21,12.7,12.95,12.5,12.55,2355104
1999-04-22,12.5,12.6,12.1,12.3,639376
1999-04-23,12.35,12.6,12.35,12.55,872778
1999-04-26,12.6,12.65,12.5,12.6,1260988
1999-04-27,12.8,12.8,12.55,12.65,1323138
1999-04-28,12.65,12.7,12.3,12.3,1174246
1999-04-29,12.4,12.4,12.05,12.05,685640
1999-04-30,12.1,12.2,12.05,12.15,468815
1999-05-03,12.1,12.3,12.1,12.2,673133
1999-05-04,12.25,12.7,12.25,12.7,1531016
1999-05-05,12.9,12.9,12.5,12.6,2292011
1999-05-06,12.7,12.9,12.5,12.6,1291200
1999-05-07,12.6,12.65,12.5,12.55,796000
1999-05-10,12.55,12.65,12.3,12.35,784010
1999-05-11,12.35,12.5,12.2,12.25,877035
1999-05-12,12.3,12.4,12.1,12.2,500369
1999-05-13,12.2,12.2,12.05,12.1,609976
1999-05-14,12.1,12.9,12.1,12.9,2855967
1999-05-15,13.1,13.2,12.3,12.3,9130000
1999-05-17,12.2,12.5,12.1,12.25,2242000
1999-05-18,12.2,12.35,12.1,12.15,523447
1999-05-19,12.15,12.3,12.0,12.0,1059100
1999-05-20,12.1,12.25,12.0,12.1,561635
1999-05-21,12.15,12.2,12.0,12.1,526350
1999-05-24,12.1,12.1,11.55,11.6,611059
1999-05-25,11.5,11.5,11.1,11.3,933260
1999-05-26,11.05,11.3,11.05,11.2,227050
1999-05-27,11.25,11.3,11.2,11.3,361145
1999-05-28,11.2,11.2,10.85,11.1,758500
1999-05-29,11.0,11.1,10.9,10.9,369469
1999-05-31,11.0,11.0,10.6,10.9,366000
1999-06-01,10.8,11.1,10.8,11.1,1465005
1999-06-02,10.9,11.0,10.8,10.85,1741833
1999-06-03,10.85,11.2,10.85,11.15,1770371
1999-06-04,11.0,11.3,11.0,11.1,1557010
1999-06-05,11.0,11.1,11.0,11.0,508693
1999-06-07,11.1,11.1,10.9,10.95,116000
1999-06-08,10.9,11.2,10.8,10.95,530008
1999-06-09,11.15,11.2,11.0,11.1,1241001
1999-06-10,11.2,11.3,11.0,11.0,666000
1999-06-11,11.15,11.15,10.95,11.0,169302
1999-06-14,11.0,11.05,10.8,10.8,881161
1999-06-15,10.9,10.95,10.65,10.75,863022
1999-06-16,10.75,11.0,10.4,10.9,1350793
1999-06-17,10.95,10.95,10.35,10.5,1488945
1999-06-21,10.5,10.9,10.5,10.65,3698000
1999-06-22,10.65,10.65,10.4,10.45,3733000
1999-06-23,10.3,10.5,10.1,10.5,1389000
1999-06-24,10.5,10.6,10.4,10.5,1006003
1999-06-25,10.5,10.5,10.2,10.4,1179561
1999-06-28,10.45,10.5,10.2,10.35,506400
1999-06-29,10.2,10.5,10.2,10.5,591986
1999-06-30,10.5,10.5,10.3,10.5,514010
1999-07-02,10.5,10.5,10.3,10.4,413002
1999-07-03,10.4,10.5,10.4,10.45,331500
1999-07-05,10.5,10.8,10.4,10.7,814000
1999-07-06,10.75,10.9,10.3,10.65,496596
1999-07-07,10.6,10.6,10.35,10.6,365013
1999-07-08,10.55,10.65,10.3,10.65,361000
1999-07-09,10.6,10.65,10.4,10.65,404000
1999-07-12,10.45,10.65,10.45,10.55,253000
1999-07-13,10.6,10.6,10.3,10.55,333303
1999-07-14,10.45,10.5,10.2,10.45,470000
1999-07-15,10.3,10.6,10.2,10.6,351235
1999-07-16,10.55,10.6,10.1,10.1,889276
1999-07-17,10.1,10.3,9.9,10.25,3154525
1999-07-19,10.2,10.2,10.0,10.05,731000
1999-07-20,10.0,10.5,10.0,10.45,646159
1999-07-21,10.45,10.45,10.15,10.3,286000
1999-07-22,10.2,10.2,10.1,10.2,137016
1999-07-23,10.3,10.45,10.1,10.45,393915
1999-07-26,10.45,10.45,10.2,10.35,178000
1999-07-27,10.3,10.3,10.1,10.15,160061
1999-07-28,10.2,10.55,10.0,10.4,1182000
1999-07-29,10.4,10.4,10.1,10.4,311000
1999-07-30,10.3,10.4,10.1,10.4,337010
1999-07-31,10.35,10.35,10.2,10.2,182000
1999-08-02,10.2,10.2,10.1,10.15,99000
1999-08-03,10.1,10.1,10.0,10.0,424100
1999-08-04,10.0,10.15,10.0,10.0,353000
1999-08-05,10.0,10.05,10.0,10.0,975023
1999-08-06,10.0,10.1,10.0,10.0,3207025
1999-08-07,10.0,10.05,9.45,10.0,1485001
1999-08-09,10.0,10.15,9.55,10.15,654000
1999-08-10,10.1,10.15,9.7,10.15,311010
1999-08-11,10.15,10.15,9.8,10.1,191481
1999-08-12,10.1,10.1,9.85,10.1,246000
1999-08-13,10.25,10.4,10.1,10.3,200000
1999-08-16,10.35,10.5,10.15,10.5,472091
1999-08-17,10.5,10.5,10.25,10.5,611001
1999-08-18,10.5,11.0,10.5,10.75,1265102
1999-08-19,10.75,11.0,10.4,10.7,596000
1999-08-20,10.6,10.75,10.5,10.6,227000
1999-08-21,10.6,11.2,10.6,11.0,2099083
1999-08-23,11.0,11.0,10.7,10.95,813000
1999-08-24,10.9,10.95,10.5,10.5,400370
1999-08-25,10.4,10.6,10.3,10.6,302423
1999-08-26,10.4,10.6,10.3,10.55,346055
1999-08-27,10.5,10.55,10.25,10.55,316050
1999-08-30,10.35,10.5,10.25,10.5,162050
1999-08-31,10.2,10.6,10.2,10.45,577350
1999-09-01,10.45,10.55,10.4,10.5,344050
1999-09-02,10.4,10.55,10.35,10.5,186785
1999-09-03,10.5,10.5,10.25,10.25,54050
1999-09-04,10.35,10.45,10.2,10.3,134050
1999-09-06,10.25,10.25,10.1,10.1,82000
1999-09-07,10.1,10.2,10.0,10.05,153098
1999-09-08,10.05,10.1,10.0,10.0,42200
1999-09-09,10.0,10.05,10.0,10.0,32147
1999-09-10,10.1,10.3,10.1,10.3,93050
1999-09-13,10.3,10.5,10.25,10.3,178667
1999-09-14,10.3,10.4,10.2,10.25,75233
1999-09-15,10.3,10.3,10.1,10.1,87050
1999-09-16,10.1,10.2,10.0,10.05,134051
1999-09-17,10.05,10.2,10.0,10.0,55057
1999-09-18,10.05,10.1,10.0,10.1,174530
1999-09-20,10.1,10.1,10.0,10.0,82000
1999-09-27,10.7,10.7,10.7,10.7,887800
1999-09-28,11.4,11.4,11.4,11.4,872138
1999-09-29,11.9,11.9,11.05,11.35,4343304
1999-09-30,11.35,11.5,11.05,11.25,1324261
1999-10-01,11.25,12.0,11.15,11.95,4752000
1999-10-02,12.25,12.75,12.05,12.75,7452000
1999-10-04,13.15,13.6,13.1,13.6,12774000
1999-10-05,13.9,13.9,13.15,13.15,6477239
1999-10-06,12.7,13.0,12.7,12.7,1159611
1999-10-07,12.3,12.5,12.3,12.3,1711157
1999-10-08,11.9,12.85,11.9,12.2,4468057
1999-10-11,12.3,12.4,11.5,11.8,1100000
1999-10-12,11.8,12.0,11.65,12.0,1666364
1999-10-13,12.0,12.2,11.6,11.8,1500255
1999-10-14,11.65,12.3,11.65,11.95,2431000
1999-10-15,11.7,12.05,11.6,11.6,858539
1999-10-16,11.6,11.6,11.25,11.4,626112
1999-10-18,11.2,11.35,11.15,11.25,527000
1999-10-19,11.15,11.45,10.9,11.0,662321
1999-10-20,11.3,11.3,10.9,11.05,483000
1999-10-21,11.15,11.3,10.9,10.9,480000
1999-10-22,11.0,11.65,10.9,11.6,1980319
1999-10-25,11.7,11.7,11.1,11.2,979111
1999-10-26,11.0,11.3,10.9,11.0,605002
1999-10-27,11.0,11.0,10.5,10.9,1201500
1999-10-28,10.6,10.85,10.4,10.4,424790
1999-10-29,10.4,10.7,10.0,10.0,723106
1999-10-30,10.2,10.2,10.0,10.05,601439
1999-11-01,10.05,10.2,10.05,10.1,395000
1999-11-02,10.15,10.3,10.0,10.05,602894
1999-11-03,10.0,10.05,9.35,10.0,2326102
1999-11-04,9.95,10.0,9.5,10.0,1347002
1999-11-05,9.8,10.0,9.7,9.95,482102
1999-11-06,9.95,10.0,9.5,10.0,1127001
1999-11-08,10.0,10.3,10.0,10.25,1728000
1999-11-09,10.25,10.25,10.0,10.0,320902
1999-11-10,10.0,10.2,10.0,10.0,403939
1999-11-11,10.0,10.2,10.0,10.05,225202
1999-11-15,10.0,10.1,10.0,10.0,452302
1999-11-16,10.0,10.1,10.0,10.05,660401
1999-11-17,10.0,10.1,10.0,10.0,747873
1999-11-18,10.0,10.1,10.0,10.0,675101
1999-11-19,9.4,10.05,9.4,10.0,899001
1999-11-20,10.0,10.1,10.0,10.0,842001
1999-11-22,10.0,10.3,10.0,10.2,652000
1999-11-23,10.0,10.2,10.0,10.0,223021
1999-11-24,10.0,10.05,10.0,10.0,782800
1999-11-25,10.0,10.05,10.0,10.0,741020
1999-11-26,10.0,10.05,10.0,10.0,782836
1999-11-29,10.0,10.1,10.0,10.0,442489
1999-11-30,10.05,10.3,10.0,10.2,571826
1999-12-01,10.2,10.2,10.0,10.2,299500
1999-12-02,10.2,10.65,10.0,10.45,1694365
1999-12-03,10.45,10.9,10.45,10.55,1379001
1999-12-04,10.6,10.65,9.9,10.1,1844000
1999-12-06,10.1,10.25,10.0,10.05,390000
1999-12-07,10.0,10.0,10.0,10.0,234030
1999-12-08,10.0,10.05,9.8,10.0,328000
1999-12-09,10.0,10.15,9.8,10.0,320010
1999-12-10,10.05,10.05,9.8,9.9,163001
1999-12-13,9.8,10.15,9.8,10.0,695873
1999-12-14,10.0,10.05,10.0,10.0,664292
1999-12-15,10.0,10.7,10.0,10.7,1354972
1999-12-16,11.4,11.4,11.2,11.4,3196434
1999-12-17,11.55,11.55,10.7,10.7,1492439
1999-12-18,10.7,11.0,10.3,10.3,560817
1999-12-20,10.4,10.5,10.1,10.25,437000
1999-12-21,10.0,10.25,10.0,10.05,395000
1999-12-22,10.1,10.1,9.9,10.0,649890
1999-12-23,10.0,10.1,9.9,10.0,369000
1999-12-24,10.15,10.5,10.05,10.1,442280
1999-12-27,9.4,10.1,9.4,10.0,804330
1999-12-28,9.8,10.1,9.8,10.0,842600
2000-01-04,10.1,10.3,10.0,10.05,472000
2000-01-05,10.0,10.3,10.0,10.0,796601
2000-01-06,10.1,10.5,10.1,10.3,670065
2000-01-07,10.45,10.5,10.2,10.3,603425
2000-01-10,10.4,10.45,10.15,10.15,659700
2000-01-11,10.1,10.3,10.0,10.0,683216
2000-01-12,10.1,10.2,10.1,10.1,357308
2000-01-13,10.1,10.3,10.1,10.25,767761
2000-01-14,10.4,10.85,10.3,10.55,1831396
2000-01-15,10.6,10.9,10.4,10.5,1047000
2000-01-17,10.5,11.2,10.5,11.0,2159000
2000-01-18,11.0,11.2,10.7,10.8,692999
2000-01-19,11.0,11.55,10.9,11.55,2413000
2000-01-20,11.8,11.85,11.05,11.1,2665445
2000-01-21,11.0,11.3,10.9,10.95,797497
2000-01-24,11.0,11.05,10.8,11.0,853800
2000-01-25,11.0,11.3,10.55,10.9,1061484
2000-01-26,10.85,11.2,10.85,11.0,843025
2000-01-27,11.0,11.5,11.0,11.4,1613000
2000-01-28,11.6,11.65,11.3,11.6,1504331
2000-01-29,11.7,12.0,11.3,11.35,1929183
2000-01-31,11.5,11.5,11.1,11.3,685000
2000-02-01,11.4,11.5,11.35,11.4,771110
2000-02-09,11.65,12.0,11.5,11.95,1232000
2000-02-10,11.9,12.35,11.85,12.25,2530498
2000-02-11,12.5,12.6,12.2,12.2,2099001
2000-02-14,12.2,12.6,12.05,12.2,1947000
2000-02-15,12.2,12.5,11.85,11.9,1103296
2000-02-16,11.9,12.4,11.9,12.4,1256300
2000-02-17,12.5,13.2,12.45,13.15,3597000
2000-02-18,13.4,13.45,12.5,12.6,2342001
2000-02-19,12.6,13.0,12.4,13.0,1863041
2000-02-21,13.1,13.35,12.8,13.0,3486000
2000-02-22,13.15,13.25,12.1,12.3,1680940
2000-02-23,12.9,12.9,11.7,11.7,1377252
2000-02-24,11.8,11.95,11.0,11.0,1256926
2000-02-25,11.0,11.05,10.6,10.6,903863
2000-02-29,10.8,10.8,10.5,10.7,632006
2000-03-01,10.8,11.2,10.8,11.1,488023
2000-03-02,11.2,11.3,10.8,10.8,421553
2000-03-03,11.0,11.0,10.8,10.9,225504
2000-03-04,11.05,11.05,10.7,10.7,310111
2000-03-06,10.7,10.7,10.25,10.35,322000
2000-03-07,10.5,10.5,10.3,10.3,343000
2000-03-08,10.45,10.45,10.3,10.4,342921
2000-03-09,10.4,10.65,10.35,10.5,1106755
2000-03-10,10.55,10.6,10.2,10.2,418200
2000-03-13,10.2,10.2,9.5,9.85,995901
2000-03-14,9.4,9.8,9.4,9.7,156001
2000-03-15,9.7,9.75,9.6,9.65,359000
2000-03-16,9.5,9.6,9.3,9.55,335037
2000-03-17,9.55,9.9,9.5,9.7,421000
2000-03-20,9.4,10.35,9.4,10.35,8711202
2000-03-21,10.4,10.8,10.35,10.7,1484483
2000-03-22,10.7,10.8,10.4,10.4,660160
2000-03-23,10.4,10.8,10.4,10.6,1142383
2000-03-24,10.6,10.6,10.25,10.25,529030
2000-03-27,10.5,10.5,10.0,10.4,589355
2000-03-28,10.4,10.5,10.2,10.2,247189
2000-03-29,10.25,10.4,10.05,10.05,418301
2000-03-30,10.4,10.4,10.1,10.1,408653
2000-03-31,10.3,10.3,10.1,10.2,206901
2000-04-01,10.25,10.25,10.1,10.15,220362
2000-04-05,10.25,10.3,10.1,10.25,353000
2000-04-06,10.25,10.5,10.25,10.25,336283
2000-04-07,10.3,10.5,10.25,10.35,827021
2000-04-08,10.4,10.45,10.1,10.1,434865
2000-04-10,10.2,10.2,10.0,10.1,611000
2000-04-11,10.1,10.2,9.95,9.95,534077
2000-04-12,10.1,10.1,9.95,9.95,388180
2000-04-13,10.0,10.05,9.75,9.9,391432
2000-04-14,9.95,9.95,9.8,9.8,156757
2000-04-15,9.7,9.85,9.3,9.3,530105
2000-04-17,9.3,9.5,9.3,9.4,154000
2000-04-18,9.6,9.65,9.45,9.55,102882
2000-04-19,9.6,9.6,9.4,9.4,276113
2000-04-20,9.4,9.5,9.2,9.35,265241
2000-04-21,9.35,9.45,9.35,9.45,201015
2000-04-24,9.55,9.55,9.3,9.3,219003
2000-04-25,9.3,9.3,9.15,9.25,250001
2000-04-26,9.2,9.25,9.0,9.0,314002
2000-04-27,8.8,9.3,8.5,8.7,329012
2000-04-28,8.7,8.75,8.5,8.7,298000
2000-04-29,8.7,8.7,8.5,8.55,435036
2000-05-02,8.65,8.65,8.2,8.2,363000
2000-05-03,8.2,8.2,7.7,8.0,365200
2000-05-04,8.0,8.35,8.0,8.2,338200
2000-05-05,8.3,8.4,8.2,8.35,166025
2000-05-06,8.3,8.3,8.2,8.25,203015
2000-05-08,8.3,8.3,7.95,8.1,212000
2000-05-09,8.05,8.2,8.05,8.2,165210
2000-05-10,8.2,8.25,8.1,8.25,141002
2000-05-11,8.8,8.8,8.8,8.8,843001
2000-05-12,9.05,9.2,9.0,9.15,1440735
2000-05-15,8.9,9.15,8.85,9.1,225065
2000-05-16,9.0,9.0,8.65,8.8,148000
2000-05-17,8.8,9.0,8.8,8.95,267190
2000-05-18,9.0,9.0,8.8,9.0,346000
2000-05-19,9.0,9.15,8.9,9.05,198040
2000-05-20,9.05,9.05,8.8,8.8,166000
2000-05-22,8.8,8.85,8.75,8.8,60000
2000-05-23,8.8,8.9,8.8,8.9,117023
2000-05-24,8.9,8.9,8.7,8.9,88110
2000-05-25,8.9,9.1,8.7,8.7,333005
2000-05-26,8.7,8.95,8.7,8.8,101002
2000-05-29,8.85,8.9,8.8,8.8,53001
2000-05-30,8.85,8.9,8.85,8.85,85000
2000-05-31,8.9,9.0,8.7,8.75,65859
2000-06-01,8.6,8.9,8.6,8.9,105266
2000-06-02,8.8,8.9,8.7,8.7,76001
2000-06-03,8.8,8.8,8.7,8.75,42001
2000-06-05,8.85,8.95,8.75,8.75,20000
2000-06-07,8.65,8.8,8.6,8.75,120100
2000-06-08,8.75,8.75,8.5,8.55,168085
2000-06-09,8.6,8.6,8.3,8.35,129572
2000-06-12,8.4,8.4,8.2,8.2,75420
2000-06-13,8.2,8.2,8.0,8.0,83346
2000-06-14,8.0,8.0,7.9,8.0,390006
2000-06-15,8.1,8.1,7.85,8.0,80006
2000-06-16,8.0,8.0,7.65,8.0,130036
2000-06-17,7.95,8.0,7.8,8.0,80570
2000-06-19,7.9,8.0,7.8,8.0,40000
2000-06-20,8.0,8.0,7.9,8.0,93000
2000-06-21,8.0,8.0,7.9,8.0,138000
2000-06-22,7.8,8.0,7.8,8.0,131000
2000-06-23,7.8,8.0,7.8,8.0,82005
2000-06-26,7.75,7.95,7.75,7.95,83101
2000-06-27,7.95,7.95,7.8,7.95,125001
2000-06-28,7.95,7.95,7.7,7.95,169207
2000-06-29,7.9,7.95,7.7,7.9,169333
2000-06-30,7.7,7.9,7.7,7.9,141027
2000-07-03,8.1,8.45,8.1,8.2,539000
2000-07-04,8.2,8.3,8.0,8.15,189451
2000-07-05,8.0,8.15,7.8,8.0,114003
2000-07-06,7.95,8.0,7.9,8.0,30746
2000-07-07,8.0,8.0,7.85,8.0,104003
2000-07-10,7.9,8.0,7.9,8.0,47003
2000-07-11,8.0,8.0,7.85,7.9,43010
2000-07-12,7.9,7.9,7.45,7.75,142001
2000-07-13,7.75,7.9,7.45,7.9,83003
2000-07-14,7.85,8.0,7.65,7.95,345002
2000-07-15,7.9,7.9,7.75,7.85,108003
2000-07-17,8.0,8.1,7.8,8.1,191000
2000-07-18,8.1,8.1,7.8,7.95,96102
2000-07-19,7.7,7.9,7.7,7.9,104062
2000-07-20,7.85,7.95,7.7,7.85,177002
2000-07-21,7.85,7.9,7.75,7.9,41240
2000-07-24,7.75,7.9,7.7,7.85,111001
2000-07-25,7.85,7.85,7.5,7.85,88002
2000-07-26,7.75,7.9,7.75,7.85,115053
2000-07-27,7.8,7.85,7.65,7.85,98000
2000-07-28,7.8,8.0,7.75,8.0,161001
2000-07-29,7.8,8.15,7.8,8.0,247001
2000-07-31,8.0,8.2,8.0,8.15,571000
2000-08-01,8.15,8.15,7.85,8.0,181000
2000-08-02,8.0,8.0,7.85,7.95,128000
2000-08-03,8.05,8.15,7.9,7.95,167011
2000-08-04,7.95,8.1,7.9,8.0,126950
2000-08-05,8.05,8.05,7.9,8.0,74003
2000-08-07,8.0,8.0,7.8,7.95,167000
2000-08-08,7.95,7.95,7.85,7.9,93020
2000-08-09,7.95,7.95,7.85,7.9,140000
2000-08-10,8.0,8.0,7.8,7.9,48040
2000-08-11,7.8,8.0,7.8,7.9,65001
2000-08-14,7.95,7.95,7.7,7.9,97010
2000-08-15,7.8,7.9,7.7,7.9,33756
2000-08-16,7.9,7.9,7.75,7.85,80000
2000-08-17,7.85,7.85,7.6,7.85,294003
2000-08-18,7.85,7.85,7.7,7.85,147002
2000-08-19,7.8,7.85,7.7,7.85,175000
2000-08-21,7.8,7.85,7.7,7.85,312000
2000-08-22,7.85,7.85,7.75,7.8,137000
2000-08-24,7.6,7.7,7.35,7.65,358000
2000-08-25,7.6,7.6,7.2,7.35,201350
2000-08-28,7.2,7.35,6.85,7.35,877000
2000-08-29,7.2,7.3,7.2,7.3,437002
2000-08-30,7.15,7.2,6.8,6.95,180020
2000-08-31,6.55,6.9,6.5,6.9,580000
2000-09-01,6.7,6.7,6.45,6.5,157050
2000-09-02,6.5,6.7,6.2,6.6,209020
2000-09-04,6.5,6.85,6.5,6.65,168000
2000-09-05,6.2,6.4,6.2,6.25,244034
2000-09-06,6.2,6.45,5.9,6.45,655171
2000-09-07,6.05,6.2,6.05,6.15,15401
2000-09-08,6.1,6.2,6.0,6.2,69050
2000-09-11,6.1,6.25,6.05,6.25,28360
2000-09-13,6.15,6.15,5.9,6.0,44473
2000-09-14,6.0,6.1,5.75,6.1,90400
2000-09-15,6.0,6.0,5.8,6.0,102201
2000-09-16,5.8,5.95,5.65,5.95,217444
2000-09-18,5.65,5.65,5.55,5.55,225000
2000-09-19,5.2,5.3,5.2,5.25,617000
2000-09-20,5.15,5.25,5.05,5.25,700449
2000-09-21,5.6,5.6,5.25,5.6,366326
2000-09-22,5.45,5.65,5.4,5.4,185100
2000-09-25,5.5,5.5,5.25,5.5,254086
2000-09-26,5.45,5.45,5.35,5.4,100000
2000-09-27,5.45,5.5,5.3,5.45,157000
2000-09-28,5.35,5.45,5.35,5.4,78072
2000-09-29,5.4,5.45,5.3,5.45,96200
2000-09-30,5.3,5.4,5.1,5.4,216000
2000-10-02,5.1,5.4,5.1,5.4,125000
2000-10-03,5.35,5.55,5.2,5.45,353336
2000-10-04,5.3,5.8,5.3,5.8,749225
2000-10-05,5.75,6.2,5.7,6.0,1261295
2000-10-06,6.0,6.15,5.9,6.15,197795
2000-10-07,6.05,6.55,5.95,6.4,1164000
2000-10-09,6.25,6.55,6.2,6.2,219000
2000-10-11,6.0,6.6,6.0,6.35,616000
2000-10-12,6.3,6.75,6.25,6.35,545238
2000-10-13,6.2,6.25,6.0,6.25,79315
2000-10-16,6.4,6.65,6.25,6.25,166201
2000-10-17,6.2,6.65,6.2,6.65,694004
2000-10-18,6.9,6.9,6.35,6.35,343563
2000-10-19,6.1,6.5,5.95,5.95,414681
2000-10-20,6.3,6.35,5.9,6.35,400002
2000-10-21,6.15,6.75,6.15,6.75,529492
2000-10-23,6.75,7.2,6.7,7.2,603000
2000-10-24,7.5,7.7,7.2,7.25,541079
2000-10-25,7.25,7.25,7.1,7.1,90739
2000-10-26,7.0,7.05,6.95,7.0,120000
2000-10-27,6.8,7.0,6.8,6.85,99110
2000-10-30,6.65,6.85,6.65,6.7,571391
2000-10-31,6.5,7.15,6.5,6.7,691100
2000-11-01,6.55,6.7,6.55,6.6,108001
2000-11-02,6.5,6.6,6.4,6.55,167250
2000-11-03,6.45,6.55,6.35,6.45,277000
2000-11-04,6.45,6.45,6.25,6.25,223100
2000-11-06,6.1,6.2,6.05,6.2,163000
2000-11-07,6.25,6.3,6.2,6.2,94750
2000-11-08,6.1,6.4,6.1,6.35,33004
2000-11-09,6.35,6.45,6.1,6.2,33010
2000-11-10,6.1,6.2,6.0,6.1,99121
2000-11-13,6.0,6.0,5.8,5.9,50287
2000-11-14,5.8,5.8,5.8,5.8,19250
2000-11-15,6.0,6.0,5.8,5.85,22237
2000-11-16,5.85,6.0,5.45,5.6,75000
2000-11-17,5.6,5.6,5.25,5.4,587003
2000-11-18,5.05,5.1,5.05,5.1,171010
2000-11-20,4.75,4.8,4.75,4.79,281000
2000-11-21,4.65,4.76,4.63,4.76,190924
2000-11-22,4.62,4.9,4.6,4.87,144000
2000-11-23,4.7,4.94,4.7,4.94,347993
2000-11-24,4.94,5.05,4.94,5.0,166184
2000-11-27,5.0,5.35,5.0,5.3,122050
2000-11-28,5.3,5.3,5.15,5.2,120002
2000-11-29,5.05,5.3,5.05,5.3,45139
2000-11-30,5.25,5.3,5.15,5.3,134001
2000-12-01,5.15,5.6,5.15,5.6,204000
2000-12-02,5.45,5.6,5.45,5.6,141700
2000-12-04,5.55,5.6,5.5,5.55,7000
2000-12-05,5.4,5.55,5.4,5.55,13000
2000-12-06,5.4,5.55,5.4,5.55,70000
2000-12-07,5.4,5.5,5.4,5.5,72914
2000-12-08,5.35,5.5,5.35,5.5,176498
2000-12-11,5.5,5.5,5.4,5.4,11002
2000-12-12,5.45,5.45,5.45,5.45,7952
2000-12-13,5.5,5.75,5.5,5.7,51000
2000-12-14,5.55,6.0,5.55,6.0,336149
2000-12-15,5.9,6.0,5.8,6.0,108101
2000-12-16,5.85,5.85,5.8,5.85,42535
2000-12-18,5.65,5.65,5.65,5.65,64000
2000-12-19,5.5,6.0,5.5,6.0,151432
2000-12-20,6.0,6.0,5.8,5.9,138530
2000-12-21,5.7,5.7,5.7,5.7,7102
2000-12-22,5.55,5.7,5.55,5.7,15150
2000-12-26,5.8,5.9,5.8,5.8,17000
2000-12-27,5.6,5.75,5.6,5.75,911106
2000-12-28,5.55,5.6,5.55,5.6,493000
2000-12-29,5.5,5.7,5.45,5.7,45000
2000-12-30,5.55,5.7,5.55,5.7,111000
2001-01-02,5.85,5.85,5.75,5.8,68000
2001-01-03,5.8,5.9,5.4,5.9,56002
2001-01-04,5.9,6.0,5.7,5.95,92948
2001-01-05,5.95,5.95,5.7,5.9,52000
2001-01-08,5.9,6.3,5.8,6.3,177007
2001-01-09,6.3,6.35,6.1,6.25,141145
2001-01-10,6.15,6.25,6.1,6.2,49000
2001-01-11,6.2,6.5,6.2,6.3,191144
2001-01-12,6.1,6.3,6.0,6.1,188000
2001-01-15,6.05,6.05,5.9,5.9,58000
2001-01-16,6.05,6.1,6.0,6.1,77124
2001-01-17,6.1,6.2,5.9,6.0,77260
2001-01-18,6.0,6.2,6.0,6.1,384000
2001-01-29,6.3,6.3,6.1,6.15,231000
2001-01-30,6.15,6.2,6.0,6.1,752003
2001-01-31,6.1,6.2,6.05,6.2,54000
2001-02-01,6.25,6.25,6.0,6.1,184679
2001-02-02,6.2,6.35,6.15,6.25,622017
2001-02-05,6.5,6.5,6.15,6.3,1037463
2001-02-06,6.35,6.5,6.3,6.4,1328075
2001-02-07,6.3,6.3,6.15,6.15,1093960
2001-02-08,6.15,6.25,6.05,6.15,1146000
2001-02-09,6.1,6.35,6.1,6.3,1190002
2001-02-12,6.4,6.5,6.25,6.25,137000
2001-02-13,6.3,6.4,6.2,6.3,69750
2001-02-14,6.3,6.4,6.1,6.2,112000
2001-02-15,6.2,6.35,6.15,6.2,156765
2001-02-16,6.35,6.35,6.25,6.25,72005
2001-02-19,6.1,6.2,6.05,6.2,156468
2001-02-20,6.2,6.6,6.2,6.6,434602
2001-02-21,6.6,6.6,6.25,6.35,254900
2001-02-22,6.3,6.4,6.05,6.15,325002
2001-02-23,6.25,6.25,6.1,6.25,136100
2001-02-26,6.25,6.25,6.15,6.15,71000
2001-02-27,6.25,6.25,6.1,6.25,45999
2001-03-01,6.1,6.1,5.85,5.9,197692
2001-03-02,5.9,6.0,5.9,6.0,527741
2001-03-05,5.85,5.95,5.85,5.95,570800
2001-03-06,6.0,6.0,5.9,5.9,539744
2001-03-07,5.95,6.0,5.55,5.8,792001
2001-03-08,5.95,6.1,5.8,6.0,939000
2001-03-09,6.0,6.2,6.0,6.05,848002
2001-03-12,6.15,6.15,5.85,5.95,878386
2001-03-13,5.95,5.95,5.65,5.65,883786
2001-03-14,5.7,5.85,5.7,5.7,510002
2001-03-15,5.7,5.85,5.7,5.75,961959
2001-03-16,5.75,5.9,5.7,5.9,519451
2001-03-19,5.85,5.9,5.7,5.8,20000
2001-03-20,5.8,5.85,5.7,5.85,106004
2001-03-21,5.8,5.8,5.7,5.75,49001
2001-03-22,5.7,5.85,5.7,5.85,528008
2001-03-23,5.75,5.9,5.75,5.85,520110
2001-03-26,5.7,5.9,5.7,5.85,308000
2001-03-27,5.85,5.85,5.6,5.85,49351
2001-03-28,5.7,5.8,5.7,5.8,80000
2001-03-29,5.7,5.9,5.7,5.9,119875
2001-03-30,5.9,5.9,5.7,5.7,101497
2001-04-02,5.7,5.7,5.6,5.65,98060
2001-04-03,5.6,5.6,5.5,5.6,949005
2001-04-04,5.5,5.6,5.5,5.5,523003
2001-04-06,5.6,5.7,5.45,5.5,969006
2001-04-09,5.4,5.5,5.3,5.4,979005
2001-04-10,5.4,5.4,5.25,5.3,1216025
2001-04-11,5.3,5.45,5.2,5.35,997072
2001-04-12,5.1,5.3,5.1,5.3,14753
2001-04-13,5.15,5.4,5.15,5.4,66775
2001-04-16,5.25,5.4,5.2,5.4,37063
2001-04-17,5.4,5.45,5.35,5.4,488965
2001-04-18,5.35,5.35,5.35,5.35,435005
2001-04-19,5.2,5.35,5.1,5.35,271051
2001-04-20,5.2,5.3,5.2,5.25,34010
2001-04-23,5.1,5.1,5.0,5.1,158002
2001-04-24,5.0,5.1,5.0,5.1,129001
2001-04-25,5.05,5.1,5.0,5.1,125323
2001-04-26,5.05,5.1,5.0,5.0,29001
2001-04-27,5.0,5.0,5.0,5.0,425676
2001-04-30,4.8,5.0,4.7,5.0,341976
2001-05-02,4.81,4.87,4.75,4.87,45002
2001-05-03,4.85,4.87,4.85,4.87,550002
2001-05-04,4.85,4.85,4.6,4.64,508000
2001-05-07,4.6,4.6,4.36,4.54,153000
2001-05-08,4.52,4.52,4.45,4.5,87102
2001-05-09,4.48,4.6,4.46,4.54,847023
2001-05-10,4.45,4.6,4.45,4.6,10581
2001-05-11,4.6,4.6,4.48,4.5,44004
2001-05-14,4.38,4.6,4.38,4.6,24005
2001-05-15,4.5,4.5,4.5,4.5,21002
2001-05-16,4.6,4.6,4.57,4.57,78006
2001-05-17,4.31,4.6,4.31,4.5,62013
2001-05-18,4.4,4.49,4.31,4.49,122004
2001-05-21,4.5,4.5,4.42,4.5,125000
2001-05-22,4.5,4.6,4.35,4.6,114002
2001-05-23,4.59,4.6,4.52,4.6,164011
2001-05-24,4.6,4.65,4.59,4.65,99041
2001-05-25,4.65,4.69,4.58,4.69,97005
2001-05-28,4.75,4.75,4.75,4.75,9232
2001-05-29,4.74,4.74,4.6,4.7,68386
2001-05-30,4.69,4.69,4.46,4.68,41001
2001-05-31,4.61,4.7,4.61,4.7,10022
2001-06-01,4.69,4.73,4.68,4.73,53011
2001-06-04,4.73,4.73,4.66,4.7,52002
2001-06-05,4.68,4.7,4.6,4.7,47015
2001-06-06,4.61,4.72,4.61,4.71,58013
2001-06-07,4.8,4.8,4.62,4.73,54010
2001-06-08,4.79,4.79,4.77,4.77,8002
2001-06-11,4.81,4.81,4.65,4.8,31000
2001-06-12,4.65,4.75,4.65,4.75,34421
2001-06-13,4.61,4.84,4.59,4.75,94301
2001-06-14,4.7,4.74,4.65,4.74,83303
2001-06-15,4.75,4.75,4.69,4.74,44001
2001-06-18,4.68,4.74,4.66,4.73,119001
2001-06-19,4.7,4.72,4.7,4.72,65195
2001-06-20,4.65,4.72,4.65,4.7,63912
2001-06-21,4.5,4.69,4.5,4.69,7000
2001-06-22,4.6,4.7,4.6,4.7,16000
2001-06-26,4.68,4.68,4.54,4.68,18002
2001-06-27,4.6,4.65,4.5,4.65,87002
2001-06-28,4.65,4.65,4.65,4.65,1002
2001-06-29,4.33,4.69,4.33,4.65,52001
2001-07-02,4.6,4.65,4.6,4.65,20254
2001-07-03,4.41,4.62,4.37,4.6,68676
2001-07-04,4.4,4.6,4.4,4.6,43001
2001-07-05,4.5,4.59,4.5,4.59,97002
2001-07-06,4.57,4.58,4.57,4.58,40018
2001-07-09,4.57,4.58,4.57,4.58,10
2001-07-10,4.58,4.62,4.41,4.62,76003
2001-07-11,4.64,4.64,4.44,4.63,60010
2001-07-12,4.64,4.64,4.44,4.63,1
2001-07-13,4.59,4.6,4.59,4.6,32010
2001-07-16,4.5,4.58,4.5,4.58,42002
2001-07-17,4.5,4.56,4.5,4.56,31006
2001-07-18,4.62,4.64,4.55,4.59,56000
2001-07-19,4.42,4.6,4.35,4.58,99016
2001-07-20,4.35,4.58,4.35,4.58,48022
2001-07-23,4.57,4.58,4.55,4.58,44000
2001-07-24,4.36,4.58,4.36,4.58,62002
2001-07-25,4.53,4.58,4.53,4.58,60000
2001-07-26,4.57,4.58,4.49,4.58,107001
2001-07-27,4.5,4.58,4.5,4.58,22025
2001-07-31,4.57,4.57,4.47,4.56,73006
2001-08-01,4.57,4.57,4.47,4.56,2
2001-08-02,4.44,4.55,4.36,4.55,131001
2001-08-03,4.49,4.54,4.46,4.54,80085
2001-08-06,4.47,4.56,4.41,4.56,63302
2001-08-07,4.42,4.56,4.42,4.56,46336
2001-08-08,4.59,4.59,4.5,4.56,46003
2001-08-09,4.56,4.56,4.52,4.55,34439
2001-08-10,4.55,4.55,4.5,4.55,33004
2001-08-13,4.59,4.62,4.55,4.62,52351
2001-08-14,4.65,4.65,4.5,4.59,37360
2001-08-15,4.59,4.6,4.54,4.6,79401
2001-08-16,4.65,4.8,4.63,4.68,100020
2001-08-17,4.76,4.8,4.72,4.73,112000
2001-08-20,4.73,4.73,4.56,4.69,65146
2001-08-21,4.63,4.69,4.58,4.67,88000
2001-08-22,4.63,4.75,4.63,4.73,69000
2001-08-23,4.66,4.86,4.66,4.82,82700
2001-08-24,4.82,5.15,4.82,4.82,424463
2001-08-27,4.78,4.82,4.6,4.7,103050
2001-08-28,4.71,4.72,4.62,4.7,22000
2001-08-29,4.51,4.9,4.51,4.85,78000
2001-08-30,4.9,5.15,4.9,5.1,309253
2001-08-31,5.2,5.2,4.9,5.15,50001
2001-09-03,5.15,5.15,4.9,5.0,41001
2001-09-04,4.9,4.99,4.75,4.99,72572
2001-09-05,4.85,5.05,4.85,4.99,71002
2001-09-06,4.99,4.99,4.87,4.99,57002
2001-09-07,4.9,4.98,4.9,4.98,46869
2001-09-10,4.9,4.98,4.9,4.98,3
2001-09-11,4.93,4.96,4.93,4.96,22000
2001-09-13,4.62,4.8,4.62,4.71,61002
2001-09-14,4.6,4.6,4.41,4.58,73003
2001-09-19,4.5,4.88,4.5,4.88,69000
2001-09-20,4.99,5.05,4.71,4.87,152038
2001-09-21,4.7,4.8,4.7,4.8,62000
2001-09-24,4.47,4.6,4.47,4.6,89000
2001-09-25,4.6,4.6,4.42,4.6,28000
2001-09-26,4.58,4.58,4.5,4.58,57000
2001-09-27,4.44,4.52,4.41,4.52,40000
2001-09-28,4.5,4.51,4.48,4.51,75000
2001-10-02,4.48,4.51,4.47,4.51,40000
2001-10-03,4.5,4.5,4.35,4.45,145000
2001-10-04,4.45,4.54,4.45,4.54,18975
2001-10-05,4.52,4.52,4.35,4.5,87000
2001-10-08,4.5,4.5,4.32,4.48,100009
2001-10-09,4.47,4.5,4.47,4.5,26000
2001-10-11,4.5,4.5,4.4,4.5,113000
2001-10-12,4.48,4.5,4.48,4.5,26000
2001-10-15,4.5,4.5,4.49,4.5,90050
2001-10-16,4.4,4.5,4.36,4.5,41007
2001-10-17,4.5,4.5,4.44,4.5,158200
2001-10-18,4.4,4.5,4.4,4.48,41125
2001-10-19,4.38,4.49,4.36,4.45,99202
2001-10-22,4.36,4.5,4.35,4.5,62219
2001-10-23,4.36,4.5,4.36,4.5,58370
2001-10-24,4.43,4.5,4.43,4.5,37001
2001-10-25,4.48,4.5,4.48,4.49,40500
2001-10-26,4.47,4.47,4.41,4.47,89001
2001-10-29,4.4,4.49,4.35,4.49,58004
2001-10-30,4.37,4.48,4.37,4.48,27000
2001-10-31,4.4,4.47,4.32,4.47,52000
2001-11-01,4.45,4.47,4.36,4.47,28000
2001-11-02,4.37,4.48,4.37,4.48,29138
2001-11-05,4.47,4.5,4.38,4.5,23000
2001-11-06,4.4,4.5,4.4,4.5,30000
2001-11-07,4.41,4.5,4.41,4.43,26000
2001-11-08,4.39,4.5,4.39,4.45,65000
2001-11-09,4.4,4.54,4.39,4.54,50000
2001-11-12,4.47,4.54,4.41,4.54,55720
2001-11-13,4.42,4.6,4.42,4.6,70883
2001-11-14,4.46,4.58,4.46,4.53,45109
2001-11-15,4.42,4.57,4.42,4.57,47000
2001-11-16,4.55,4.57,4.46,4.57,61000
2001-11-19,4.42,4.57,4.42,4.57,54000
2001-11-20,4.5,4.56,4.5,4.56,52880
2001-11-21,4.55,4.55,4.45,4.55,117011
2001-11-22,4.5,4.55,4.46,4.55,59020
2001-11-23,4.46,4.65,4.46,4.65,41070
2001-11-26,4.51,4.6,4.51,4.6,34000
2001-11-27,4.55,4.55,4.51,4.51,18000
2001-11-28,4.48,4.56,4.48,4.56,47900
2001-11-29,4.55,4.59,4.54,4.59,35000
2001-11-30,4.49,4.61,4.46,4.61,65001
2001-12-03,4.57,4.62,4.52,4.62,48000
2001-12-04,4.62,4.62,4.55,4.62,9000
2001-12-05,4.51,4.62,4.51,4.62,51015
2001-12-06,4.52,4.75,4.52,4.75,97000
2001-12-07,4.8,4.87,4.8,4.87,101000
2001-12-10,4.62,5.2,4.62,5.2,223002
2001-12-11,5.2,5.2,4.9,4.9,167810
2001-12-12,4.88,5.15,4.88,5.1,167833
2001-12-13,5.15,5.2,5.1,5.1,1744011
2001-12-14,5.1,5.1,4.91,5.1,83008
2001-12-17,5.0,5.4,5.0,5.4,4656500
2001-12-18,5.75,5.75,5.6,5.65,583001
2001-12-19,5.45,5.6,5.3,5.5,2203001
2001-12-20,5.15,5.5,5.15,5.5,105003
2001-12-21,5.3,5.3,5.15,5.2,4103005
2001-12-24,5.15,5.3,5.15,5.15,38000
2001-12-25,5.1,5.25,5.1,5.15,22003
2001-12-26,5.2,5.3,5.15,5.3,32155
2001-12-27,5.3,5.55,5.15,5.55,97002
2001-12-28,5.3,5.6,5.25,5.6,91001
2001-12-31,5.6,5.95,5.3,5.95,558006
2002-01-02,5.85,5.85,5.65,5.7,25000
2002-01-03,5.7,5.8,5.7,5.7,7771
2002-01-04,5.7,5.8,5.5,5.55,15245
2002-01-07,5.5,5.55,5.5,5.55,47100
2002-01-08,5.5,5.85,5.3,5.5,77010
2002-01-09,5.4,5.4,5.3,5.35,80695
2002-01-10,5.4,5.4,5.3,5.4,28962
2002-01-11,5.4,5.45,5.3,5.45,34000
2002-01-14,5.2,5.45,5.15,5.45,60000
2002-01-15,5.25,5.45,5.2,5.45,65000
2002-01-16,5.35,5.35,5.2,5.25,90016
2002-01-17,5.2,5.45,5.1,5.45,83010
2002-01-18,5.3,5.45,5.2,5.45,64000
2002-01-21,5.3,5.35,5.25,5.35,21250
2002-01-22,5.15,5.35,5.1,5.25,116002
2002-01-23,5.1,5.2,5.1,5.15,196000
2002-01-24,5.15,5.2,5.15,5.15,71016
2002-01-25,5.15,5.2,5.1,5.15,51489
2002-01-28,5.15,5.35,5.0,5.35,160000
2002-01-29,5.15,5.2,5.1,5.2,17000
2002-01-30,5.05,5.25,5.05,5.25,53000
2002-01-31,5.15,5.4,5.15,5.3,109000
2002-02-01,5.3,5.4,5.3,5.4,118288
2002-02-04,5.5,5.5,5.15,5.35,76000
2002-02-05,5.35,5.5,5.15,5.5,181000
2002-02-06,5.25,5.45,5.25,5.45,8289000
2002-02-18,5.75,5.75,5.5,5.55,147000
2002-02-19,5.5,5.6,5.5,5.6,77090
2002-02-20,5.6,5.6,5.4,5.4,51775
2002-02-21,5.4,5.4,5.2,5.35,1776360
2002-02-22,5.2,5.35,5.1,5.35,19000
2002-02-25,5.35,5.35,5.35,5.35,15000
2002-02-26,5.15,5.3,5.15,5.2,50000
2002-02-27,5.05,5.25,5.05,5.2,19004
2002-03-01,5.15,5.5,5.15,5.4,378001
2002-03-04,5.4,5.65,5.35,5.4,98000
2002-03-05,5.45,5.7,5.4,5.4,396001
2002-03-06,5.4,5.4,5.25,5.4,86001
2002-03-07,5.4,5.4,5.3,5.4,46000
2002-03-08,5.35,5.5,5.35,5.4,330239
2002-03-11,5.5,5.6,5.4,5.45,826000
2002-03-12,5.5,5.7,5.5,5.6,1407172
2002-03-13,5.65,5.95,5.65,5.95,984000
2002-03-14,6.25,6.35,6.2,6.35,4661693
2002-03-15,6.35,6.4,5.95,5.95,1051039
2002-03-18,5.6,5.9,5.55,5.8,886285
2002-03-19,5.8,6.1,5.65,5.75,861016
2002-03-20,5.75,5.75,5.55,5.6,633001
2002-03-21,5.55,5.85,5.55,5.7,837555
2002-03-22,5.75,5.9,5.65,5.75,562456
2002-03-25,5.85,6.0,5.7,5.9,757486
2002-03-26,5.85,6.3,5.85,6.3,1152659
2002-03-27,6.45,6.7,6.25,6.25,3333791
2002-03-28,6.3,6.3,5.85,6.0,777997
2002-03-29,5.95,6.0,5.75,5.8,534717
2002-04-01,5.9,6.1,5.7,6.05,273000
2002-04-02,6.1,6.2,6.05,6.1,316873
2002-04-03,6.1,6.35,6.05,6.25,438001
2002-04-04,6.35,6.5,6.15,6.25,1081002
2002-04-08,6.25,6.5,6.1,6.45,2718072
2002-04-09,6.4,6.4,6.0,6.0,924012
2002-04-10,5.8,6.15,5.75,5.75,333031
2002-04-11,6.0,6.0,5.75,5.75,315100
2002-04-12,5.8,5.85,5.75,5.8,374999
2002-04-15,5.85,5.95,5.85,5.95,183000
2002-04-16,5.95,6.1,5.95,6.0,315505
2002-04-17,6.05,6.3,6.0,6.3,923000
2002-04-18,6.4,6.4,6.1,6.1,544548
2002-04-19,6.1,6.3,6.1,6.25,1417001
2002-04-22,6.4,6.65,6.25,6.65,3131000
2002-04-23,6.85,7.1,6.8,6.8,4676100
2002-04-24,6.9,7.25,6.8,7.25,2016208
2002-04-25,7.6,7.75,7.2,7.5,3672246
2002-04-26,7.4,7.4,7.0,7.0,1119478
2002-04-29,6.8,6.9,6.6,6.9,1474003
2002-04-30,6.95,6.95,6.45,6.45,908485
2002-05-02,6.5,6.6,6.05,6.1,866001
2002-05-03,6.15,6.2,5.85,6.1,736004
2002-05-06,6.1,6.1,5.7,5.8,841000
2002-05-07,5.75,5.9,5.6,5.7,412000
2002-05-08,5.7,6.05,5.7,6.0,615012
2002-05-09,6.35,6.35,6.0,6.15,652760
2002-05-10,6.0,6.15,5.9,6.1,197003
2002-05-13,6.0,6.15,6.0,6.0,316000
2002-05-14,6.05,6.1,5.8,5.85,182013
2002-05-15,5.9,6.0,5.85,5.95,210999
2002-05-16,5.95,6.0,5.85,5.95,257002
2002-05-17,5.9,5.95,5.75,5.85,413011
2002-05-20,5.8,5.8,5.45,5.45,180000
2002-05-21,5.15,5.3,5.1,5.15,608400
2002-05-22,5.15,5.2,5.0,5.15,304201
2002-05-23,5.15,5.3,5.15,5.3,385001
2002-05-24,5.3,5.55,5.3,5.5,477696
2002-05-27,5.4,5.45,5.35,5.4,188610
2002-05-28,5.45,5.55,5.35,5.4,368400
2002-05-29,5.45,5.55,5.4,5.45,259000
2002-05-30,5.5,5.8,5.45,5.8,656002
2002-05-31,5.9,5.9,5.6,5.65,253125
2002-06-03,5.6,5.6,5.35,5.4,210021
2002-06-04,5.2,5.4,5.2,5.4,127002
2002-06-05,5.45,5.6,5.45,5.5,144001
2002-06-06,5.55,5.8,5.55,5.65,440677
2002-06-07,5.6,6.0,5.6,6.0,1369285
2002-06-10,6.2,6.4,6.15,6.4,2019998
2002-06-11,6.7,6.7,6.25,6.25,1713284
2002-06-12,6.1,6.65,6.1,6.65,2123979
2002-06-13,6.8,7.0,6.45,6.5,2502299
2002-06-14,6.3,6.7,6.3,6.4,904035
2002-06-17,6.5,6.5,6.15,6.3,632001
2002-06-18,6.35,6.55,6.2,6.3,708010
2002-06-19,6.4,6.5,6.05,6.2,891001
2002-06-20,6.1,6.4,6.05,6.4,414001
2002-06-21,6.3,6.6,6.3,6.4,1710873
2002-06-24,6.4,6.45,6.3,6.4,1892001
2002-06-25,6.55,6.6,6.0,6.15,714571
2002-06-26,5.9,6.0,5.75,5.9,283000
2002-06-27,5.9,6.0,5.75,5.8,130692
2002-06-28,5.85,6.05,5.8,5.95,260001
2002-07-01,5.8,5.8,5.6,5.7,81002
2002-07-02,5.65,6.05,5.65,6.05,577001
2002-07-03,5.8,6.3,5.8,5.95,1006266
2002-07-04,6.0,6.3,6.0,6.2,936884
2002-07-05,6.1,6.4,6.1,6.25,1116105
2002-07-08,6.25,6.35,6.05,6.1,755087
2002-07-09,6.1,6.2,6.0,6.0,215974
2002-07-10,6.0,6.1,6.0,6.0,273477
2002-07-11,5.95,6.0,5.75,5.75,517591
2002-07-12,5.75,6.0,5.75,5.95,257013
2002-07-15,5.95,6.0,5.85,5.9,296778
2002-07-16,5.9,6.1,5.85,6.0,510696
2002-07-17,6.05,6.05,5.8,5.9,163000
2002-07-18,5.9,6.2,5.9,6.05,618951
2002-07-19,6.0,6.1,6.0,6.05,306139
2002-07-22,6.05,6.05,5.9,5.95,180075
2002-07-23,5.85,5.95,5.85,5.95,126000
2002-07-24,5.9,6.2,5.8,5.8,1045000
2002-07-25,5.95,6.0,5.8,5.8,1486405
2002-07-26,5.8,5.8,5.5,5.6,495000
2002-07-29,5.6,5.7,5.6,5.65,227100
2002-07-30,5.7,5.85,5.7,5.85,182154
2002-07-31,5.8,5.85,5.6,5.65,120200
2002-08-01,5.65,5.7,5.55,5.55,183713
2002-08-02,5.55,5.65,5.45,5.65,107000
2002-08-05,5.35,5.4,5.3,5.35,323000
2002-08-06,5.2,5.4,5.15,5.2,231000
2002-08-07,5.2,5.4,5.2,5.4,196125
2002-08-08,5.3,5.4,5.3,5.35,115655
2002-08-09,5.4,5.65,5.4,5.5,325193
2002-08-12,5.5,5.55,5.45,5.45,149000
2002-08-13,5.65,5.65,5.4,5.55,58001
2002-08-14,5.5,5.55,5.4,5.55,240504
2002-08-15,5.5,5.6,5.45,5.45,127009
2002-08-16,5.45,5.5,5.45,5.45,36999
2002-08-19,5.5,5.6,5.4,5.5,93000
2002-08-20,5.5,5.5,5.4,5.45,63006
2002-08-21,5.4,5.6,5.3,5.6,181000
2002-08-22,5.55,5.65,5.45,5.5,290899
2002-08-23,5.55,5.55,5.4,5.5,167040
2002-08-26,5.4,5.5,5.3,5.5,41000
2002-08-27,5.5,5.6,5.45,5.5,146010
2002-08-28,5.5,5.5,5.15,5.2,358000
2002-08-29,5.2,5.2,5.0,5.1,465007
2002-08-30,5.1,5.15,5.0,5.05,111999
2002-09-02,5.05,5.1,5.0,5.0,222456
2002-09-03,5.1,5.1,4.99,5.0,150020
2002-09-04,4.95,5.0,4.85,4.95,190025
2002-09-05,4.95,4.97,4.7,4.9,350000
2002-09-09,4.7,4.8,4.65,4.78,498100
2002-09-10,4.78,4.95,4.78,4.95,840020
2002-09-11,5.05,5.1,4.92,4.95,1058569
2002-09-12,4.95,5.0,4.95,4.95,209000
2002-09-13,4.9,4.99,4.9,4.94,108020
2002-09-16,4.94,4.94,4.88,4.89,101999
2002-09-17,4.98,5.1,4.97,5.1,59000
2002-09-18,5.1,5.1,4.96,5.05,147000
2002-09-19,5.0,5.05,4.97,5.05,120000
2002-09-20,5.0,5.0,4.91,4.99,103001
2002-09-23,4.99,5.05,4.98,5.0,5526900
2002-09-24,5.0,5.0,4.96,4.99,151953
2002-09-25,5.05,5.05,4.89,4.95,128000
2002-09-26,5.0,5.0,4.95,4.95,51000
2002-09-27,4.95,5.0,4.93,5.0,42010
2002-09-30,5.0,5.0,4.85,4.95,229407
2002-10-01,4.91,4.99,4.91,4.99,1073000
2002-10-02,5.05,5.05,4.99,4.99,54001
2002-10-03,4.99,4.99,4.95,4.95,52020
2002-10-04,4.95,5.0,4.9,5.0,190023
2002-10-07,5.0,5.0,4.93,4.95,88000
2002-10-08,4.95,4.95,4.93,4.95,33006
2002-10-09,5.0,5.05,5.0,5.0,73000
2002-10-11,5.1,5.1,5.0,5.0,97000
2002-10-14,5.1,5.1,4.95,5.0,69000
2002-10-15,4.97,5.2,4.97,5.1,342000
2002-10-16,5.2,5.2,4.99,5.05,98001
2002-10-17,5.0,5.1,5.0,5.1,73590
2002-10-18,5.1,5.3,5.0,5.25,307002
2002-10-21,5.25,5.35,5.2,5.25,135000
2002-10-22,5.25,5.5,5.25,5.3,516200
2002-10-23,5.4,5.4,5.25,5.35,157190
2002-10-24,5.4,5.4,5.15,5.3,177978
2002-10-25,5.25,5.25,5.15,5.2,181003
2002-10-28,5.3,5.35,5.25,5.25,327002
2002-10-29,5.3,5.3,5.1,5.25,359002
2002-10-30,5.25,5.3,5.1,5.2,299021
2002-10-31,5.25,5.25,5.15,5.2,116000
2002-11-01,5.25,5.25,5.1,5.1,77021
2002-11-04,5.2,5.2,5.15,5.15,20004
2002-11-05,5.2,5.25,5.1,5.2,134002
2002-11-06,5.25,5.3,5.2,5.25,163001
2002-11-07,5.3,5.3,5.15,5.3,137002
2002-11-08,5.25,5.4,5.2,5.4,234973
2002-11-11,5.45,5.65,5.45,5.55,1499975
2002-11-12,5.65,5.65,5.5,5.6,335003
2002-11-13,5.65,5.9,5.65,5.75,3544001
2002-11-14,5.8,5.8,5.6,5.6,290002
2002-11-15,5.7,5.8,5.6,5.7,302000
2002-11-18,5.75,6.0,5.7,5.9,680001
2002-11-19,5.8,5.8,5.6,5.65,2894002
2002-11-20,5.5,5.7,5.5,5.65,133809
2002-11-21,5.75,5.85,5.45,5.45,268442
2002-11-22,5.45,5.6,5.45,5.5,49150
2002-11-25,5.5,5.5,5.45,5.5,41001
2002-11-26,5.45,5.7,5.45,5.6,139003
2002-11-27,5.7,5.85,5.6,5.65,826800
2002-11-28,5.7,5.85,5.5,5.5,409000
2002-11-29,5.55,5.55,5.35,5.4,167002
2002-12-02,5.5,5.55,5.3,5.35,89010
2002-12-03,5.25,5.55,5.25,5.45,274000
2002-12-04,5.3,5.65,5.3,5.6,1214055
2002-12-05,5.6,5.8,5.6,5.7,1500107
2002-12-06,5.7,5.85,5.55,5.6,1075550
2002-12-09,5.65,5.95,5.65,5.9,1715656
2002-12-10,6.3,6.3,6.15,6.3,2354925
2002-12-11,6.7,6.7,6.35,6.5,4632723
2002-12-12,6.45,6.45,6.1,6.2,891486
2002-12-13,6.3,6.4,6.0,6.0,745160
2002-12-16,5.95,6.2,5.9,6.1,652000
2002-12-17,6.25,6.5,6.2,6.5,1111218
2002-12-18,6.9,6.95,6.7,6.95,2129378
2002-12-19,7.35,7.4,7.1,7.4,7507415
2002-12-20,7.6,7.6,6.9,6.9,4189910
2002-12-23,6.9,7.35,6.7,7.35,3322091
2002-12-24,7.5,7.8,7.4,7.6,6483367
2002-12-25,7.6,7.6,7.1,7.6,2568845
2002-12-26,7.35,7.4,7.1,7.1,1072002
2002-12-27,7.05,7.2,6.8,7.0,799002
2002-12-30,6.7,6.9,6.55,6.55,812000
2002-12-31,6.6,6.7,6.35,6.5,738500
2003-01-02,6.35,6.95,6.35,6.95,1659000
2003-01-03,7.1,7.4,7.1,7.4,3595097
2003-01-06,7.4,7.9,7.4,7.9,2943208
2003-01-07,8.45,8.45,8.0,8.2,7706785
2003-01-08,8.2,8.75,8.05,8.75,5734320
2003-01-09,8.75,9.2,8.4,8.7,4882527
2003-01-10,8.7,8.7,8.15,8.2,2401211
2003-01-13,8.35,8.6,8.2,8.4,3857033
2003-01-14,8.0,8.75,8.0,8.3,6405016
2003-01-15,8.6,8.6,8.2,8.3,3820500
2003-01-16,8.3,8.6,8.2,8.2,3564317
2003-01-17,8.25,8.55,8.0,8.0,2494154
2003-01-20,8.0,8.45,8.0,8.4,3969024
2003-01-21,8.4,8.55,8.0,8.05,4573020
2003-01-22,8.2,8.45,8.1,8.45,4811529
2003-01-23,8.45,8.7,8.1,8.4,5244249
2003-01-24,8.35,8.95,8.3,8.95,8730597
2003-01-27,8.95,8.95,8.35,8.35,2767018
2003-01-28,8.35,8.35,8.05,8.2,2349000
2003-02-06,8.2,8.4,7.9,7.9,1970000
2003-02-07,7.9,8.1,7.35,7.35,2237001
2003-02-10,7.35,7.5,7.1,7.2,896000
2003-02-11,7.25,7.4,6.7,6.8,1475482
2003-02-12,6.85,7.1,6.8,7.1,1070015
2003-02-13,7.05,7.1,6.65,6.65,865003
2003-02-14,6.7,6.8,6.25,6.6,1168299
2003-02-17,6.7,7.05,6.7,7.05,1459725
2003-02-18,7.1,7.1,6.7,6.85,609570
2003-02-19,6.95,6.95,6.6,6.8,509041
2003-02-20,6.8,6.8,6.35,6.45,343570
2003-02-21,6.45,6.55,6.3,6.5,463027
2003-02-24,6.55,6.6,6.4,6.6,334529
2003-02-25,6.5,6.55,6.2,6.25,633183
2003-02-26,6.2,6.3,6.1,6.15,673005
2003-02-27,6.1,6.15,6.0,6.0,713001
2003-03-03,6.05,6.2,6.05,6.15,336021
2003-03-04,6.0,6.3,6.0,6.15,480020
2003-03-05,6.05,6.25,6.0,6.0,620010
2003-03-06,6.1,6.1,6.0,6.0,283325
2003-03-07,5.9,5.95,5.7,5.75,390513
2003-03-10,5.75,5.75,5.5,5.5,471533
2003-03-11,5.4,5.45,5.3,5.3,360000
2003-03-12,5.3,5.6,5.3,5.6,668732
2003-03-13,5.6,5.95,5.45,5.95,992000
2003-03-14,6.35,6.35,6.35,6.35,683835
2003-03-17,6.5,6.5,6.05,6.15,1972041
2003-03-18,6.45,6.55,6.45,6.55,1410045
2003-03-19,6.6,6.6,6.4,6.45,1495200
2003-03-20,6.65,6.7,6.45,6.65,1429007
2003-03-21,7.0,7.1,7.0,7.0,5458002
2003-03-24,7.0,7.3,7.0,7.05,2459370
2003-03-25,6.8,7.2,6.8,7.15,2044010
2003-03-26,7.2,7.25,7.0,7.05,972012
2003-03-27,7.0,7.2,7.0,7.2,865913
2003-03-28,7.15,7.2,7.05,7.05,268217
2003-03-31,7.0,7.1,6.7,6.75,593391
2003-04-01,6.5,6.8,6.45,6.8,251024
2003-04-02,6.8,6.85,6.7,6.75,388000
2003-04-03,6.95,7.05,6.75,6.75,589000
2003-04-04,6.75,7.15,6.75,7.1,966001
2003-04-07,7.15,7.45,7.0,7.2,2119000
2003-04-08,7.25,7.4,7.2,7.2,1462011
2003-04-09,7.2,7.7,7.2,7.7,3918001
2003-04-10,7.9,8.0,7.55,7.7,3426086
2003-04-11,7.8,7.85,7.5,7.6,2173000
2003-04-14,7.5,7.6,7.45,7.45,821000
2003-04-15,7.5,7.55,7.35,7.45,703000
2003-04-16,7.5,7.6,7.4,7.4,1080000
2003-04-17,7.4,7.4,7.25,7.25,2483030
2003-04-18,7.4,7.45,7.1,7.45,1750003
2003-04-21,7.2,7.3,7.15,7.15,1637000
2003-04-22,7.1,7.25,7.1,7.15,6448000
2003-04-23,7.35,7.35,7.05,7.1,809000
2003-04-24,7.0,7.0,6.65,6.65,1262620
2003-04-25,6.3,6.6,6.2,6.3,989895
2003-04-28,6.2,6.2,5.9,6.1,6317000
2003-04-29,6.3,6.5,6.2,6.3,4264000
2003-04-30,6.25,6.45,6.05,6.05,729000
2003-05-02,6.0,6.25,6.0,6.2,688005
2003-05-05,6.2,6.4,6.1,6.3,202006
2003-05-06,6.3,6.5,6.25,6.4,324750
2003-05-07,6.45,6.8,6.4,6.75,486002
2003-05-08,6.6,6.6,6.4,6.4,455000
2003-05-09,6.2,6.65,6.2,6.55,174000
2003-05-12,6.35,6.75,6.35,6.45,561000
2003-05-13,6.65,6.65,6.55,6.6,337830
2003-05-14,6.6,6.7,6.5,6.6,193526
2003-05-15,6.5,6.55,6.5,6.5,2554000
2003-05-16,6.6,6.65,6.5,6.5,2858100
2003-05-19,6.5,6.5,6.3,6.5,147202
2003-05-20,6.2,6.4,6.2,6.4,166000
2003-05-21,6.35,6.4,6.25,6.3,155709
2003-05-22,6.25,6.5,6.25,6.5,359001
2003-05-23,6.5,6.7,6.5,6.65,2870070
2003-05-26,6.75,7.0,6.75,6.95,4093005
2003-05-27,6.95,7.4,6.95,7.05,6363000
2003-05-28,7.1,7.15,6.9,6.9,1344265
2003-05-29,6.9,7.0,6.8,6.85,10375332
2003-05-30,6.95,7.15,6.85,6.85,847001
2003-06-02,6.95,7.1,6.9,6.95,775844
2003-06-03,7.0,7.05,6.9,6.9,800000
2003-06-05,7.0,7.1,6.95,6.95,720000
2003-06-06,7.0,7.1,6.95,7.0,588875
2003-06-09,6.95,7.05,6.9,6.95,954442
2003-06-10,6.95,7.1,6.95,6.95,813183
2003-06-11,7.0,7.1,6.95,7.0,482301
2003-06-12,7.1,7.35,7.05,7.3,2856000
2003-06-13,7.3,7.35,7.15,7.15,1840000
2003-06-16,7.05,7.3,7.05,7.25,996010
2003-06-17,7.35,7.4,7.2,7.3,1066002
2003-06-18,7.35,7.35,7.2,7.25,1206000
2003-06-19,7.25,7.35,7.2,7.3,4438000
2003-06-20,6.85,6.95,6.7,6.7,1332000
2003-06-23,6.65,6.8,6.65,6.75,1018002
2003-06-24,6.75,6.8,6.7,6.8,801007
2003-06-25,6.8,7.1,6.8,7.05,2864000
2003-06-26,7.15,7.2,7.0,7.05,5344000
2003-06-27,7.1,7.1,6.7,6.7,1722010
2003-06-30,6.7,6.85,6.7,6.85,613000
2003-07-01,6.85,6.95,6.8,6.85,554001
2003-07-02,6.9,6.9,6.75,6.9,784000
2003-07-03,6.9,7.05,6.75,6.75,1567999
2003-07-04,6.8,6.9,6.7,6.85,788000
2003-07-07,6.9,6.9,6.75,6.8,819999
2003-07-08,6.9,6.95,6.75,6.75,981010
2003-07-09,6.8,6.95,6.8,6.85,1042711
2003-07-10,6.95,7.05,6.9,6.95,2858000
2003-07-11,7.0,7.0,6.75,6.9,789469
2003-07-14,6.7,6.9,6.7,6.8,600533
2003-07-15,6.8,6.9,6.75,6.85,844224
2003-07-16,6.75,6.9,6.75,6.9,1006000
2003-07-17,6.9,7.1,6.8,6.85,1885227
2003-07-18,6.95,6.95,6.75,6.75,696000
2003-07-21,6.8,6.9,6.75,6.8,504000
2003-07-22,6.85,6.85,6.75,6.8,368000
2003-07-23,6.8,6.9,6.65,6.75,1049034
2003-07-24,6.8,6.85,6.7,6.7,1155034
2003-07-25,6.7,6.85,6.7,6.7,453000
2003-07-28,6.75,6.95,6.75,6.8,2172555
2003-07-29,6.85,6.85,6.7,6.7,554477
2003-07-30,6.75,6.8,6.7,6.7,347999
2003-07-31,6.8,6.8,6.7,6.7,300000
2003-08-01,6.75,6.75,6.65,6.65,204000
2003-08-04,6.8,6.9,6.7,6.85,2145999
2003-08-05,6.85,6.85,6.65,6.65,709000
2003-08-06,6.6,6.75,6.55,6.6,520000
2003-08-07,6.7,6.85,6.55,6.85,790999
2003-08-08,6.85,7.0,6.7,6.9,1668000
2003-08-11,6.9,6.9,6.7,6.85,302001
2003-08-12,6.85,6.9,6.65,6.85,965226
2003-08-13,6.85,6.85,6.75,6.75,535000
2003-08-14,6.75,6.85,6.6,6.65,660000
2003-08-15,6.7,6.85,6.7,6.7,804000
2003-08-18,6.75,6.9,6.75,6.8,1071009
2003-08-19,6.9,6.9,6.7,6.9,673863
2003-08-20,6.9,6.9,6.75,6.85,491004
2003-08-21,6.85,7.1,6.85,6.85,3873903
2003-08-22,7.0,7.0,6.8,6.85,934000
2003-08-25,6.9,7.1,6.85,7.05,2369000
2003-08-26,7.1,7.1,6.8,6.8,1345067
2003-08-27,6.9,6.95,6.75,6.8,1093999
2003-08-28,6.8,6.8,6.5,6.6,762000
2003-08-29,6.65,6.75,6.6,6.6,540137
2003-09-01,6.7,6.75,6.65,6.75,545000
2003-09-02,6.7,6.75,6.65,6.65,554000
2003-09-03,6.65,6.75,6.5,6.55,1940999
2003-09-04,6.6,6.65,6.4,6.45,992999
2003-09-05,6.5,6.55,6.45,6.5,299099
2003-09-08,6.55,6.6,6.5,6.55,139999
2003-09-09,6.55,6.6,6.5,6.55,440000
2003-09-10,6.55,6.55,6.4,6.4,374000
2003-09-12,6.35,6.5,6.35,6.45,140024
2003-09-15,6.25,6.65,6.25,6.6,4849491
2003-09-16,6.6,6.65,6.55,6.65,306301
2003-09-17,6.65,6.65,6.5,6.55,118000
2003-09-18,6.5,6.55,6.45,6.55,138555
2003-09-19,6.5,6.7,6.5,6.65,394422
2003-09-22,6.55,6.65,6.55,6.6,196402
2003-09-23,6.55,6.85,6.55,6.75,524176
2003-09-24,6.6,6.85,6.6,6.75,844179
2003-09-25,6.75,6.75,6.65,6.65,148076
2003-09-26,6.65,6.65,6.6,6.6,108002
2003-09-29,6.6,6.7,6.6,6.7,173011
2003-09-30,6.7,6.8,6.65,6.7,245000
2003-10-01,6.65,6.7,6.55,6.6,209000
2003-10-02,6.65,6.7,6.6,6.65,162000
2003-10-03,6.65,6.75,6.6,6.75,896999
2003-10-06,6.8,7.0,6.75,6.95,2240000
2003-10-07,6.95,7.0,6.75,6.75,1867440
2003-10-08,6.75,6.95,6.75,6.8,1847999
2003-10-09,6.85,7.25,6.85,7.25,17684100
2003-10-13,7.55,7.75,7.5,7.75,10767235
2003-10-14,8.0,8.25,7.9,8.1,17982606
2003-10-15,8.1,8.1,7.55,7.6,6107119
2003-10-16,7.5,8.0,7.5,7.9,6834889
2003-10-17,7.9,7.9,7.6,7.7,2675605
2003-10-20,7.7,8.2,7.6,8.2,15028743
2003-10-21,8.2,8.2,7.9,7.95,4769852
2003-10-22,8.05,8.05,7.75,7.8,4622411
2003-10-23,7.6,7.9,7.35,7.7,2474182
2003-10-24,7.7,8.15,7.7,7.9,6177200
2003-10-27,8.05,8.45,8.0,8.45,13415202
2003-10-28,8.45,9.0,8.45,8.65,33486786
2003-10-29,8.6,8.65,8.25,8.5,11585040
2003-10-30,8.5,8.65,8.4,8.4,6991201
2003-10-31,8.4,8.4,8.2,8.2,4787202
2003-11-03,8.25,8.5,8.2,8.3,3498564
2003-11-04,8.4,8.45,8.3,8.35,2898357
2003-11-05,8.35,8.85,8.35,8.65,13581000
2003-11-06,8.65,8.8,8.05,8.05,8859000
2003-11-07,8.3,8.3,8.0,8.15,5458200
2003-11-10,8.1,8.45,8.1,8.2,3108412
2003-11-11,8.2,8.2,8.05,8.15,1439214
2003-11-12,8.1,8.25,7.75,7.8,2966200
2003-11-13,7.85,7.95,7.6,7.75,2349150
2003-11-14,7.75,7.85,7.65,7.85,2267486
2003-11-17,7.8,7.85,7.7,7.7,1023000
2003-11-18,7.75,7.8,7.45,7.55,1340499
2003-11-19,7.4,7.55,7.35,7.4,2158200
2003-11-20,7.45,7.7,7.4,7.4,1919465
2003-11-21,7.3,7.65,7.3,7.65,1173468
2003-11-24,7.7,7.8,7.65,7.7,1252002
2003-11-25,7.85,7.85,7.5,7.5,1637476
2003-11-26,7.55,7.65,7.5,7.6,812203
2003-11-27,7.5,7.6,7.3,7.35,1346001
2003-11-28,7.4,7.55,7.35,7.4,773973
2003-12-01,7.4,7.5,7.3,7.4,825005
2003-12-02,7.45,7.7,7.45,7.6,2209200
2003-12-03,7.7,7.75,7.45,7.5,870290
2003-12-04,7.5,7.65,7.5,7.5,569023
2003-12-05,7.55,7.75,7.55,7.65,2409999
2003-12-08,7.7,7.7,7.5,7.5,1081100
2003-12-09,7.6,7.65,7.45,7.55,1085328
2003-12-10,7.55,7.6,7.5,7.55,739050
2003-12-11,7.55,7.7,7.55,7.65,1636001
2003-12-12,7.75,7.8,7.6,7.6,1754435
2003-12-15,7.7,7.7,7.6,7.65,854457
2003-12-16,7.6,7.9,7.6,7.75,2957404
2003-12-17,7.85,7.85,7.5,7.55,2524900
2003-12-18,7.6,7.9,7.45,7.65,10928463
2003-12-19,7.75,7.75,7.3,7.5,12868338
2003-12-22,7.45,7.5,7.2,7.3,12579914
2003-12-23,7.3,7.5,7.3,7.4,7120457
2003-12-24,7.5,7.9,7.5,7.9,19716000
2003-12-25,8.0,8.05,7.8,7.9,12601849
2003-12-26,8.0,8.35,7.95,8.2,12715000
2003-12-29,8.4,8.65,8.35,8.45,20008853
2003-12-30,8.55,8.6,8.2,8.25,6982451
2003-12-31,8.3,8.45,8.2,8.4,5833777
2004-01-02,8.4,8.7,8.4,8.5,9970000
2004-01-05,8.65,9.0,8.6,8.9,14409151
2004-01-06,9.0,9.1,8.7,8.8,10982190
2004-01-07,9.0,9.0,8.6,8.6,5988199
2004-01-08,8.65,8.7,8.35,8.5,7794000
2004-01-09,8.6,8.6,8.3,8.3,4063822
2004-01-12,8.3,8.45,8.3,8.3,3182030
2004-01-13,8.4,8.45,8.3,8.35,1747200
2004-01-14,8.4,8.65,8.35,8.55,5456798
2004-01-15,8.6,8.6,8.4,8.4,2814052
2004-01-16,8.4,8.6,8.4,8.4,3588345
2004-01-27,8.65,8.9,8.5,8.9,6646000
2004-01-28,8.9,9.2,8.7,9.1,11219287
2004-01-29,9.4,9.4,9.1,9.1,22555617
2004-01-30,9.3,9.7,9.15,9.7,21689001
2004-02-02,10.35,10.35,10.25,10.35,9396722
2004-02-03,10.9,10.9,10.0,10.9,31871267
2004-02-04,10.95,11.2,10.45,10.6,19850328
2004-02-05,10.5,10.95,10.5,10.65,12801419
2004-02-06,10.9,11.35,10.85,11.2,22292500
2004-02-09,11.2,11.8,11.0,11.5,26747005
2004-02-10,12.15,12.3,11.95,12.3,18236033
2004-02-11,12.25,12.5,11.8,12.0,18462488
2004-02-12,12.2,12.25,11.2,11.2,14893111
2004-02-13,11.1,11.7,11.1,11.5,15483092
2004-02-16,11.3,11.95,11.2,11.55,14417851
2004-02-17,11.6,11.8,11.3,11.55,9378381
2004-02-18,11.65,11.75,11.2,11.3,7764010
2004-02-19,11.3,11.65,11.15,11.6,8519000
2004-02-20,11.6,11.65,11.4,11.4,4451835
2004-02-23,11.5,11.95,11.5,11.9,14569683
2004-02-24,11.95,12.3,11.55,11.55,12147814
2004-02-25,11.65,11.75,11.45,11.5,4818033
2004-02-26,11.6,11.65,11.25,11.3,4406888
2004-02-27,11.4,11.5,11.3,11.4,3686000
2004-03-01,11.6,11.95,11.5,11.65,7800427
2004-03-02,11.9,12.3,11.7,12.15,15569940
2004-03-03,12.25,12.3,11.7,11.9,6462154
2004-03-04,12.0,12.0,11.7,11.75,5081942
2004-03-05,11.8,11.9,11.65,11.65,5511976
2004-03-08,11.65,11.8,11.45,11.45,2650682
2004-03-09,11.45,11.65,11.45,11.65,2413478
2004-03-10,11.65,11.9,11.55,11.65,4295131
2004-03-11,11.55,11.7,11.5,11.6,1998015
2004-03-12,11.6,12.1,11.5,12.0,10856018
2004-03-15,12.3,12.8,12.2,12.35,25136003
2004-03-16,12.65,13.15,12.25,12.5,33815674
2004-03-17,12.8,12.85,11.7,11.8,10227760
2004-03-18,11.8,12.1,11.65,11.8,6658508
2004-03-19,11.8,12.0,11.65,11.85,4351998
2004-03-22,11.05,11.05,11.05,11.05,237070
2004-03-23,10.3,10.5,10.3,10.3,6951000
2004-03-24,10.3,10.4,9.6,9.6,5330383
2004-03-25,9.9,9.9,9.55,9.55,3985509
2004-03-26,9.7,9.85,8.9,9.0,4300503
2004-03-29,9.4,9.6,9.4,9.6,891000
2004-03-30,10.1,10.25,9.8,10.1,7597126
2004-03-31,10.2,10.4,10.0,10.25,5843351
2004-04-01,10.4,10.8,10.4,10.4,9033530
2004-04-02,10.4,10.6,10.35,10.5,4781681
2004-04-05,10.75,10.75,10.35,10.5,3690022
2004-04-06,10.55,10.55,10.15,10.15,4587453
2004-04-07,10.15,10.25,10.05,10.1,1526462
2004-04-08,10.1,10.3,10.05,10.15,1905854
2004-04-09,10.1,10.15,9.85,9.95,3055001
2004-04-12,10.05,10.5,10.05,10.5,3990000
2004-04-13,10.6,10.65,10.3,10.4,4595506
2004-04-14,10.5,10.85,10.45,10.75,10482506
2004-04-15,10.85,10.85,10.4,10.4,4123936
2004-04-16,10.35,10.5,10.3,10.4,3021840
2004-04-19,10.8,10.9,10.7,10.75,7836000
2004-04-20,10.9,11.0,10.5,10.5,3011212
2004-04-21,10.5,10.7,10.4,10.5,2953155
2004-04-22,10.7,10.7,10.2,10.25,3053000
2004-04-23,10.3,10.45,10.05,10.25,3620000
2004-04-26,10.3,10.3,10.05,10.1,1792001
2004-04-27,10.05,10.2,9.8,9.9,2132000
2004-04-28,9.9,10.0,9.8,9.8,1221120
2004-04-29,9.75,9.8,9.15,9.3,1996000
2004-04-30,8.9,9.15,8.65,8.8,2682010
2004-05-03,8.65,9.05,8.6,8.8,1761000
2004-05-04,8.95,9.3,8.9,9.25,1824000
2004-05-05,9.2,9.25,8.65,8.65,1879781
2004-05-06,8.75,8.95,8.4,8.6,1554000
2004-05-07,8.45,8.9,8.45,8.9,1159998
2004-05-10,8.55,8.8,8.4,8.6,1352011
2004-05-11,8.4,8.7,8.4,8.7,1271002
2004-05-12,8.8,8.95,8.75,8.85,1184001
2004-05-13,8.9,9.0,8.65,8.65,947000
2004-05-14,8.9,8.9,8.5,8.5,1058026
2004-05-17,8.4,8.4,7.95,7.95,3236001
2004-05-18,7.95,8.2,7.8,8.05,1615112
2004-05-19,8.1,8.6,8.1,8.6,2248010
2004-05-20,8.5,8.75,8.3,8.35,1929000
2004-05-21,8.3,8.9,8.3,8.9,3788001
2004-05-24,8.9,9.15,8.7,8.95,2373933
2004-05-25,8.95,9.15,8.9,8.95,2284000
2004-05-26,9.1,9.5,9.0,9.35,6288000
2004-05-27,9.4,9.4,9.1,9.2,1529473
2004-05-28,9.35,9.35,9.15,9.3,1219012
2004-05-31,9.5,9.6,9.2,9.2,3345138
2004-06-01,9.3,9.3,8.8,8.95,1311005
2004-06-02,8.9,8.95,8.75,8.75,1158000
2004-06-03,8.8,8.95,8.6,8.65,1016150
2004-06-04,8.4,8.7,8.4,8.65,773000
2004-06-07,8.7,8.95,8.7,8.9,916006
2004-06-08,8.95,9.2,8.9,9.0,1873000
2004-06-09,9.0,9.1,8.9,8.9,748000
2004-06-10,8.85,9.05,8.7,9.05,1087001
2004-06-11,9.1,9.25,8.95,8.95,3828384
2004-06-14,9.15,9.15,8.4,8.45,1522000
2004-06-15,8.5,8.5,8.2,8.5,854000
2004-06-16,8.6,8.6,8.15,8.15,833000
2004-06-17,8.2,8.45,8.15,8.4,994000
2004-06-18,8.3,8.3,8.15,8.25,700391
2004-06-21,8.35,8.4,8.2,8.2,846641
2004-06-23,8.25,8.5,8.25,8.4,1292000
2004-06-24,8.5,8.6,8.45,8.55,863379
2004-06-25,8.6,8.85,8.45,8.6,2630100
2004-06-28,8.75,8.75,8.45,8.45,1024101
2004-06-29,8.45,8.55,8.4,8.5,403000
2004-06-30,8.6,8.8,8.55,8.7,1711100
2004-07-01,8.75,8.9,8.6,8.75,3346000
2004-07-02,8.6,8.7,8.6,8.6,873000
2004-07-05,8.8,9.1,8.8,8.95,5410000
2004-07-06,9.1,9.15,8.8,8.85,1988000
2004-07-07,8.65,8.95,8.6,8.8,1700010
2004-07-08,8.9,9.15,8.9,9.0,2858000
2004-07-09,9.1,9.15,9.0,9.15,1854000
2004-07-12,9.2,9.25,9.05,9.15,1557000
2004-07-13,9.2,9.2,9.0,9.05,657000
2004-07-14,9.0,9.1,8.75,8.75,770000
2004-07-15,8.75,8.75,8.55,8.7,484000
2004-07-16,8.6,8.85,8.6,8.7,711000
2004-07-19,8.6,8.75,8.5,8.7,667000
2004-07-20,8.65,8.7,8.25,8.5,855011
2004-07-21,8.3,8.6,8.3,8.5,614000
2004-07-22,8.45,8.5,8.25,8.35,369001
2004-07-23,8.5,8.5,8.35,8.35,410000
2004-07-26,8.3,8.4,8.25,8.3,270001
2004-07-27,8.3,8.45,8.25,8.4,272000
2004-07-28,8.5,8.55,8.45,8.45,511016
2004-07-29,8.45,8.45,8.3,8.3,119000
2004-07-30,8.4,8.45,8.3,8.3,363000
2004-08-02,8.3,8.4,8.2,8.3,390010
2004-08-03,8.4,8.4,8.2,8.3,398000
2004-08-04,8.3,8.3,8.1,8.15,500000
2004-08-05,8.15,8.25,7.9,8.25,1208001
2004-08-06,8.2,8.2,8.1,8.15,394000
2004-08-09,8.1,8.1,8.0,8.05,359000
2004-08-10,7.6,8.1,7.6,7.9,662000
2004-08-11,7.95,8.1,7.9,7.95,931000
2004-08-12,7.55,7.7,7.55,7.65,435000
2004-08-13,7.65,7.75,7.6,7.65,447750
2004-08-16,7.65,7.8,7.65,7.65,208601
2004-08-17,7.75,7.8,7.6,7.65,168692
2004-08-18,7.65,7.65,7.15,7.5,1177713
2004-08-19,7.45,7.75,7.45,7.7,796000
2004-08-20,7.8,7.95,7.7,7.9,1267066
2004-08-23,8.0,8.05,7.8,7.9,1108756
2004-08-26,8.2,8.45,8.1,8.4,3107489
2004-08-27,8.4,8.45,8.2,8.35,741067
2004-08-30,8.4,8.6,8.4,8.55,2511575
2004-08-31,8.3,8.8,8.3,8.5,2781002
2004-09-01,8.55,8.65,8.35,8.45,1257558
2004-09-02,8.45,8.55,8.4,8.55,1148378
2004-09-03,8.6,8.85,8.55,8.6,3316292
2004-09-06,8.7,8.7,8.5,8.6,1380007
2004-09-07,8.7,8.85,8.6,8.7,2180000
2004-09-08,8.8,8.95,8.7,8.9,3203038
2004-09-09,8.9,8.9,8.7,8.8,893442
2004-09-10,8.7,8.85,8.65,8.7,634127
2004-09-13,8.8,8.9,8.75,8.85,1300378
2004-09-14,8.9,9.05,8.85,8.95,1908028
2004-09-15,8.85,8.9,8.7,8.7,771048
2004-09-16,8.6,8.7,8.5,8.6,1300410
2004-09-17,8.6,8.6,8.25,8.25,1684699
2004-09-20,8.4,8.55,8.2,8.4,1522159
2004-09-21,8.45,8.8,8.45,8.7,3538207
2004-09-22,8.8,8.8,8.65,8.75,1013010
2004-09-23,8.7,8.7,8.55,8.6,384555
2004-09-24,8.6,8.75,8.55,8.75,1207010
2004-09-27,8.8,8.9,8.75,8.8,1383700
2004-09-29,8.85,9.0,8.7,8.75,1963583
2004-09-30,8.75,8.9,8.65,8.7,690652
2004-10-01,8.7,8.8,8.65,8.8,2253701
2004-10-04,8.9,9.0,8.85,8.95,2411452
2004-10-05,9.05,9.1,9.0,9.0,4029863
2004-10-06,9.1,9.35,9.0,9.05,5372536
2004-10-07,9.15,9.2,8.9,8.95,1621720
2004-10-08,8.95,9.05,8.9,8.9,1774178
2004-10-11,8.9,9.15,8.9,9.1,1767050
2004-10-12,9.1,9.45,9.0,9.0,4294550
2004-10-13,9.1,9.1,8.9,8.95,1415238
2004-10-14,9.0,9.0,8.35,8.35,2864700
2004-10-15,8.3,8.5,8.25,8.45,1277795
2004-10-18,8.55,8.55,8.45,8.45,551000
2004-10-19,8.6,8.6,8.35,8.35,493900
2004-10-20,8.35,8.5,8.35,8.4,606299
2004-10-21,8.4,8.5,8.3,8.4,516251
2004-10-22,8.4,8.5,8.25,8.25,525430
2004-10-26,8.25,8.25,8.05,8.1,722499
2004-10-27,8.2,8.2,8.1,8.2,522509
2004-10-28,8.2,8.3,8.1,8.2,462058
2004-10-29,8.2,8.2,7.9,7.9,981351
2004-11-01,7.9,8.0,7.85,7.85,172000
2004-11-02,7.9,8.0,7.8,8.0,358999
2004-11-03,8.0,8.1,7.95,8.05,436419
2004-11-04,8.1,8.1,8.0,8.0,392999
2004-11-05,8.1,8.2,8.05,8.2,681804
2004-11-08,8.2,8.2,8.1,8.2,210982
2004-11-09,8.15,8.15,8.1,8.15,149618
2004-11-10,8.1,8.2,8.1,8.2,624421
2004-11-11,8.15,8.2,8.1,8.1,161749
2004-11-12,8.1,8.2,8.1,8.15,334249
2004-11-15,8.25,8.25,8.15,8.15,395998
2004-11-16,8.2,8.2,8.1,8.15,211400
2004-11-17,8.15,8.35,8.1,8.3,1682500
2004-11-18,8.3,8.35,8.2,8.3,628719
2004-11-19,8.3,8.3,8.2,8.2,218697
2004-11-22,8.2,8.25,8.1,8.15,253573
2004-11-23,8.15,8.2,8.05,8.05,403905
2004-11-24,8.1,8.2,8.1,8.2,339723
2004-11-25,8.2,8.2,8.05,8.1,169999
2004-11-26,8.15,8.25,8.05,8.05,725600
2004-11-29,8.05,8.15,8.0,8.15,250010
2004-11-30,8.15,8.15,7.95,8.0,301000
2004-12-01,8.0,8.05,7.9,8.0,204448
2004-12-02,8.0,8.1,8.0,8.0,176000
2004-12-03,8.0,8.05,7.95,8.0,200499
2004-12-06,7.9,8.05,7.9,8.0,228999
2004-12-07,8.0,8.0,7.9,7.9,410306
2004-12-08,7.9,8.0,7.85,7.9,128749
2004-12-09,7.95,8.05,7.9,7.9,246499
2004-12-10,7.9,7.95,7.85,7.9,129899
2004-12-13,8.0,8.1,7.9,7.9,481000
2004-12-14,8.0,8.0,7.85,7.95,636025
2004-12-15,7.95,8.05,7.9,8.0,3569192
2004-12-16,8.05,8.05,7.85,7.9,3144088
2004-12-17,7.9,8.1,7.9,8.0,6998029
2004-12-20,7.9,8.0,7.85,7.9,1855449
2004-12-21,7.9,8.1,7.9,8.1,1966999
2004-12-22,8.15,8.2,8.05,8.15,1716000
2004-12-23,8.15,8.15,8.0,8.0,1444000
2004-12-24,8.05,8.15,8.05,8.15,1767468
2004-12-27,8.25,8.3,8.15,8.3,3265000
2004-12-28,8.3,8.4,8.25,8.3,2367330
2004-12-29,8.35,8.5,8.3,8.45,2913000
2004-12-30,8.6,9.0,8.6,8.9,12512680
2004-12-31,8.95,9.0,8.7,9.0,5228312
2005-01-03,9.1,9.35,8.95,9.2,7582000
2005-01-04,9.2,9.25,8.9,9.05,3925000
2005-01-05,8.95,9.0,8.8,8.85,2145000
2005-01-06,8.8,8.9,8.75,8.8,2274450
2005-01-07,8.9,8.95,8.7,8.7,1914000
2005-01-10,8.8,8.9,8.75,8.8,1991500
2005-01-11,8.8,9.0,8.8,8.85,1344000
2005-01-12,8.9,8.9,8.6,8.6,894750
2005-01-13,8.65,8.85,8.55,8.75,1385700
2005-01-14,8.7,8.85,8.6,8.85,1265024
2005-01-17,8.95,9.05,8.85,8.95,2323000
2005-01-18,8.95,8.95,8.8,8.85,923061
2005-01-19,8.9,8.9,8.75,8.75,523000
2005-01-20,8.65,8.75,8.6,8.6,793250
2005-01-21,8.55,8.7,8.55,8.55,500000
2005-01-24,8.65,8.65,8.35,8.4,671500
2005-01-25,8.4,8.55,8.2,8.4,1775900
2005-01-26,8.45,8.5,8.35,8.4,456277
2005-01-27,8.4,8.45,8.25,8.35,464550
2005-01-28,8.35,8.45,8.3,8.45,447000
2005-01-31,8.4,8.55,8.35,8.5,614000
2005-02-01,8.55,8.6,8.4,8.4,504000
2005-02-02,8.4,8.5,8.3,8.35,1044999
2005-02-03,8.35,8.45,8.3,8.4,579600
2005-02-14,8.5,8.6,8.4,8.45,3362000
2005-02-15,8.4,8.5,8.35,8.35,720900
2005-02-16,8.4,8.4,8.25,8.4,1230904
2005-02-17,8.3,8.4,8.2,8.2,1123000
2005-02-18,8.2,8.3,8.1,8.2,2192218
2005-02-21,8.2,8.35,8.1,8.25,1925000
2005-02-22,8.3,8.3,8.15,8.2,653089
2005-02-23,8.2,8.2,8.1,8.15,1141750
2005-02-24,8.2,8.25,8.1,8.1,1086901
2005-02-25,8.2,8.3,8.2,8.25,964100
2005-03-01,8.3,8.34,8.25,8.3,1189671
2005-03-02,8.35,8.35,8.2,8.21,751000
2005-03-03,8.23,8.3,8.21,8.29,807801
2005-03-04,8.29,8.59,8.29,8.55,4380000
2005-03-07,8.64,8.77,8.57,8.59,5526000
2005-03-08,8.6,8.65,8.31,8.31,2362967
2005-03-09,8.32,8.4,8.32,8.4,1431362
2005-03-10,8.3,8.32,8.26,8.27,1102201
2005-03-11,8.27,8.32,8.25,8.26,707000
2005-03-14,8.24,8.24,8.12,8.15,874500
2005-03-15,8.24,8.24,7.98,8.07,1001346
2005-03-16,8.05,8.16,8.05,8.1,455250
2005-03-17,8.01,8.09,7.97,7.98,967000
2005-03-18,8.0,8.04,7.98,8.0,678050
2005-03-21,8.09,8.1,8.0,8.02,273950
2005-03-22,8.1,8.1,7.9,7.94,880300
2005-03-23,7.85,7.94,7.84,7.88,942678
2005-03-24,7.88,7.9,7.85,7.85,531909
2005-03-25,7.85,7.95,7.85,7.95,714696
2005-03-28,7.95,7.95,7.9,7.91,311100
2005-03-29,7.95,7.95,7.75,7.85,502000
2005-03-30,7.83,7.89,7.74,7.86,406001
2005-03-31,7.8,7.88,7.75,7.75,328981
2005-04-01,7.76,7.76,7.55,7.66,805750
2005-04-04,7.52,7.59,7.49,7.59,844101
2005-04-06,7.6,7.6,7.5,7.54,309448
2005-04-07,7.54,7.54,7.4,7.42,359001
2005-04-08,7.43,7.6,7.43,7.59,761000
2005-04-11,7.5,7.62,7.46,7.58,511500
2005-04-12,7.46,7.56,7.35,7.49,468003
2005-04-13,7.4,7.46,7.4,7.4,266821
2005-04-14,7.4,7.4,7.3,7.33,481999
2005-04-15,7.21,7.3,7.01,7.16,719950
2005-04-18,7.13,7.13,6.66,6.66,1195950
2005-04-19,6.68,6.77,6.68,6.72,712000
2005-04-20,6.8,6.8,6.51,6.62,510750
2005-04-21,6.26,6.58,6.26,6.56,878543
2005-04-22,6.6,6.82,6.57,6.7,867999
2005-04-25,6.62,6.73,6.5,6.64,897000
2005-04-26,6.7,6.72,6.62,6.71,678000
2005-04-27,6.7,6.73,6.65,6.68,522000
2005-04-28,6.69,6.75,6.67,6.75,339100
2005-04-29,6.7,6.79,6.68,6.78,660952
2005-05-03,6.78,6.84,6.71,6.78,457000
2005-05-04,6.78,6.81,6.65,6.74,542000
2005-05-05,6.74,6.9,6.67,6.9,695000
2005-05-06,6.85,6.85,6.76,6.76,321700
2005-05-09,6.76,6.76,6.65,6.71,169000
2005-05-10,6.69,6.7,6.6,6.61,224000
2005-05-11,6.56,6.58,6.48,6.5,397010
2005-05-12,6.51,6.59,6.5,6.53,301790
2005-05-13,6.53,6.56,6.43,6.48,676005
2005-05-16,6.5,6.5,6.35,6.35,365099
2005-05-17,6.35,6.4,6.25,6.28,666500
2005-05-18,6.32,6.39,6.32,6.36,1116000
2005-05-19,6.39,6.44,6.37,6.37,572000
2005-05-20,6.38,6.45,6.35,6.43,701000
2005-05-23,6.43,6.43,6.31,6.31,298000
2005-05-24,6.33,6.36,6.3,6.31,271000
2005-05-25,6.32,6.38,6.27,6.31,351000
2005-05-26,6.31,6.31,6.26,6.29,164999
2005-05-27,6.3,6.3,6.26,6.26,500800
2005-05-30,6.26,6.29,6.22,6.24,300000
2005-05-31,6.22,6.28,6.21,6.22,180000
2005-06-01,6.28,6.28,6.22,6.27,263010
2005-06-02,6.31,6.43,6.31,6.42,859000
2005-06-03,6.44,6.62,6.42,6.6,2106050
2005-06-06,6.6,7.06,6.6,7.06,3363050
2005-06-07,7.11,7.25,6.91,6.96,2213867
2005-06-08,6.96,6.96,6.82,6.9,1085000
2005-06-09,6.92,7.09,6.85,6.96,1872500
2005-06-10,7.0,7.04,6.98,7.03,929010
2005-06-13,7.06,7.06,6.94,6.95,625000
2005-06-14,7.0,7.0,6.82,6.85,773781
2005-06-15,6.91,7.01,6.89,6.99,1055999
2005-06-16,7.05,7.1,7.0,7.07,1961500
2005-06-17,7.1,7.16,7.09,7.14,1759000
2005-06-20,7.2,7.2,7.04,7.14,374942
2005-06-21,7.14,7.15,7.07,7.14,461010
2005-06-22,7.14,7.22,7.14,7.14,744000
2005-06-23,7.2,7.21,7.1,7.18,596058
2005-06-24,7.02,7.12,7.02,7.07,1126201
2005-06-27,7.01,7.56,6.99,7.06,1656442
2005-06-28,7.08,7.12,7.01,7.06,1337000
2005-06-29,7.1,7.11,7.02,7.02,445999
2005-06-30,7.06,7.07,7.01,7.01,410923
2005-07-01,6.99,7.04,6.95,7.01,566852
2005-07-04,7.02,7.03,6.99,7.0,409524
2005-07-05,7.0,7.0,6.93,6.93,421000
2005-07-06,6.94,6.98,6.92,6.92,995000
2005-07-07,6.75,6.75,6.6,6.64,447000
2005-07-08,6.64,6.69,6.61,6.61,380023
2005-07-11,6.61,6.73,6.6,6.67,201999
2005-07-12,6.61,6.69,6.51,6.62,607765
2005-07-13,6.63,6.71,6.62,6.67,627251
2005-07-14,6.66,6.68,6.63,6.68,395647
2005-07-15,6.63,6.73,6.62,6.7,460249
2005-07-19,6.86,6.86,6.75,6.78,1200999
2005-07-20,6.8,6.85,6.75,6.79,641000
2005-07-21,6.55,6.78,6.55,6.65,834300
2005-07-22,6.66,6.88,6.66,6.8,895991
2005-07-25,6.84,6.89,6.78,6.83,247502
2005-07-26,6.83,6.85,6.75,6.82,138593
2005-07-27,6.81,6.81,6.7,6.71,230100
2005-07-28,6.73,6.78,6.68,6.68,136336
2005-07-29,6.73,6.74,6.62,6.7,254541
2005-08-01,6.6,6.68,6.55,6.55,329500
2005-08-02,6.64,6.74,6.54,6.73,577707
2005-08-03,6.72,6.85,6.72,6.79,937000
2005-08-04,6.7,6.79,6.7,6.71,155313
2005-08-08,6.7,6.7,6.6,6.67,316950
2005-08-09,6.62,6.65,6.6,6.65,232000
2005-08-10,6.66,6.73,6.6,6.61,171000
2005-08-11,6.61,6.63,6.57,6.57,204929
2005-08-12,6.65,6.74,6.64,6.68,265945
2005-08-15,6.69,6.69,6.61,6.67,158600
2005-08-16,6.73,6.73,6.6,6.65,162000
2005-08-17,6.64,6.69,6.57,6.61,376000
2005-08-18,6.61,6.67,6.56,6.56,289807
2005-08-19,6.59,6.6,6.53,6.53,135865
2005-08-22,6.53,6.64,6.53,6.62,537390
2005-08-23,6.62,6.64,6.6,6.62,237000
2005-08-24,6.63,6.63,6.53,6.53,420000
2005-08-25,6.5,6.72,6.5,6.53,1311491
2005-08-26,6.51,6.55,6.41,6.5,963349
2005-08-29,6.48,6.48,6.35,6.43,337250
2005-08-30,6.43,6.46,6.41,6.43,905000
2005-08-31,6.53,6.53,6.31,6.36,444761
2005-09-02,6.46,6.48,6.39,6.48,809706
2005-09-05,6.45,6.48,6.39,6.47,1077115
2005-09-06,6.47,6.48,6.4,6.42,1132000
2005-09-07,6.4,6.42,6.35,6.35,747790
2005-09-08,6.36,6.4,6.33,6.35,300890
2005-09-09,6.35,6.39,6.25,6.33,516250
2005-09-12,6.34,6.34,6.25,6.25,875550
2005-09-13,6.25,6.29,6.21,6.21,284222
2005-09-14,6.2,6.25,6.2,6.21,309100
2005-09-15,6.2,6.21,6.11,6.11,910571
2005-09-16,6.1,6.1,5.92,5.95,1245020
2005-09-19,5.99,6.05,5.99,6.04,331838
2005-09-20,6.09,6.09,6.01,6.08,332000
2005-09-21,6.07,6.07,6.02,6.03,356000
2005-09-22,5.96,5.99,5.92,5.98,555000
2005-09-23,6.0,6.04,5.94,6.0,417100
2005-09-26,6.0,6.04,5.91,5.91,584000
2005-09-27,5.93,6.0,5.92,5.96,529565
2005-09-28,5.96,6.1,5.95,5.97,625000
2005-09-29,5.98,6.02,5.98,6.01,195917
2005-09-30,6.02,6.21,6.0,6.21,954000
2005-10-03,6.3,6.42,6.26,6.3,2949250
2005-10-04,6.31,6.32,6.15,6.24,577000
2005-10-05,6.2,6.22,6.15,6.18,338000
2005-10-06,6.15,6.15,6.09,6.1,433000
2005-10-07,6.04,6.1,6.03,6.06,647808
2005-10-11,6.03,6.09,6.03,6.06,339505
2005-10-12,6.0,6.0,5.82,5.96,1300000
2005-10-13,5.86,5.95,5.8,5.91,469700
2005-10-14,5.92,5.95,5.86,5.95,209993
2005-10-17,5.95,5.95,5.85,5.9,188000
2005-10-18,5.9,5.94,5.86,5.93,382000
2005-10-19,5.9,5.9,5.78,5.85,1235000
2005-10-20,5.8,5.8,5.5,5.65,932000
2005-10-21,5.36,6.0,5.36,5.91,827000
2005-10-24,5.85,5.94,5.81,5.84,247000
2005-10-25,5.84,5.99,5.84,5.9,162001
2005-10-26,5.92,5.93,5.82,5.88,122010
2005-10-27,5.86,5.9,5.82,5.87,288000
2005-10-28,5.87,5.87,5.5,5.5,354500
2005-10-31,5.22,5.51,5.22,5.5,2235088
2005-11-01,5.53,5.6,5.46,5.52,417000
2005-11-02,5.55,5.55,5.45,5.54,580000
2005-11-03,5.53,5.58,5.47,5.51,355599
2005-11-04,5.46,5.52,5.42,5.51,1064444
2005-11-07,5.5,5.5,5.37,5.47,383000
2005-11-08,5.4,5.45,5.37,5.45,465000
2005-11-09,5.45,5.46,5.37,5.45,304699
2005-11-10,5.45,5.48,5.41,5.45,584000
2005-11-11,5.45,5.57,5.45,5.57,511999
2005-11-14,5.58,5.64,5.57,5.6,282954
2005-11-15,5.61,5.63,5.56,5.56,259191
2005-11-16,5.7,5.88,5.61,5.84,1523692
2005-11-17,5.9,5.99,5.85,5.87,843056
2005-11-18,5.87,5.92,5.79,5.83,425000
2005-11-21,5.8,5.98,5.79,5.88,654910
2005-11-22,5.83,5.9,5.83,5.89,328999
2005-11-23,5.85,5.94,5.84,5.85,218950
2005-11-24,5.85,5.85,5.81,5.85,372999
2005-11-25,5.82,5.84,5.81,5.81,425000
2005-11-28,5.8,5.9,5.8,5.81,443900
2005-11-29,5.8,5.81,5.8,5.81,229001
2005-11-30,5.8,5.85,5.77,5.85,509950
2005-12-01,5.85,5.85,5.78,5.81,241000
2005-12-02,5.81,5.88,5.79,5.8,299000
2005-12-05,5.75,5.82,5.75,5.79,254000
2005-12-06,5.79,5.8,5.76,5.8,323095
2005-12-07,5.8,5.8,5.75,5.76,554000
2005-12-08,5.76,5.8,5.76,5.77,249000
2005-12-09,5.73,5.78,5.73,5.76,259000
2005-12-12,5.76,5.8,5.7,5.71,214903
2005-12-13,5.71,5.71,5.67,5.67,200000
2005-12-14,5.67,5.77,5.67,5.73,644051
2005-12-15,5.73,5.8,5.73,5.74,281200
2005-12-16,5.74,5.84,5.74,5.83,491000
2005-12-19,5.83,5.92,5.76,5.92,784310
2005-12-20,5.92,6.09,5.9,6.04,1876501
2005-12-21,6.04,6.05,5.94,6.04,1014607
2005-12-22,6.04,6.08,5.97,5.98,1129584
2005-12-23,5.98,6.0,5.96,5.96,337496
2005-12-26,5.96,6.09,5.93,6.08,2978750
2005-12-27,6.05,6.28,6.03,6.1,5635250
2005-12-28,6.1,6.22,6.1,6.22,2862965
2005-12-29,6.23,6.49,6.23,6.34,4232575
2005-12-30,6.46,6.49,6.34,6.45,3105372
2006-01-02,6.38,6.52,6.13,6.52,1824742
2006-01-03,6.5,6.52,6.36,6.49,1189472
2006-01-04,6.49,6.55,6.3,6.5,2161992
2006-01-05,6.48,6.57,6.41,6.54,2336510
2006-01-06,6.48,6.57,6.43,6.44,1268299
2006-01-09,6.36,6.49,6.36,6.39,619033
2006-01-10,6.46,6.46,6.35,6.35,460914
2006-01-11,6.39,6.65,6.36,6.6,1615582
2006-01-12,6.65,6.75,6.52,6.75,2209999
2006-01-13,6.75,6.89,6.7,6.8,3460460
2006-01-16,6.75,6.8,6.7,6.78,520550
2006-01-17,6.73,6.74,6.54,6.74,1444650
2006-01-18,6.7,6.73,6.5,6.53,1190070
2006-01-19,6.42,6.53,6.36,6.46,483616
2006-01-20,6.45,6.48,6.3,6.47,762836
2006-01-23,6.35,6.5,6.35,6.45,1414103
2006-01-24,6.41,6.59,6.39,6.54,1373900
2006-01-25,6.5,6.56,6.31,6.33,2643569
2006-02-03,6.38,6.54,6.35,6.51,1632049
2006-02-06,6.45,6.59,6.39,6.56,2340956
2006-02-07,6.5,6.62,6.47,6.47,2305249
2006-02-08,6.47,6.59,6.4,6.55,2530323
2006-02-09,6.47,6.59,6.43,6.46,1530951
2006-02-10,6.45,6.68,6.42,6.45,3336823
2006-02-13,6.44,6.56,6.2,6.2,3754501
2006-02-14,6.25,6.28,6.2,6.21,831676
2006-02-15,6.27,6.32,6.1,6.3,1000600
2006-02-16,6.3,6.4,6.3,6.32,1151085
2006-02-17,6.32,6.36,6.3,6.32,370218
2006-02-20,6.38,6.38,6.25,6.31,445905
2006-02-21,6.32,6.32,6.24,6.29,270765
2006-02-22,6.28,6.31,6.18,6.3,362567
2006-02-23,6.3,6.32,6.3,6.3,601748
2006-02-24,6.3,6.39,6.3,6.31,426903
2006-02-27,6.31,6.35,6.3,6.3,163695
2006-03-01,6.34,6.34,6.27,6.34,194500
2006-03-02,6.34,6.35,6.3,6.3,550225
2006-03-03,6.25,6.35,6.21,6.29,324929
2006-03-06,6.28,6.28,6.2,6.23,331342
2006-03-07,6.23,6.25,6.12,6.2,503444
2006-03-08,6.13,6.21,6.13,6.21,239822
2006-03-09,6.16,6.21,6.14,6.17,138483
2006-03-10,6.2,6.2,6.15,6.17,164999
2006-03-13,6.17,6.2,6.15,6.17,129705
2006-03-14,6.17,6.17,6.08,6.17,222840
2006-03-15,6.17,6.17,6.11,6.12,119970
2006-03-16,6.1,6.1,5.91,6.05,328270
2006-03-17,6.09,6.09,5.91,6.08,130398
2006-03-20,6.08,6.09,6.02,6.07,80668
2006-03-21,6.05,6.15,6.02,6.15,805250
2006-03-22,6.12,6.16,6.05,6.15,176145
2006-03-23,6.05,6.13,6.05,6.1,205186
2006-03-24,6.12,6.12,6.07,6.09,133674
2006-03-27,6.1,6.14,6.07,6.07,352822
2006-03-28,6.08,6.12,6.07,6.07,155472
2006-03-29,6.09,6.12,6.08,6.09,204159
2006-03-30,6.09,6.09,6.0,6.09,192599
2006-03-31,6.05,6.09,6.05,6.09,86160
2006-04-03,6.08,6.09,6.05,6.09,380253
2006-04-04,6.1,6.4,6.09,6.4,1476210
2006-04-06,6.4,6.58,6.3,6.56,1794069
2006-04-07,6.5,6.64,6.42,6.62,858512
2006-04-10,6.6,6.64,6.53,6.6,625215
2006-04-11,6.6,6.6,6.4,6.49,310512
2006-04-12,6.46,6.54,6.45,6.5,174160
2006-04-13,6.6,6.6,6.41,6.42,345470
2006-04-14,6.51,6.65,6.51,6.6,751017
2006-04-17,6.66,6.78,6.65,6.75,628998
2006-04-18,6.78,6.78,6.55,6.7,371018
2006-04-19,6.75,6.85,6.73,6.75,1118989
2006-04-20,6.8,6.92,6.7,6.82,1744158
2006-04-21,6.82,6.88,6.76,6.76,396505
2006-04-24,6.76,7.23,6.76,7.23,3946152
2006-04-25,7.25,7.53,7.16,7.18,3553799
2006-04-26,7.23,7.23,7.09,7.1,1340157
2006-04-27,7.13,7.45,7.1,7.28,4395209
2006-04-28,7.25,7.25,7.0,7.0,731404
2006-05-02,7.0,7.34,7.0,7.27,1927355
2006-05-03,7.27,7.53,7.27,7.34,1840747
2006-05-04,7.25,7.45,7.25,7.31,1172926
2006-05-05,7.4,7.48,7.31,7.32,1985616
2006-05-08,7.45,7.83,7.44,7.83,3037290
2006-05-09,8.0,8.01,7.7,7.94,2161868
2006-05-10,8.0,8.44,7.95,8.33,5785813
2006-05-11,8.22,8.22,7.75,7.82,2025093
2006-05-12,7.8,8.17,7.76,8.14,2769284
2006-05-15,8.1,8.7,8.1,8.7,5706745
2006-05-16,9.25,9.25,8.32,8.45,4894631
2006-05-17,8.45,8.45,8.0,8.05,1607132
2006-05-18,7.7,8.14,7.7,8.09,1160378
2006-05-19,8.07,8.14,7.89,7.89,825959
2006-05-22,7.9,7.99,7.6,7.61,960026
2006-05-23,7.54,7.54,7.4,7.4,1123001
2006-05-24,7.5,7.65,7.43,7.49,800135
2006-05-25,7.51,7.86,7.49,7.81,1730612
2006-05-26,7.92,8.0,7.82,7.82,1462512
2006-05-29,7.88,7.88,7.68,7.68,467750
2006-05-30,7.4,7.52,7.28,7.32,735160
2006-06-01,7.32,7.42,7.25,7.28,380978
2006-06-02,7.31,7.34,7.25,7.32,287175
2006-06-05,7.25,7.34,7.11,7.16,933652
2006-06-06,7.0,7.15,6.91,7.15,679254
2006-06-07,6.95,7.13,6.95,7.05,264325
2006-06-08,7.0,7.0,6.61,6.61,727000
2006-06-09,6.61,6.88,6.5,6.88,570829
2006-06-12,6.86,6.88,6.73,6.88,319056
2006-06-13,6.75,6.88,6.75,6.75,509802
2006-06-14,6.85,7.22,6.8,7.22,406606
2006-06-15,7.2,7.2,7.02,7.03,241175
2006-06-16,7.38,7.38,7.17,7.25,345871
2006-06-19,7.25,7.3,7.18,7.25,266683
2006-06-20,7.15,7.2,7.0,7.01,159897
2006-06-21,6.91,7.12,6.9,6.9,235000
2006-06-22,6.93,7.09,6.92,7.01,319917
2006-06-23,6.95,7.15,6.9,7.09,241496
2006-06-26,7.05,7.14,7.0,7.1,150193
2006-06-27,7.1,7.2,7.1,7.15,207974
2006-06-28,7.15,7.15,7.01,7.03,910030
2006-06-29,7.05,7.18,7.05,7.18,2065760
2006-06-30,7.25,7.29,7.19,7.2,948068
2006-07-03,7.2,7.33,7.19,7.26,909274
2006-07-04,7.32,7.33,7.21,7.29,665547
2006-07-05,7.29,7.35,7.21,7.21,899112
2006-07-06,7.3,7.3,7.15,7.15,1098050
2006-07-07,7.17,7.28,7.17,7.18,420722
2006-07-10,7.18,7.28,7.12,7.27,408531
2006-07-11,7.27,7.37,7.23,7.37,623541
2006-07-12,7.3,7.46,7.3,7.46,921016
2006-07-13,7.44,7.46,7.31,7.4,562647
2006-07-14,7.31,7.38,7.17,7.2,788418
2006-07-17,7.26,7.39,7.0,7.02,2101138
2006-07-18,6.52,6.6,6.4,6.48,624250
2006-07-19,6.5,6.52,6.42,6.49,229657
2006-07-20,6.68,6.68,6.51,6.57,1114673
2006-07-21,6.52,6.54,6.47,6.54,166150
2006-07-24,6.5,6.54,6.45,6.46,171051
2006-07-25,6.5,6.6,6.44,6.57,969810
2006-07-26,6.57,6.57,6.47,6.55,471002
2006-07-27,6.55,6.67,6.5,6.67,608428
2006-07-28,6.65,6.8,6.54,6.8,833576
2006-07-31,6.8,6.85,6.65,6.79,430707
2006-08-01,6.71,6.85,6.68,6.75,167296
2006-08-02,6.75,6.76,6.65,6.7,187149
2006-08-03,6.82,6.86,6.71,6.8,589296
2006-08-04,6.76,6.88,6.71,6.73,123155
2006-08-07,6.67,6.8,6.65,6.8,102489
2006-08-08,6.8,6.82,6.71,6.8,105702
2006-08-09,6.79,6.8,6.72,6.76,68750
2006-08-10,6.72,6.76,6.61,6.69,135802
2006-08-11,6.62,6.69,6.6,6.68,346906
2006-08-14,6.69,6.74,6.62,6.72,131999
2006-08-15,6.72,6.78,6.64,6.71,91750
2006-08-16,6.71,6.76,6.67,6.69,394523
2006-08-17,6.7,6.72,6.65,6.66,143810
2006-08-18,6.73,6.76,6.62,6.64,249000
2006-08-21,6.6,6.64,6.48,6.48,273957
2006-08-22,6.52,6.56,6.45,6.56,321561
2006-08-23,6.45,6.46,6.4,6.42,135150
2006-08-24,6.4,6.43,6.37,6.39,736000
2006-08-25,6.42,6.5,6.36,6.39,40325
2006-08-28,6.36,6.49,6.3,6.33,463357
2006-08-29,6.41,6.41,6.32,6.38,159700
2006-08-30,6.38,6.5,6.38,6.5,455262
2006-08-31,6.33,6.7,6.33,6.69,671154
2006-09-01,6.68,6.69,6.56,6.6,77093
2006-09-04,6.69,6.7,6.5,6.57,241890
2006-09-05,6.55,6.57,6.52,6.56,287143
2006-09-06,6.54,6.69,6.52,6.65,520682
2006-09-07,6.55,6.68,6.5,6.5,586321
2006-09-08,6.5,6.5,6.46,6.5,97001
2006-09-11,6.55,6.6,6.5,6.5,296158
2006-09-12,6.47,6.47,6.4,6.41,359077
2006-09-13,6.42,6.48,6.39,6.4,87059
2006-09-14,6.4,6.44,6.25,6.31,328486
2006-09-15,6.25,6.45,6.25,6.45,249594
2006-09-18,6.35,6.75,6.35,6.7,415706
2006-09-19,6.68,6.68,6.5,6.55,302305
2006-09-20,6.55,6.75,6.55,6.62,874003
2006-09-21,6.63,6.7,6.6,6.67,470323
2006-09-22,6.7,6.84,6.7,6.75,479203
2006-09-25,6.75,6.84,6.73,6.84,347911
2006-09-26,6.84,6.87,6.75,6.75,220000
2006-09-27,6.8,7.1,6.8,6.91,2891105
2006-09-28,6.95,6.95,6.75,6.83,417750
2006-09-29,6.83,6.83,6.74,6.75,250869
2006-10-02,6.76,6.97,6.76,6.97,1017457
2006-10-03,6.97,7.0,6.86,6.95,719200
2006-10-04,6.95,7.04,6.95,7.02,939418
2006-10-05,7.02,7.05,6.97,6.98,801672
2006-10-11,7.0,7.46,6.98,7.46,5568231
2006-10-12,7.45,7.75,7.4,7.46,11022127
2006-10-13,7.6,7.6,7.4,7.41,1752113
2006-10-14,7.41,7.65,7.41,7.54,1727680
2006-10-16,7.56,7.75,7.56,7.57,1849804
2006-10-17,7.6,7.6,7.33,7.37,1122107
2006-10-18,7.35,7.37,7.21,7.37,982031
2006-10-19,7.4,7.58,7.4,7.51,1236378
2006-10-20,7.58,7.6,7.43,7.59,2161050
2006-10-23,7.65,7.65,7.52,7.63,1508545
2006-10-24,7.65,7.88,7.63,7.82,6176544
2006-10-25,7.9,7.9,7.6,7.62,1687413
2006-10-26,7.6,7.73,7.52,7.56,762944
2006-10-27,7.53,7.65,7.42,7.44,899506
2006-10-30,7.4,7.53,7.32,7.4,517218
2006-10-31,7.7,7.91,7.7,7.91,2550440
2006-11-01,7.9,8.1,7.81,7.84,6214556
2006-11-02,7.84,8.0,7.81,7.84,1773173
2006-11-03,7.9,8.35,7.84,8.12,11515589
2006-11-06,7.72,8.06,7.7,7.95,3212950
2006-11-07,8.0,8.35,8.0,8.08,7096214
2006-11-08,8.15,8.28,8.0,8.15,1853999
2006-11-09,8.15,8.28,7.85,7.98,3376251
2006-11-10,8.1,8.1,7.8,7.92,1254618
2006-11-13,7.9,7.99,7.83,7.94,1683082
2006-11-14,8.02,8.41,8.02,8.11,9851619
2006-11-15,8.15,8.15,8.02,8.02,2270736
2006-11-16,8.02,8.08,7.9,7.99,1429420
2006-11-17,7.99,8.14,7.92,7.95,1297380
2006-11-20,8.0,8.13,7.83,7.83,2396050
2006-11-21,7.94,7.94,7.81,7.87,911019
2006-11-22,7.85,8.18,7.85,8.18,2960376
2006-11-23,8.2,8.72,8.11,8.58,12476939
2006-11-24,9.0,9.0,8.41,8.58,6010390
2006-11-27,8.79,8.88,8.62,8.81,5710363
2006-11-28,8.78,9.2,8.75,8.92,7212842
2006-11-29,9.05,9.36,9.01,9.15,6472876
2006-11-30,9.76,9.79,9.51,9.79,10060487
2006-12-01,9.9,10.45,9.9,10.25,15220091
2006-12-04,10.6,10.95,10.5,10.95,5851460
2006-12-05,11.45,11.65,10.25,10.5,15298893
2006-12-06,10.7,10.8,10.35,10.7,4574981
2006-12-07,10.85,10.85,10.2,10.2,3929114
2006-12-08,10.1,10.4,10.0,10.3,4416230
2006-12-11,10.4,11.0,10.35,10.85,15100358
2006-12-12,10.85,10.9,10.3,10.4,4827070
2006-12-13,10.5,10.5,9.69,9.8,4217945
2006-12-14,9.8,10.15,9.7,9.96,2889418
2006-12-15,10.35,10.6,10.15,10.45,4991085
2006-12-18,10.5,10.8,10.5,10.7,3071908
2006-12-19,10.75,11.4,10.7,11.3,17154295
2006-12-20,11.8,12.05,11.55,12.05,21600559
2006-12-21,12.35,12.7,11.65,11.9,19257372
2006-12-22,11.9,12.7,11.7,12.7,19690668
2006-12-25,12.95,13.3,12.6,12.7,17190928
2006-12-26,12.8,13.2,12.7,12.8,9675507
2006-12-27,12.9,13.0,12.4,12.5,8505626
2006-12-28,12.35,12.5,11.9,12.0,6686966
2006-12-29,12.1,12.3,12.0,12.15,5636573
2007-01-02,12.4,12.95,12.3,12.6,7837665
2007-01-03,12.6,12.85,12.1,12.1,4828635
2007-01-04,12.1,12.25,11.6,11.9,4295075
2007-01-05,11.9,12.05,11.6,11.6,2521191
2007-01-08,11.5,12.25,11.35,11.95,3384918
2007-01-09,12.15,12.6,12.05,12.5,6129000
2007-01-10,12.1,12.4,11.8,11.8,3053382
2007-01-11,11.5,11.7,11.0,11.0,5298736
2007-01-12,10.5,10.95,10.25,10.3,8640441
2007-01-15,10.25,10.4,9.9,10.1,3482481
2007-01-16,10.2,10.55,10.15,10.4,2610990
2007-01-17,10.4,10.65,10.3,10.55,1525256
2007-01-18,10.6,10.65,10.35,10.35,1505202
2007-01-19,10.35,10.55,10.2,10.35,901083
2007-01-22,10.3,10.45,10.05,10.1,1202787
2007-01-23,10.2,10.3,10.1,10.1,1042027
2007-01-24,10.2,10.3,10.1,10.15,905998
2007-01-25,10.15,10.25,9.96,9.96,1299522
2007-01-26,9.85,10.15,9.8,10.05,2002750
2007-01-29,10.05,10.3,10.05,10.15,1252971
2007-01-30,10.2,10.2,9.9,9.9,1414111
2007-01-31,9.9,10.1,9.68,9.8,1028708
2007-02-01,9.85,9.9,9.68,9.7,722035
2007-02-02,9.71,9.85,9.71,9.8,631499
2007-02-05,9.87,10.3,9.87,10.05,1905459
2007-02-06,10.1,10.2,9.95,10.1,1583550
2007-02-07,10.15,10.15,9.9,9.91,993235
2007-02-08,9.95,9.95,9.82,9.84,658233
2007-02-09,9.9,10.0,9.81,9.9,857867
2007-02-12,9.9,9.9,9.7,9.73,1003000
2007-02-13,9.73,9.97,9.73,9.9,704484
2007-02-14,10.0,10.0,9.82,9.9,805391
2007-02-26,10.1,10.5,10.05,10.35,2834350
2007-02-27,10.45,10.45,10.15,10.15,764242
2007-03-01,9.85,10.1,9.75,9.79,1791131
2007-03-02,9.79,10.1,9.79,10.1,1465420
2007-03-03,10.15,10.15,9.9,9.98,799798
2007-03-05,9.98,9.98,9.3,9.34,1009500
2007-03-06,9.41,9.91,9.4,9.72,786250
2007-03-07,9.8,9.95,9.72,9.73,851351
2007-03-08,9.85,9.89,9.73,9.85,763000
2007-03-09,9.91,9.91,9.73,9.76,588902
2007-03-12,9.89,9.89,9.76,9.8,498452
2007-03-13,9.89,9.93,9.67,9.77,1113990
2007-03-14,9.62,9.7,9.38,9.48,789825
2007-03-15,9.55,9.68,9.55,9.58,715425
2007-03-16,9.68,9.68,9.58,9.6,555550
2007-03-19,9.65,9.8,9.65,9.7,838600
2007-03-20,9.8,9.85,9.65,9.66,402091
2007-03-21,9.72,9.75,9.62,9.63,280155
2007-03-22,9.65,9.77,9.52,9.52,754084
2007-03-23,9.52,9.73,9.52,9.61,775777
2007-03-26,9.87,10.25,9.78,10.25,5511671
2007-03-27,10.6,10.6,10.2,10.3,5540946
2007-03-28,10.35,10.7,10.35,10.5,3885934
2007-03-29,10.5,10.5,10.25,10.35,1963229
2007-03-30,10.4,10.55,10.35,10.35,2019999
2007-04-02,10.45,10.85,10.4,10.7,3592200
2007-04-03,10.7,10.75,10.4,10.5,3427149
2007-04-04,10.65,10.9,10.5,10.8,5489861
2007-04-09,10.9,11.45,10.8,11.2,5331517
2007-04-10,11.2,11.25,10.8,10.95,2341987
2007-04-11,11.1,11.1,10.65,10.75,1667165
2007-04-12,10.7,10.85,10.6,10.6,1536337
2007-04-13,10.65,11.2,10.65,11.2,4806705
2007-04-14,11.5,11.85,11.5,11.8,10732653
2007-04-16,12.0,12.3,11.7,12.05,9818512
2007-04-17,12.05,12.4,11.3,11.35,9278943
2007-04-18,11.4,11.7,11.2,11.55,5068969
2007-04-19,11.5,11.7,11.2,11.25,2083787
2007-04-20,11.3,11.7,11.25,11.5,3308487
2007-04-23,11.55,11.55,10.9,11.1,3960035
2007-04-24,11.15,11.3,11.0,11.3,3292366
2007-04-25,11.4,11.4,11.15,11.2,2772855
2007-04-26,11.3,11.35,11.0,11.0,1775000
2007-04-27,11.15,11.2,11.0,11.05,1973323
2007-04-30,11.1,11.3,10.75,11.3,2433574
2007-05-02,11.45,11.45,11.15,11.25,3131709
2007-05-03,11.25,11.35,10.5,10.75,1830657
2007-05-04,10.9,11.2,10.8,11.2,1252085
2007-05-07,11.95,11.95,11.6,11.6,9290998
2007-05-08,11.6,11.6,11.3,11.3,2014454
2007-05-09,11.3,11.5,11.1,11.1,1489992
2007-05-10,11.2,11.3,11.1,11.1,929565
2007-05-11,11.1,11.25,11.0,11.1,856361
2007-05-14,11.1,11.15,10.9,10.95,847073
2007-05-15,10.9,11.1,10.9,10.9,831410
2007-05-16,10.9,11.0,10.85,10.85,314500
2007-05-17,10.95,11.05,10.9,10.9,518983
2007-05-18,10.9,11.0,10.9,10.9,573891
2007-05-21,10.9,11.2,10.8,11.0,1092818
2007-05-22,11.0,11.3,11.0,11.1,824354
2007-05-23,11.15,11.2,10.9,10.9,1357602
2007-05-24,10.95,11.0,10.8,10.8,802526
2007-05-25,10.8,11.05,10.8,10.95,624925
2007-05-28,11.3,11.4,10.95,11.0,936555
2007-05-29,11.0,11.15,10.9,10.95,895495
2007-05-30,10.9,10.95,10.8,10.8,668306
2007-05-31,10.85,11.0,10.85,10.85,585650
2007-06-01,10.85,10.95,10.8,10.9,602298
2007-06-04,10.9,11.0,10.75,10.75,640102
2007-06-05,10.75,10.9,10.65,10.65,612600
2007-06-06,10.8,11.0,10.65,10.9,1021093
2007-06-07,10.95,10.95,10.7,10.85,376822
2007-06-08,10.75,10.85,10.7,10.75,597400
2007-06-11,10.8,10.8,10.65,10.7,534155
2007-06-12,10.7,10.9,10.65,10.75,646067
2007-06-13,10.8,10.9,10.7,10.9,857666
2007-06-14,11.0,11.05,10.7,10.7,765688
2007-06-15,10.75,10.95,10.75,10.75,860045
2007-06-20,10.85,11.5,10.8,11.4,5916592
2007-06-21,11.4,11.45,11.05,11.15,3238836
2007-06-22,11.15,11.25,11.05,11.1,1747132
2007-06-23,11.3,11.35,11.1,11.2,973335
2007-06-25,11.25,11.7,11.25,11.5,3794141
2007-06-26,11.6,11.6,11.25,11.5,2018767
2007-06-27,12.05,12.3,11.9,12.3,16712754
2007-06-28,12.5,12.8,12.2,12.35,10951008
2007-06-29,12.35,12.5,12.0,12.05,3687078
2007-07-02,12.3,12.85,12.2,12.85,7549001
2007-07-03,13.7,13.7,13.3,13.7,19047499
2007-07-04,13.7,13.9,13.35,13.35,10930999
2007-07-05,13.4,13.75,13.3,13.65,5695622
2007-07-06,13.65,14.5,13.5,14.45,14289406
2007-07-09,14.75,14.8,14.2,14.25,6709944
2007-07-10,14.2,14.4,13.8,14.25,6090501
2007-07-11,14.0,14.4,13.9,14.0,4864519
2007-07-12,14.25,14.5,13.9,14.1,7102429
2007-07-13,14.2,14.4,13.95,14.05,5019498
2007-07-16,14.2,14.4,14.0,14.0,4310810
2007-07-17,14.25,14.9,14.05,14.8,6944529
2007-07-18,14.8,15.45,14.65,15.05,11145101
2007-07-19,15.1,15.2,14.3,14.4,5675423
2007-07-20,14.5,14.6,13.7,14.25,4912274
2007-07-23,14.4,14.7,14.1,14.1,3236141
2007-07-24,14.15,14.45,14.15,14.2,4675341
2007-07-25,14.2,14.2,13.9,14.0,4505667
2007-07-26,14.15,14.2,13.05,13.05,4828100
2007-07-27,12.5,13.4,12.2,12.65,4680506
2007-07-30,12.65,13.3,12.55,13.15,1686804
2007-07-31,13.2,13.45,13.0,13.1,1891263
2007-08-01,13.25,13.6,12.65,12.75,3228544
2007-08-02,12.9,13.0,12.25,12.4,2623483
2007-08-03,12.45,12.9,12.45,12.85,1937972
2007-08-06,12.5,12.7,12.3,12.6,937964
2007-08-07,12.85,13.45,12.85,12.95,4606850
2007-08-08,13.15,13.85,12.9,13.7,5923726
2007-08-09,13.3,14.65,13.3,14.65,13809569
2007-08-10,14.5,15.1,14.3,14.7,21416065
2007-08-13,15.0,15.1,14.2,14.3,7741760
2007-08-14,14.5,14.5,13.9,13.95,4204140
2007-08-15,13.3,13.75,13.0,13.05,3598026
2007-08-16,12.6,13.05,12.2,12.2,3284100
2007-08-17,12.25,12.5,11.35,11.7,2845517
2007-08-20,12.5,12.5,12.3,12.5,1537654
2007-08-21,12.8,13.15,12.4,12.45,2749003
2007-08-22,12.3,12.9,12.3,12.85,1496500
2007-08-23,13.1,13.2,12.9,13.2,2510806
2007-08-24,13.4,13.6,13.0,13.1,1618582
2007-08-27,13.6,13.6,13.1,13.1,1739227
2007-08-28,13.1,13.1,12.8,12.9,988008
2007-08-29,12.5,12.7,12.1,12.55,1384150
2007-08-30,12.75,13.15,12.7,12.7,1659432
2007-08-31,12.8,13.2,12.8,13.1,2392724
2007-09-03,13.2,13.35,12.95,13.1,1595955
2007-09-04,13.15,13.2,12.65,12.75,1296448
2007-09-05,12.95,12.95,12.6,12.6,924655
2007-09-06,12.5,12.75,12.4,12.75,892607
2007-09-07,12.8,12.8,12.5,12.5,805231
2007-09-10,12.3,12.5,12.2,12.35,675969
2007-09-11,12.35,12.65,12.35,12.55,825109
2007-09-12,12.6,12.7,12.35,12.35,532552
2007-09-13,12.35,12.65,12.35,12.45,703537
2007-09-14,12.6,12.65,12.45,12.45,586605
2007-09-17,12.55,12.8,12.4,12.55,862728
2007-09-19,12.85,12.85,12.4,12.4,844460
2007-09-20,12.55,12.8,12.45,12.45,1201812
2007-09-21,12.5,13.2,12.5,12.95,3270940
2007-09-26,13.15,13.65,13.1,13.55,3377350
2007-09-27,13.45,13.85,13.15,13.5,3727759
2007-09-28,13.6,13.75,13.3,13.3,2374289
2007-09-29,13.25,13.55,13.25,13.5,1824087
2007-10-01,13.5,14.2,13.5,13.95,5165157
2007-10-02,14.2,14.2,13.55,13.6,2771200
2007-10-03,13.5,13.75,13.35,13.4,1721827
2007-10-04,13.3,13.5,13.15,13.15,963484
2007-10-05,13.15,13.4,13.15,13.4,992189
2007-10-08,13.45,13.6,13.0,13.0,895819
2007-10-09,13.1,13.1,12.8,12.9,1178867
2007-10-11,12.9,13.25,12.9,12.95,994127
2007-10-12,12.95,13.25,12.7,12.8,1030860
2007-10-15,12.85,13.0,12.6,12.6,719100
2007-10-16,12.6,12.7,12.5,12.55,491587
2007-10-17,12.7,12.9,12.65,12.65,806206
2007-10-18,12.7,12.85,12.6,12.7,479559
2007-10-19,12.75,12.8,12.6,12.6,541250
2007-10-22,12.3,12.3,12.0,12.1,902050
2007-10-23,12.25,12.25,12.05,12.2,570155
2007-10-24,12.25,12.4,12.1,12.15,448262
2007-10-25,12.25,12.35,12.05,12.1,464854
2007-10-26,12.2,12.3,12.1,12.2,634609
2007-10-29,12.25,12.4,12.25,12.35,444254
2007-10-30,12.5,12.6,12.25,12.4,433998
2007-10-31,12.45,12.45,12.15,12.15,440066
2007-11-01,12.3,12.35,12.1,12.15,718548
2007-11-02,11.9,12.3,11.9,12.1,766450
2007-11-05,12.05,12.25,12.05,12.1,435043
2007-11-06,12.15,12.2,12.05,12.1,352644
2007-11-07,12.2,12.25,12.0,12.1,491998
2007-11-08,12.0,12.1,11.3,11.4,2597000
2007-11-09,11.2,11.5,10.9,11.0,1020250
2007-11-12,10.7,10.7,10.25,10.25,1384050
2007-11-13,10.3,10.45,10.1,10.45,1019000
2007-11-14,10.8,11.15,10.6,11.15,756595
2007-11-15,11.2,11.25,11.15,11.2,412321
2007-11-16,11.0,11.25,10.9,11.25,378000
2007-11-19,11.65,11.65,11.4,11.45,487455
2007-11-20,11.4,12.0,11.1,12.0,893000
2007-11-21,12.2,12.2,11.65,11.7,553330
2007-11-22,11.5,11.6,11.45,11.5,240005
2007-11-23,11.75,11.75,11.2,11.2,341000
2007-11-26,11.6,11.6,11.2,11.35,431100
2007-11-27,11.0,11.2,10.75,11.0,760000
2007-11-28,11.05,11.2,10.85,10.85,308284
2007-11-29,11.05,11.2,11.0,11.05,274613
2007-11-30,11.2,11.3,11.15,11.3,326026
2007-12-03,11.5,11.55,11.35,11.4,283000
2007-12-04,11.45,11.55,11.3,11.45,419096
2007-12-05,11.5,12.15,11.5,12.15,1527141
2007-12-06,12.75,13.0,12.5,12.9,8672631
2007-12-07,12.8,12.85,12.6,12.65,2506539
2007-12-10,12.3,12.5,12.0,12.0,1061400
2007-12-11,11.9,12.2,11.9,12.0,817032
2007-12-12,11.85,12.3,11.85,12.3,911115
2007-12-13,12.35,12.35,11.6,11.6,1320802
2007-12-14,11.6,11.95,11.2,11.45,1590114
2007-12-17,11.4,11.4,10.7,10.7,1373534
2007-12-18,10.45,10.5,10.05,10.1,1183713
2007-12-19,10.5,10.6,10.3,10.5,630299
2007-12-20,10.3,10.5,9.8,10.3,686100
2007-12-21,10.05,10.3,9.8,10.25,1018107
2007-12-24,10.25,10.55,10.25,10.4,788489
2007-12-25,10.5,10.6,10.45,10.55,687496
2007-12-26,10.45,10.5,10.3,10.3,282200
2007-12-27,10.3,10.65,10.3,10.6,791350
2007-12-28,10.6,11.3,10.5,11.3,1051539
2007-12-31,11.4,11.8,11.35,11.55,977977
2008-01-02,11.6,11.85,11.4,11.45,753150
2008-01-03,11.15,11.2,10.8,11.15,727510
2008-01-04,10.9,11.55,10.75,11.35,886193
2008-01-07,10.95,11.55,10.95,11.3,1737100
2008-01-08,11.3,11.7,11.2,11.35,771750
2008-01-09,11.1,11.5,11.1,11.3,611000
2008-01-10,11.45,11.7,11.35,11.4,599922
2008-01-11,11.6,11.6,11.3,11.3,319402
2008-01-14,11.4,12.0,11.4,12.0,1424099
2008-01-15,12.0,12.5,12.0,12.5,1405101
2008-01-16,12.15,12.4,11.65,11.7,1679000
2008-01-17,12.0,12.05,11.4,11.7,771000
2008-01-18,11.3,12.0,11.3,11.85,801000
2008-01-21,11.75,12.45,11.75,12.2,1800241
2008-01-22,11.35,11.55,11.35,11.35,879292
2008-01-23,11.6,11.7,10.7,11.0,1169291
2008-01-24,11.1,11.45,11.1,11.2,612100
2008-01-25,11.5,11.5,11.2,11.3,399992
2008-01-28,11.4,11.5,10.95,10.95,687250
2008-01-29,11.2,11.2,10.85,11.15,511520
2008-01-30,11.35,11.35,11.05,11.05,436290
2008-01-31,10.95,11.1,10.7,10.8,481001
2008-02-01,11.3,11.55,11.05,11.55,1170649
2008-02-12,11.8,12.1,11.5,11.9,936100
2008-02-13,11.7,12.1,11.7,11.8,447766
2008-02-14,12.0,12.05,11.75,11.75,890500
2008-02-15,11.85,12.1,11.7,11.85,1015539
2008-02-18,12.2,12.6,12.05,12.55,3810050
2008-02-19,12.6,12.95,12.35,12.75,3649459
2008-02-20,12.6,12.9,12.3,12.3,2549803
2008-02-21,12.5,13.0,12.4,12.8,3563887
2008-02-22,12.75,12.8,12.55,12.75,1756223
2008-02-25,13.0,13.6,12.8,13.6,10891829
2008-02-26,14.5,14.5,13.6,14.2,15516176
2008-02-27,14.4,14.5,13.8,14.2,7917321
2008-02-29,13.85,14.25,13.85,14.15,4322170
2008-03-03,14.0,14.0,13.7,13.75,4177384
2008-03-04,13.7,14.25,13.7,14.05,8903386
2008-03-05,14.35,15.0,14.2,15.0,23106802
2008-03-06,15.2,15.3,14.3,14.7,9390445
2008-03-07,14.2,14.6,14.0,14.45,5235392
2008-03-10,14.7,14.9,13.8,14.15,9560748
2008-03-11,13.85,14.25,13.75,14.1,5213000
2008-03-12,14.35,14.5,13.2,13.2,8617903
2008-03-13,13.0,13.2,12.3,12.3,5538315
2008-03-14,12.35,12.6,12.1,12.4,5396817
2008-03-17,12.2,12.7,12.0,12.6,2963075
2008-03-18,12.8,12.8,12.15,12.45,1256114
2008-03-19,12.65,12.8,12.45,12.45,3233240
2008-03-20,12.45,12.65,12.3,12.6,2161650
2008-03-21,12.6,12.9,12.2,12.2,4986729
2008-03-24,13.05,13.05,12.45,12.75,10517253
2008-03-25,12.85,13.2,12.6,12.8,9393259
2008-03-26,12.9,13.65,12.8,13.3,11012801
2008-03-27,13.5,13.65,13.0,13.0,8828300
2008-03-28,13.2,13.5,13.0,13.5,5293351
2008-03-31,13.6,14.2,13.6,14.05,8751145
2008-04-01,14.4,14.4,13.2,13.2,6016307
2008-04-02,13.45,13.5,13.25,13.4,2493151
2008-04-03,13.4,13.4,13.0,13.2,2375150
2008-04-07,13.5,13.9,13.45,13.8,4422203
2008-04-08,13.9,14.65,13.85,14.4,8742836
2008-04-09,14.4,14.7,14.25,14.3,6323511
2008-04-10,14.3,14.7,14.2,14.6,3853787
2008-04-11,14.7,15.1,14.5,14.5,10545172
2008-04-14,14.75,15.5,14.6,15.5,12669218
2008-04-15,16.5,16.55,16.5,16.55,20216110
2008-04-16,17.7,17.7,17.7,17.7,6125335
2008-04-17,18.9,18.9,17.75,18.25,37784040
2008-04-18,18.3,19.5,17.6,19.15,26777543
2008-04-21,19.2,19.25,17.85,17.85,13118408
2008-04-22,17.4,18.25,17.15,17.7,9203725
2008-04-23,17.7,17.8,16.8,17.2,7798867
2008-04-24,17.3,17.95,17.25,17.25,8011409
2008-04-25,17.45,17.6,16.6,16.65,5716761
2008-04-28,16.65,16.8,15.95,16.5,6798807
2008-04-29,16.55,16.9,16.15,16.15,5435945
2008-04-30,16.3,17.25,16.25,17.25,4927493
2008-05-02,17.7,17.75,17.1,17.15,6260220
2008-05-05,17.05,17.35,16.75,16.85,2988184
2008-05-06,16.85,17.15,16.2,16.5,3220602
2008-05-07,16.7,16.85,16.4,16.65,2820059
2008-05-08,16.8,17.15,16.6,17.0,3701750
2008-05-09,17.0,17.35,16.8,16.9,4520470
2008-05-12,17.2,17.9,17.05,17.25,9394720
2008-05-13,17.7,17.9,17.3,17.75,12711309
2008-05-14,17.75,17.85,17.15,17.2,5112541
2008-05-15,17.3,17.55,17.2,17.3,6391437
2008-05-16,17.65,17.9,17.5,17.6,6720337
2008-05-19,17.9,18.4,17.75,18.1,8426582
2008-05-20,18.05,18.05,17.1,17.1,6128141
2008-05-21,17.1,17.35,16.9,17.0,2788152
2008-05-22,16.9,17.3,16.8,17.15,2540907
2008-05-23,17.2,17.8,17.1,17.1,7825831
2008-05-26,17.05,17.25,16.25,16.25,3496318
2008-05-27,16.35,16.5,16.0,16.35,2252643
2008-05-28,16.3,16.4,16.0,16.05,1408575
2008-05-29,16.05,16.45,15.3,16.1,2895161
2008-05-30,16.2,16.2,15.0,15.0,4301404
2008-06-02,15.0,15.0,14.1,14.7,2489364
2008-06-03,14.6,14.7,14.45,14.55,1540303
2008-06-04,14.75,15.55,14.6,15.55,4476906
2008-06-05,15.8,15.95,15.4,15.65,5998000
2008-06-06,15.7,16.3,15.5,16.3,4509993
2008-06-09,15.7,15.9,15.6,15.7,1997500
2008-06-10,15.8,15.8,14.7,14.75,2297857
2008-06-11,14.75,14.9,14.05,14.1,2231111
2008-06-12,13.5,13.85,13.15,13.15,4380300
2008-06-13,13.05,13.35,12.55,12.55,3446635
2008-06-16,12.85,13.15,12.8,12.9,2230200
2008-06-17,12.95,13.3,12.2,13.25,3829500
2008-06-18,13.25,14.1,13.0,13.9,6070001
2008-06-19,13.35,13.65,13.3,13.4,2068000
2008-06-20,13.4,13.4,12.55,12.6,1897242
2008-06-23,12.3,12.4,12.05,12.3,1679002
2008-06-24,12.2,12.65,11.9,11.9,2575183
2008-06-25,11.85,12.35,11.7,12.2,2111283
2008-06-26,12.1,12.55,12.1,12.35,1560600
2008-06-27,11.6,11.85,11.5,11.6,2056150
2008-06-30,11.7,11.95,11.05,11.05,1802200
2008-07-01,11.05,11.2,10.3,10.3,3275118
2008-07-02,10.3,11.0,10.3,11.0,2020067
2008-07-03,10.7,11.7,10.5,11.55,2050860
2008-07-04,11.7,11.7,10.9,10.9,2004100
2008-07-07,10.8,11.5,10.8,11.5,1760278
2008-07-08,11.5,11.5,10.7,10.9,2521006
2008-07-09,10.95,11.2,10.65,10.7,2312050
2008-07-10,10.7,11.0,10.5,11.0,1488050
2008-07-11,11.2,11.5,10.85,11.45,2174000
2008-07-14,11.5,11.85,11.35,11.7,2792000
2008-07-15,11.5,11.5,10.9,10.9,2231299
2008-07-16,10.5,11.15,10.4,10.4,1895047
2008-07-17,10.6,10.85,10.6,10.7,1184386
2008-07-18,10.9,11.0,9.97,10.15,1748173
2008-07-21,10.4,10.7,10.35,10.5,1542250
2008-07-22,10.6,10.85,10.4,10.7,1479000
2008-07-23,10.9,11.4,10.85,11.4,2562918
2008-07-24,11.6,11.75,11.3,11.7,3161183
2008-07-25,11.4,11.45,11.25,11.4,1353003
2008-07-29,11.3,11.35,11.05,11.1,1683000
2008-07-30,11.2,11.3,10.9,10.9,1253000
2008-07-31,11.0,11.15,10.6,10.6,1055048
2008-08-01,10.4,10.6,10.35,10.5,821105
2008-08-04,10.5,10.65,10.4,10.5,939000
2008-08-05,10.6,10.7,9.92,9.94,1645288
2008-08-06,10.3,10.6,10.3,10.6,3599000
2008-08-07,10.85,11.3,10.8,11.3,4726366
2008-08-08,11.5,11.5,10.95,11.35,3683615
2008-08-11,11.0,11.35,11.0,11.2,2073150
2008-08-12,11.1,11.2,10.7,10.8,1907000
2008-08-13,10.6,10.95,10.6,10.95,1003124
2008-08-14,10.9,11.7,10.9,11.7,5685150
2008-08-15,11.8,11.9,11.15,11.25,2693204
2008-08-18,11.4,11.4,10.6,10.6,1653124
2008-08-19,10.6,11.1,10.3,10.9,2034000
2008-08-20,10.9,11.35,10.75,11.1,1702000
2008-08-21,11.4,11.7,11.15,11.15,3451444
2008-08-22,11.2,11.4,10.9,11.05,1333100
2008-08-25,11.35,11.45,11.05,11.25,1862613
2008-08-26,11.1,11.2,11.0,11.0,684502
2008-08-27,11.1,11.25,10.95,11.15,1048100
2008-08-28,11.0,11.3,10.9,10.95,874558
2008-08-29,10.95,11.15,10.9,10.9,671282
2008-09-01,10.9,10.9,10.15,10.2,2021006
2008-09-02,10.2,10.45,10.1,10.15,1666222
2008-09-03,10.15,10.15,9.44,9.44,2559000
2008-09-04,9.0,9.3,8.78,8.78,2340172
2008-09-05,8.17,8.49,8.17,8.17,2312000
2008-09-08,8.21,8.74,8.21,8.74,1062000
2008-09-09,8.77,8.9,8.2,8.3,977000
2008-09-10,8.3,8.88,8.29,8.88,1013008
2008-09-11,9.15,9.22,8.52,8.65,2077221
2008-09-12,8.8,8.89,8.3,8.8,1416120
2008-09-15,8.7,8.7,8.19,8.19,1557505
2008-09-16,7.62,7.76,7.62,7.62,1428100
2008-09-17,7.62,7.97,7.09,7.62,4107068
2008-09-18,7.27,7.27,7.09,7.17,3029200
2008-09-19,7.41,7.67,7.38,7.67,2521000
2008-09-22,7.93,8.2,7.5,8.12,2904870
2008-09-23,7.72,8.4,7.7,8.25,2019392
2008-09-24,8.08,8.49,8.02,8.19,2167100
2008-09-25,8.05,8.15,7.92,8.06,1339000
2008-09-26,8.12,8.12,7.7,7.81,1531500
2008-09-30,7.27,7.81,7.27,7.81,2115000
2008-10-01,7.9,7.98,7.75,7.82,663270
2008-10-02,7.82,7.97,7.76,7.82,796000
2008-10-03,7.78,7.89,7.44,7.85,522000
2008-10-06,7.69,7.79,7.62,7.64,607000
2008-10-07,7.33,7.8,7.22,7.8,1742000
2008-10-08,7.31,7.58,7.28,7.35,1938105
2008-10-09,7.2,7.45,7.05,7.06,887328
2008-10-13,6.82,6.83,6.82,6.82,1149001
2008-10-14,7.2,7.29,7.1,7.29,1643051
2008-10-15,7.15,7.2,7.08,7.19,348500
2008-10-16,6.94,7.18,6.94,7.04,921500
2008-10-17,7.18,7.18,6.95,7.15,787000
2008-10-20,7.05,7.15,6.9,7.15,885015
2008-10-21,7.47,7.58,7.25,7.25,1035798
2008-10-22,7.2,7.25,7.02,7.02,696377
2008-10-23,6.78,6.91,6.78,6.89,1377050
2008-10-24,6.72,6.83,6.65,6.65,604000
2008-10-27,6.22,6.66,6.19,6.65,2072000
2008-10-28,6.61,6.7,6.23,6.51,721193
2008-10-29,6.94,6.96,6.71,6.9,1528000
2008-10-30,6.9,7.38,6.9,7.38,1293212
2008-10-31,7.38,7.89,7.3,7.89,3501000
2008-11-03,7.89,8.2,7.7,8.17,1535349
2008-11-04,8.17,8.2,7.81,7.84,674000
2008-11-05,8.2,8.25,7.96,8.11,1233500
2008-11-06,7.6,7.7,7.55,7.6,929041
2008-11-07,7.1,7.7,7.1,7.7,457100
2008-11-10,7.8,8.12,7.6,7.93,1124000
2008-11-11,7.81,8.2,7.81,7.85,1221300
2008-11-12,7.92,7.92,7.61,7.61,559200
2008-11-13,7.1,7.61,7.09,7.61,1422000
2008-11-14,7.82,7.82,7.61,7.7,687500
2008-11-17,7.55,7.94,7.55,7.8,1248107
2008-11-18,7.8,8.34,7.8,8.09,3552542
2008-11-19,7.99,7.99,7.54,7.72,2151510
2008-11-20,7.3,7.66,7.26,7.48,900183
2008-11-21,7.12,7.5,7.12,7.5,680228
2008-11-24,7.49,7.89,7.4,7.7,1059920
2008-11-25,7.94,7.94,7.57,7.7,1099183
2008-11-26,7.69,7.81,7.56,7.68,439527
2008-11-27,7.8,8.21,7.77,8.21,3444020
2008-11-28,8.23,8.35,8.0,8.0,1474200
2008-12-01,7.99,8.56,7.96,8.56,3208325
2008-12-02,8.27,8.43,8.04,8.43,1892013
2008-12-03,8.45,8.68,8.3,8.43,1721000
2008-12-04,8.5,8.62,7.91,8.43,2030389
2008-12-05,8.43,8.43,8.11,8.15,376000
2008-12-08,8.25,8.43,8.2,8.39,758150
2008-12-09,8.4,8.58,8.25,8.39,879000
2008-12-10,8.38,8.59,8.26,8.56,1313000
2008-12-11,8.56,8.56,8.36,8.38,630000
2008-12-12,8.25,8.47,8.0,8.0,894000
2008-12-15,8.5,8.56,8.31,8.43,1079176
2008-12-16,8.48,8.5,8.26,8.28,590000
2008-12-17,8.3,8.85,8.3,8.85,4662000
2008-12-18,9.0,9.46,9.0,9.46,5343000
2008-12-19,9.4,9.44,8.9,9.0,2445000
2008-12-22,9.1,9.26,8.76,8.92,1753076
2008-12-23,8.56,8.89,8.3,8.8,2296000
2008-12-24,8.6,8.84,8.52,8.8,611001
2008-12-25,9.1,9.1,8.7,8.8,504674
2008-12-26,8.79,8.89,8.7,8.71,302640
2008-12-29,8.5,8.75,8.41,8.47,362000
2008-12-30,8.55,9.06,8.47,9.06,1640535
2008-12-31,9.1,9.2,8.92,9.2,1106535
2009-01-05,9.25,9.4,9.1,9.21,996798
2009-01-06,9.21,9.29,9.11,9.11,523000
2009-01-07,9.13,9.3,9.07,9.23,703211
2009-01-08,9.05,9.05,8.61,8.8,641330
2009-01-09,8.84,8.84,8.7,8.77,191183
2009-01-10,8.6,8.73,8.53,8.67,168000
2009-01-12,8.7,8.86,8.65,8.8,203250
2009-01-13,8.79,8.79,8.66,8.7,337000
2009-01-14,8.74,8.86,8.73,8.73,344131
2009-01-15,8.59,8.59,8.4,8.46,182000
2009-01-16,8.5,8.5,8.22,8.47,826503
2009-01-17,8.45,9.06,8.37,9.05,2057495
2009-01-19,9.1,9.1,8.83,9.06,855000
2009-01-20,9.0,9.05,8.71,9.04,424038
2009-01-21,8.7,8.91,8.7,8.82,242000
2009-02-02,8.82,9.06,8.82,9.0,350000
2009-02-03,8.91,9.15,8.91,9.1,528001
2009-02-04,9.13,9.13,8.9,8.9,268000
2009-02-05,8.91,8.97,8.65,8.65,327728
2009-02-06,8.69,8.86,8.69,8.81,395043
2009-02-09,8.85,8.95,8.7,8.88,461585
2009-02-10,8.85,8.85,8.76,8.76,120200
2009-02-11,8.7,8.76,8.62,8.76,197110
2009-02-12,8.76,8.88,8.67,8.67,214000
2009-02-13,8.68,8.76,8.63,8.74,331150
2009-02-16,8.74,8.74,8.57,8.6,772200
2009-02-17,8.6,8.62,8.36,8.5,368003
2009-02-18,8.42,8.52,8.33,8.52,414003
2009-02-19,8.4,8.5,8.37,8.39,295000
2009-02-20,8.38,8.38,8.13,8.13,419244
2009-02-23,8.01,8.13,7.9,8.0,454001
2009-02-24,8.0,8.0,7.7,7.75,601990
2009-02-25,7.85,7.91,7.81,7.82,408015
2009-02-26,7.8,7.85,7.75,7.75,214298
2009-02-27,7.76,7.8,7.71,7.76,120788
2009-03-02,7.7,7.72,7.5,7.54,376014
2009-03-03,7.45,7.64,7.4,7.61,229050
2009-03-04,7.6,7.83,7.6,7.76,576390
2009-03-05,7.98,7.98,7.84,7.9,497519
2009-03-06,7.88,7.88,7.71,7.75,318016
2009-03-09,7.79,7.84,7.75,7.79,177000
2009-03-10,7.8,7.87,7.77,7.8,237100
2009-03-11,7.86,8.19,7.86,8.03,956100
2009-03-12,8.04,8.1,7.92,8.0,378400
2009-03-13,8.02,8.15,8.0,8.09,446292
2009-03-16,8.16,8.33,8.11,8.27,1001232
2009-03-17,8.3,8.76,8.18,8.64,2093302
2009-03-18,8.15,8.64,8.15,8.37,953450
2009-03-19,8.46,8.9,8.41,8.59,1551338
2009-03-20,8.59,8.78,8.35,8.4,685750
2009-03-23,8.49,8.8,8.43,8.8,905572
2009-03-24,8.81,9.1,8.81,8.98,1444483
2009-03-25,8.99,9.05,8.8,9.04,1200250
2009-03-26,9.05,9.24,8.96,9.1,1303544
2009-03-27,9.0,9.2,8.85,8.91,1268850
2009-03-30,8.85,8.88,8.35,8.39,758000
2009-03-31,8.39,8.62,8.39,8.47,686778
2009-04-01,8.62,8.95,8.55,8.95,1142094
2009-04-02,9.25,9.34,9.06,9.21,3231680
2009-04-03,9.3,9.7,9.28,9.4,3327280
2009-04-06,9.5,9.7,9.3,9.4,1552238
2009-04-07,9.66,9.66,9.32,9.44,998100
2009-04-08,9.4,9.44,8.8,8.8,1300500
2009-04-09,8.85,9.29,8.85,9.21,1392100
2009-04-10,9.33,9.55,9.26,9.45,1430302
2009-04-13,9.7,10.1,9.65,10.1,2389661
2009-04-14,10.4,10.4,9.85,9.9,2324120
2009-04-15,9.65,9.99,9.65,9.85,1072500
2009-04-16,10.0,10.1,9.81,9.89,1245293
2009-04-17,10.0,10.1,9.2,9.2,1862240
2009-04-20,9.2,9.25,8.7,8.92,621366
2009-04-21,8.73,9.29,8.71,9.29,732300
2009-04-22,9.29,9.45,9.11,9.24,1160200
2009-04-23,9.24,9.24,9.05,9.18,867473
2009-04-24,9.18,9.5,9.15,9.35,1120388
2009-04-27,9.39,9.45,8.81,9.0,1029000
2009-04-28,9.05,9.06,8.37,8.47,843015
2009-04-29,8.1,8.5,8.1,8.38,753500
2009-04-30,8.6,8.96,8.6,8.96,928150
2009-05-04,9.2,9.58,9.2,9.58,1190973
2009-05-05,9.75,9.9,9.3,9.42,1776653
2009-05-06,9.5,9.9,9.36,9.88,1428048
2009-05-07,9.8,10.2,9.7,9.84,1920638
2009-05-08,9.75,9.9,9.65,9.67,900515
2009-05-11,9.7,10.1,9.7,10.1,1343400
2009-05-12,10.05,10.05,9.4,9.65,1305009
2009-05-13,9.55,9.85,9.55,9.74,588081
2009-05-14,9.6,9.7,9.45,9.59,336295
2009-05-15,9.56,9.8,9.52,9.7,1293015
2009-05-18,9.7,10.35,9.7,10.35,2567864
2009-05-19,11.0,11.05,10.1,10.35,4183615
2009-05-20,10.65,10.65,10.1,10.35,1840999
2009-05-21,10.4,11.05,10.2,11.05,4937841
2009-05-22,11.7,11.8,11.65,11.8,3448584
2009-05-25,12.6,12.6,12.2,12.6,7964350
2009-05-26,12.75,13.0,12.0,12.5,5912491
2009-05-27,12.8,13.0,12.2,12.8,5012836
2009-06-01,13.3,13.3,12.6,12.95,4137310
2009-06-02,13.25,13.4,12.85,12.85,4260880
2009-06-03,12.8,12.95,12.1,12.1,1866484
2009-06-04,12.25,12.25,11.6,12.0,1351768
2009-06-05,12.1,12.2,11.7,12.0,1243800
2009-06-06,11.8,12.8,11.8,12.8,2659515
2009-06-08,13.0,13.05,11.95,11.95,2085011
2009-06-09,11.95,11.95,11.15,11.15,1621013
2009-06-10,11.0,11.4,10.8,10.85,1206228
2009-06-11,10.85,11.2,10.6,11.15,943000
2009-06-12,11.25,11.45,10.9,11.1,1473900
2009-06-15,11.1,11.1,10.35,10.35,1260100
2009-06-16,10.15,10.3,9.81,10.1,1203874
2009-06-17,10.1,10.4,9.9,10.1,899317
2009-06-18,10.1,10.2,9.85,10.1,839378
2009-06-19,10.1,10.5,10.0,10.45,1431237
2009-06-22,10.6,10.6,10.1,10.4,920010
2009-06-23,10.2,10.35,10.15,10.25,586450
2009-06-24,10.95,10.95,10.95,10.95,994030
2009-06-25,11.7,11.7,11.7,11.7,1092721
2009-06-26,12.1,12.1,11.7,11.9,4357063
2009-06-29,12.0,12.1,11.55,11.8,1677617
2009-06-30,11.85,11.9,11.45,11.45,983138
2009-07-01,11.6,11.9,11.45,11.7,1039200
2009-07-02,12.0,12.1,11.75,11.9,1786848
2009-07-03,11.7,11.9,11.65,11.9,1063106
2009-07-06,12.0,12.6,11.9,12.4,2049599
2009-07-07,12.5,12.75,12.2,12.3,2102150
2009-07-08,12.1,12.3,11.7,12.0,1204405
2009-07-09,11.85,12.2,11.85,12.05,838850
2009-07-10,12.1,12.1,11.85,11.9,1051609
2009-07-13,12.2,12.2,11.1,11.4,1127500
2009-07-14,11.45,11.55,11.25,11.55,627000
2009-07-15,11.6,11.75,11.4,11.7,972000
2009-07-16,11.7,11.95,11.5,11.5,1284029
2009-07-17,11.6,11.7,11.55,11.65,702000
2009-07-20,11.75,11.8,11.5,11.65,1228312
2009-07-21,11.75,11.9,11.65,11.75,1054646
2009-07-22,11.8,12.15,11.7,11.95,2312100
2009-07-23,11.9,12.1,11.8,11.8,1197525
2009-07-24,11.95,12.05,11.65,11.65,1411030
2009-07-27,11.65,11.8,11.6,11.65,514304
2009-07-28,11.65,11.9,11.65,11.85,1130367
2009-07-29,11.85,11.95,11.65,11.65,765468
2009-07-30,11.5,11.8,11.5,11.75,855912
2009-07-31,11.85,12.1,11.75,11.8,1733932
2009-08-03,11.75,12.1,11.65,12.1,2003299
2009-08-04,12.2,12.4,11.7,11.8,2715765
2009-08-05,11.9,12.1,11.45,11.6,1709012
2009-08-06,11.6,11.65,11.3,11.6,910000
2009-08-10,12.4,12.4,12.0,12.4,5081060
2009-08-11,12.75,12.75,12.2,12.4,4127020
2009-08-12,12.4,12.6,12.25,12.25,869611
2009-08-13,12.3,12.4,12.2,12.3,1525075
2009-08-14,12.5,12.85,12.4,12.7,4337874
2009-08-17,12.8,13.2,12.7,12.9,4522449
2009-08-18,12.7,12.85,12.0,12.2,2113255
2009-08-19,12.3,12.45,11.8,11.8,1013008
2009-08-20,11.8,12.0,11.3,11.4,1393018
2009-08-21,11.4,11.6,11.0,11.05,1323813
2009-08-24,11.2,11.55,11.2,11.55,585999
2009-08-25,11.75,11.75,11.4,11.45,612325
2009-08-26,11.5,11.5,11.0,11.0,647050
2009-08-27,10.75,11.2,10.75,11.1,497000
2009-08-28,11.0,11.4,11.0,11.15,596410
2009-08-31,11.4,11.4,11.0,11.1,1011200
2009-09-01,11.1,11.35,11.05,11.35,912848
2009-09-02,11.2,11.35,11.15,11.15,380057
2009-09-03,11.25,11.45,11.15,11.3,1053520
2009-09-04,11.3,11.45,11.2,11.3,698945
2009-09-07,11.4,11.4,11.25,11.35,545757
2009-09-08,11.45,11.7,11.4,11.6,1162999
2009-09-09,11.65,11.95,11.55,11.85,1982548
2009-09-10,12.65,12.65,12.2,12.6,8063804
2009-09-11,12.5,12.6,12.25,12.25,1890483
2009-09-14,12.35,12.35,11.8,11.85,1077012
2009-09-15,11.85,12.1,11.75,12.0,682564
2009-09-16,12.1,12.2,11.95,12.2,829549
2009-09-17,12.3,12.5,12.1,12.1,1563290
2009-09-18,12.1,12.25,12.0,12.1,719010
2009-09-21,12.1,12.2,11.85,11.9,1475626
2009-09-22,11.95,12.0,11.8,11.9,877975
2009-09-23,11.9,11.95,11.6,11.65,823918
2009-09-24,11.6,11.65,11.45,11.55,415652
2009-09-25,11.5,11.65,11.4,11.65,462210
2009-09-28,11.6,11.6,11.4,11.4,645009
2009-09-29,11.45,11.55,11.4,11.5,625800
2009-09-30,11.55,11.7,11.5,11.65,976964
2009-10-01,11.75,11.75,11.55,11.6,648402
2009-10-02,11.5,11.75,11.5,11.75,878000
2009-10-05,11.75,11.75,11.5,11.6,470658
2009-10-06,11.7,11.8,11.6,11.65,740066
2009-10-07,11.7,11.9,11.65,11.9,831011
2009-10-08,11.9,12.25,11.75,11.85,2073278
2009-10-09,11.95,12.35,11.95,12.1,1869371
2009-10-12,12.15,12.4,12.15,12.4,1528800
2009-10-13,12.15,12.25,11.95,12.1,915283
2009-10-14,12.2,12.4,12.2,12.2,1328700
2009-10-15,12.35,12.4,12.0,12.05,724057
2009-10-16,12.0,12.3,12.0,12.1,1126180
2009-10-19,12.15,12.25,12.05,12.2,755201
2009-10-20,12.25,12.45,12.2,12.25,1322577
2009-10-21,12.2,12.25,12.05,12.1,666439
2009-10-22,12.0,12.2,11.9,11.9,786009
2009-10-23,12.0,12.15,11.95,12.05,418001
2009-10-26,12.05,12.15,11.95,12.0,738546
2009-10-27,11.9,11.95,11.8,11.8,609294
2009-10-28,11.85,11.95,11.65,11.7,331000
2009-10-29,11.65,11.65,11.15,11.25,1047431
2009-10-30,11.35,11.35,11.2,11.25,383231
2009-11-02,11.0,11.1,10.75,11.05,424000
2009-11-03,11.0,11.2,10.95,11.15,415773
2009-11-04,11.15,11.35,11.15,11.35,469100
2009-11-05,11.25,11.35,11.1,11.15,390000
2009-11-06,11.3,11.3,11.15,11.2,368035
2009-11-09,11.2,11.3,11.15,11.25,378114
2009-11-10,11.3,11.5,11.2,11.3,486944
2009-11-11,11.4,11.4,11.2,11.3,471200
2009-11-12,11.4,11.4,11.2,11.2,671501
2009-11-13,11.3,11.3,11.15,11.3,424650
2009-11-16,11.35,11.35,11.2,11.3,404035
2009-11-17,11.4,11.45,11.35,11.35,759763
2009-11-18,11.35,11.5,11.35,11.5,455157
2009-11-19,11.6,11.65,11.3,11.4,753774
2009-11-20,11.4,11.45,11.3,11.3,277000
2009-11-23,11.3,11.4,11.25,11.25,221000
2009-11-24,11.4,11.4,11.2,11.25,459539
2009-11-25,11.2,11.4,11.2,11.3,404009
2009-11-26,11.3,11.45,11.25,11.25,686050
2009-11-27,11.1,11.2,10.95,10.95,915050
2009-11-30,11.0,11.1,11.0,11.05,282031
2009-12-01,11.0,11.2,11.0,11.1,288026
2009-12-02,11.1,11.25,11.1,11.1,462882
2009-12-03,11.1,11.15,11.05,11.05,518090
2009-12-04,11.1,11.2,11.05,11.15,215165
2009-12-07,11.25,11.45,11.1,11.4,656093
2009-12-08,11.5,11.55,11.25,11.25,455854
2009-12-09,11.2,11.35,11.2,11.25,264000
2009-12-10,11.35,11.35,11.1,11.15,309717
2009-12-11,11.15,11.5,11.15,11.45,1020767
2009-12-14,11.55,11.55,11.35,11.5,379626
2009-12-15,11.6,11.6,11.2,11.3,26429623
2009-12-16,11.3,11.3,11.2,11.25,536136
2009-12-17,11.3,11.3,11.15,11.25,554788
2009-12-18,11.15,11.25,11.15,11.2,238000
2009-12-21,11.25,11.35,11.2,11.25,372283
2009-12-22,11.35,11.35,11.25,11.35,319999
2009-12-23,11.35,11.35,11.2,11.25,370870
2009-12-24,11.3,11.35,11.15,11.3,734019
2009-12-25,11.3,11.35,11.2,11.2,227105
2009-12-28,11.3,11.35,11.2,11.35,555551
2009-12-29,11.5,11.5,11.2,11.3,335011
2009-12-30,11.3,11.35,11.2,11.3,688999
2009-12-31,11.3,11.45,11.25,11.35,1169078
2010-01-04,11.4,11.7,11.25,11.6,1442004
2010-01-05,11.65,11.9,11.5,11.7,1921000
2010-01-06,11.85,12.05,11.75,11.85,1791457
2010-01-07,12.05,12.15,11.7,11.8,1440148
2010-01-08,11.9,11.9,11.6,11.9,991602
2010-01-11,12.1,12.7,12.1,12.7,2999260
2010-01-12,13.1,13.1,12.25,12.3,4300520
2010-01-13,12.1,12.2,11.9,12.0,1157368
2010-01-14,12.0,12.1,11.9,12.1,917496
2010-01-15,12.15,12.2,11.9,12.0,1246099
2010-01-18,11.9,12.1,11.9,12.1,1061763
2010-01-19,12.35,12.5,12.1,12.15,1620320
2010-01-20,12.25,12.3,12.0,12.0,738276
2010-01-21,11.95,12.05,11.65,11.95,1103570
2010-01-22,11.7,11.8,11.55,11.55,414069
2010-01-25,11.55,11.55,11.35,11.4,495202
2010-01-26,11.5,11.55,10.8,10.9,912410
2010-01-27,11.1,11.1,10.85,10.85,416000
2010-01-28,11.15,11.2,10.85,11.2,326215
2010-01-29,11.15,11.15,10.95,11.0,274100
2010-02-01,11.0,11.1,10.85,11.0,149050
2010-02-02,11.25,11.25,10.85,10.85,321000
2010-02-03,10.85,11.05,10.85,11.0,292101
2010-02-04,11.05,11.05,10.85,10.85,319119
2010-02-05,10.5,10.5,10.15,10.15,599000
2010-02-06,10.15,10.15,9.91,10.0,447350
2010-02-08,9.75,10.05,9.75,10.0,438383
2010-02-09,10.0,10.45,9.9,10.25,233352
2010-02-10,10.5,10.5,10.3,10.4,208211
2010-02-22,10.6,10.65,10.4,10.4,142050
2010-02-23,10.4,10.6,10.3,10.6,193000
2010-02-24,10.55,10.6,10.5,10.5,93769
2010-02-25,10.6,10.7,10.35,10.45,251000
2010-02-26,10.55,10.6,10.4,10.4,151711
2010-03-01,10.5,10.65,10.5,10.65,210000
2010-03-02,10.65,10.75,10.6,10.6,216157
2010-03-03,10.55,10.8,10.55,10.7,213847
2010-03-04,11.4,11.4,11.4,11.4,611439
2010-03-05,12.05,12.05,11.45,11.6,3744329
2010-03-08,11.6,11.75,11.4,11.65,636963
2010-03-09,11.75,11.75,11.4,11.5,339026
2010-03-10,11.5,11.5,11.4,11.4,219453
2010-03-11,11.4,11.55,11.35,11.4,267627
2010-03-12,11.4,11.4,11.25,11.3,127250
2010-03-15,11.3,11.35,11.25,11.25,147599
2010-03-16,11.3,11.4,11.2,11.35,159001
2010-03-17,11.45,11.5,11.35,11.5,429465
2010-03-18,11.6,11.6,11.5,11.55,206494
2010-03-19,11.6,11.6,11.4,11.45,268364
2010-03-22,11.4,11.45,11.35,11.4,252001
2010-03-23,11.45,11.5,11.35,11.35,202056
2010-03-24,11.4,11.55,11.4,11.45,155500
2010-03-25,11.5,11.5,11.35,11.45,213288
2010-03-26,11.45,11.6,11.4,11.4,392000
2010-03-29,11.5,11.6,11.4,11.55,947008
2010-03-30,11.75,11.75,11.55,11.55,285009
2010-03-31,11.65,11.65,11.45,11.45,223010
2010-04-01,11.4,11.6,11.4,11.6,355995
2010-04-02,11.55,12.0,11.55,11.75,869004
2010-04-06,11.8,11.9,11.8,11.85,470318
2010-04-07,11.9,11.9,11.8,11.8,346568
2010-04-08,11.6,11.85,11.6,11.65,239183
2010-04-09,11.9,12.2,11.8,12.2,1374433
2010-04-12,12.5,12.5,12.15,12.35,1035994
2010-04-13,12.25,12.25,11.7,12.1,4520250
2010-04-14,12.1,12.4,12.1,12.4,1253381
2010-04-15,12.5,12.55,12.2,12.25,892592
2010-04-16,12.05,12.65,12.05,12.6,3690517
2010-04-19,12.4,12.6,12.0,12.15,1880050
2010-04-20,12.15,12.2,12.05,12.1,472039
2010-04-21,12.3,12.3,11.95,12.05,624310
2010-04-22,11.9,12.1,11.85,12.05,192019
2010-04-23,12.05,12.35,12.05,12.25,585076
2010-04-26,12.3,12.5,12.25,12.25,589950
2010-04-27,12.5,12.5,12.15,12.2,227266
2010-04-28,11.85,12.15,11.8,12.1,249509
2010-04-29,12.0,12.15,11.95,12.0,389416
2010-04-30,12.2,12.2,11.85,11.85,485313
2010-05-03,11.8,12.0,11.7,11.85,305281
2010-05-04,11.85,12.0,11.65,11.7,168077
2010-05-05,11.45,11.45,11.0,11.05,763000
2010-05-06,11.05,11.05,10.65,10.8,678813
2010-05-07,10.5,10.85,10.3,10.85,473180
2010-05-10,11.0,11.45,10.8,11.45,471261
2010-05-11,11.35,11.7,11.15,11.4,370262
2010-05-12,11.4,11.4,11.2,11.3,68000
2010-05-13,11.5,11.5,11.4,11.4,184999
2010-05-14,11.4,11.5,11.4,11.5,204385
2010-05-17,11.2,11.45,11.2,11.25,109008
2010-05-18,11.05,11.35,11.05,11.2,120100
2010-05-19,11.2,11.4,11.05,11.35,203050
2010-05-20,11.35,11.35,11.15,11.15,180152
2010-05-21,10.55,10.9,10.45,10.9,377002
2010-05-24,10.9,11.0,10.85,10.95,79001
2010-05-25,10.6,10.7,10.35,10.45,202400
2010-05-26,10.55,10.7,10.25,10.65,158001
2010-05-27,10.65,10.9,10.55,10.8,80562
2010-05-28,10.8,10.95,10.7,10.7,176886
2010-05-31,10.55,10.8,10.55,10.7,170000
2010-06-01,10.75,10.75,10.6,10.6,174282
2010-06-02,10.5,10.7,10.5,10.6,100200
2010-06-03,10.8,10.8,10.6,10.75,178100
2010-06-04,10.7,10.7,10.55,10.7,129250
2010-06-07,10.4,10.4,10.1,10.3,333049
2010-06-08,10.1,10.3,10.1,10.25,325471
2010-06-09,10.25,10.35,10.2,10.3,163879
2010-06-10,10.25,10.4,10.2,10.4,187256
2010-06-11,10.5,10.6,10.45,10.6,86831
2010-06-14,10.55,10.7,10.5,10.7,127255
2010-06-15,10.7,10.7,10.55,10.7,136088
2010-06-17,10.7,10.9,10.65,10.9,211000
2010-06-18,10.9,11.2,10.7,11.2,190393
2010-06-21,11.2,11.35,11.1,11.35,303534
2010-06-22,11.35,11.55,11.2,11.55,226046
2010-06-23,11.45,11.6,11.35,11.6,213152
2010-06-24,11.6,11.6,11.45,11.6,216000
2010-06-25,11.45,11.5,11.35,11.35,84000
2010-06-28,11.4,11.4,11.2,11.25,160372
2010-06-29,11.4,11.4,11.1,11.15,122414
2010-06-30,10.9,11.0,10.8,10.9,67009
2010-07-01,10.85,11.4,10.75,11.4,151000
2010-07-02,11.3,11.4,11.2,11.4,358107
2010-07-05,11.25,11.5,11.1,11.35,345234
2010-07-06,11.25,11.6,11.25,11.5,871477
2010-07-07,11.5,11.55,11.35,11.5,138477
2010-07-08,11.5,11.55,11.35,11.35,179295
2010-07-09,11.4,11.55,11.25,11.5,599556
2010-07-12,11.35,11.5,11.35,11.35,67158
2010-07-13,11.4,11.4,11.2,11.4,399209
2010-07-14,11.4,11.75,11.35,11.55,871362
2010-07-15,11.5,11.65,11.4,11.65,386000
2010-07-16,11.6,11.8,11.5,11.6,225000
2010-07-19,11.4,11.6,11.35,11.5,130010
2010-07-20,11.5,11.55,11.4,11.45,446790
2010-07-21,11.45,11.6,11.4,11.5,409508
2010-07-22,11.35,11.4,11.25,11.3,180228
2010-07-23,11.35,11.5,11.3,11.4,197329
2010-07-26,11.4,11.55,11.4,11.5,705575
2010-07-27,11.6,11.65,11.5,11.55,162107
2010-07-28,11.55,11.65,11.5,11.55,520016
2010-07-29,11.6,12.3,11.6,12.2,2226520
2010-07-30,12.5,12.5,12.0,12.0,1591675
2010-08-02,12.4,12.4,12.15,12.15,1944171
2010-08-03,12.2,12.4,12.15,12.3,860913
2010-08-04,12.35,12.6,12.2,12.4,945638
2010-08-05,12.3,12.6,12.1,12.15,1172129
2010-08-06,12.0,12.5,12.0,12.5,592443
2010-08-09,12.45,12.5,12.35,12.4,822350
2010-08-10,12.5,12.5,12.15,12.15,693217
2010-08-11,12.15,12.25,11.85,12.1,782048
2010-08-12,11.9,12.05,11.9,12.0,235750
2010-08-13,12.0,12.15,11.8,12.15,390999
2010-08-16,12.3,12.3,11.9,12.15,361500
2010-08-17,12.05,12.85,12.0,12.6,1997195
2010-08-18,12.85,13.0,12.65,12.8,2280229
2010-08-19,12.8,12.8,12.5,12.55,719465
2010-08-20,12.45,12.55,12.4,12.4,5769747
2010-08-23,12.55,13.0,12.4,12.8,1600996
2010-08-24,12.8,12.8,12.45,12.7,1108237
2010-08-25,12.5,12.65,12.0,12.05,737931
2010-08-26,12.0,12.1,11.75,12.05,857070
2010-08-27,12.05,12.2,11.95,12.2,291917
2010-08-30,12.25,12.35,12.0,12.05,382423
2010-08-31,11.9,12.0,11.8,11.85,778262
2010-09-01,11.9,12.0,11.85,11.95,203980
2010-09-02,12.05,12.3,11.95,12.15,482112
2010-09-03,12.1,12.3,12.05,12.25,550136
2010-09-06,12.4,12.4,12.15,12.4,445398
2010-09-07,12.35,12.35,12.1,12.1,484332
2010-09-08,12.15,12.2,12.0,12.2,441007
2010-09-09,12.25,12.25,12.0,12.2,251419
2010-09-10,12.2,12.3,12.05,12.2,197572
2010-09-13,12.25,12.35,12.1,12.2,298825
2010-09-14,12.0,12.45,12.0,12.45,782893
2010-09-15,12.4,12.45,12.2,12.35,391283
2010-09-16,12.3,12.8,12.25,12.75,2032059
2010-09-17,12.8,12.9,12.65,12.8,1056363
2010-09-20,12.85,12.9,12.55,12.75,367420
2010-09-21,12.75,12.75,12.45,12.45,405026
2010-09-23,12.45,12.45,12.35,12.45,123143
2010-09-24,12.45,12.55,12.35,12.55,160851
2010-09-27,12.55,12.95,12.35,12.8,878301
2010-09-28,12.65,12.8,12.65,12.65,172108
2010-09-29,12.65,12.75,12.65,12.75,566792
2010-09-30,12.75,12.8,12.55,12.55,307138
2010-10-01,12.7,13.0,12.7,12.85,864234
2010-10-04,12.95,13.1,12.7,12.9,747302
2010-10-05,12.9,12.9,12.5,12.8,448806
2010-10-06,12.95,12.95,12.65,12.9,488475
2010-10-07,12.9,13.35,12.9,13.1,1644047
2010-10-08,13.1,13.35,12.65,13.35,2366588
2010-10-11,13.55,13.8,13.05,13.1,4020050
2010-10-12,13.05,13.1,12.7,12.8,953381
2010-10-13,12.8,12.95,12.5,12.75,787571
2010-10-14,12.85,13.1,12.8,12.85,1098031
2010-10-15,12.9,12.95,12.65,12.7,357530
2010-10-18,12.7,12.7,12.4,12.4,416500
2010-10-19,12.5,12.55,12.25,12.35,171000
2010-10-20,12.35,12.8,12.35,12.5,283009
2010-10-21,12.5,12.65,12.35,12.35,306169
2010-10-22,12.5,12.5,12.35,12.5,580434
2010-10-25,12.6,12.6,12.45,12.6,353171
2010-10-26,12.4,12.6,12.4,12.45,323430
2010-10-27,12.5,12.5,12.35,12.35,369738
2010-10-28,12.35,12.5,12.35,12.4,154987
2010-10-29,12.5,12.55,12.2,12.2,575148
2010-11-01,12.2,12.55,12.2,12.35,324126
2010-11-02,12.2,12.55,12.2,12.5,216726
2010-11-03,12.4,12.75,12.4,12.5,401516
2010-11-04,12.5,12.7,12.4,12.4,305670
2010-11-05,12.5,12.75,12.45,12.65,713394
2010-11-08,12.8,13.0,12.65,12.9,550311
2010-11-09,12.9,12.9,12.6,12.65,180110
2010-11-10,12.8,13.35,12.8,12.95,1914159
2010-11-11,13.0,13.0,12.7,12.95,558929
2010-11-12,12.95,12.95,12.55,12.55,338476
2010-11-15,12.55,12.6,12.25,12.25,187000
2010-11-16,12.25,12.4,12.1,12.4,396275
2010-11-17,12.3,12.5,12.25,12.4,206448
2010-11-18,12.4,12.4,12.3,12.4,144601
2010-11-19,12.5,12.75,12.4,12.4,368665
2010-11-22,12.45,12.55,12.4,12.55,149311
2010-11-23,12.5,12.5,12.25,12.25,79968
2010-11-24,12.05,12.15,12.05,12.1,275000
2010-11-25,12.1,12.3,12.0,12.3,453770
2010-11-26,12.1,12.2,12.05,12.2,128426
2010-11-29,12.2,12.35,12.0,12.2,169272
2010-11-30,12.3,12.35,12.15,12.35,251270
2010-12-01,12.4,12.8,12.4,12.8,884291
2010-12-02,12.9,12.9,12.6,12.6,297578
2010-12-03,12.6,12.7,12.4,12.6,264750
2010-12-06,12.6,12.95,12.4,12.8,1414230
2010-12-07,12.7,12.95,12.7,12.95,448435
2010-12-08,12.9,12.9,12.7,12.85,196902
2010-12-09,13.0,13.0,12.7,12.7,223359
2010-12-10,12.7,12.8,12.5,12.5,235000
2010-12-13,12.55,12.7,12.4,12.5,562105
2010-12-14,12.5,12.65,12.5,12.6,192183
2010-12-15,12.65,12.8,12.4,12.65,552500
2010-12-16,12.6,12.75,12.6,12.6,303064
2010-12-17,12.6,13.0,12.6,12.6,559724
2010-12-20,12.9,12.9,12.6,12.65,237310
2010-12-21,12.8,13.3,12.8,13.05,2228160
2010-12-22,13.15,13.15,12.75,12.85,531535
2010-12-23,13.0,13.1,12.9,12.95,731049
2010-12-24,12.95,13.05,12.75,12.8,6162191
2010-12-27,13.1,13.35,13.0,13.15,1885800
2010-12-28,13.2,13.25,12.9,13.0,710062
2010-12-29,13.1,13.3,13.0,13.2,1493601
2010-12-30,13.3,13.7,13.3,13.5,2126985
2010-12-31,13.5,13.7,13.35,13.45,1725325
2011-01-03,13.65,13.9,13.55,13.9,1908183
2011-01-04,14.2,14.25,13.7,13.75,2183902
2011-01-05,13.75,13.85,13.1,13.25,1261040
2011-01-06,13.3,13.4,13.1,13.25,500233
2011-01-07,13.25,13.4,13.05,13.15,359309
2011-01-10,13.15,13.3,13.0,13.3,887324
2011-01-11,13.3,13.4,13.25,13.4,492369
2011-01-12,13.5,13.6,13.25,13.45,479010
2011-01-13,13.45,13.5,13.25,13.3,345000
2011-01-14,13.45,13.45,13.2,13.25,139000
2011-01-17,13.1,13.25,13.05,13.1,544689
2011-01-18,13.05,13.15,12.85,12.95,390689
2011-01-19,12.95,13.05,12.8,13.0,470184
2011-01-20,12.95,13.05,12.9,12.9,109218
2011-01-21,12.8,12.9,12.65,12.8,149021
2011-01-24,12.9,12.9,12.7,12.8,194228
2011-01-25,12.85,12.85,12.65,12.7,134338
2011-01-26,12.7,12.75,12.6,12.75,255330
2011-01-27,12.7,12.7,12.55,12.55,468868
2011-01-28,12.65,12.65,12.35,12.45,461330
2011-02-08,12.7,12.85,12.3,12.35,206132
2011-02-09,12.45,12.8,12.4,12.7,387645
2011-02-10,12.6,12.65,12.4,12.6,403676
2011-02-11,12.6,12.6,12.0,12.05,431000
2011-02-14,12.1,12.2,11.95,12.05,251106
2011-02-15,12.05,12.05,11.85,11.9,222400
2011-02-16,12.0,12.0,11.9,11.9,259649
2011-02-17,11.9,11.95,11.8,11.8,317503
2011-02-18,11.95,12.1,11.85,12.05,272090
2011-02-21,12.05,12.15,11.85,12.05,262167
2011-02-22,11.85,11.9,11.6,11.65,513250
2011-02-23,11.6,11.8,11.55,11.55,306201
2011-02-24,11.5,11.6,11.5,11.5,316001
2011-02-25,11.6,11.6,11.3,11.4,239000
2011-03-01,11.45,11.5,11.35,11.5,180000
2011-03-02,11.5,11.6,11.4,11.5,304472
2011-03-03,11.55,11.8,11.5,11.7,290510
2011-03-04,11.7,11.8,11.65,11.65,184361
2011-03-07,11.55,11.65,11.5,11.55,245689
2011-03-08,11.8,11.8,11.55,11.6,64173
2011-03-09,11.55,11.75,11.55,11.7,95040
2011-03-10,11.8,11.8,11.5,11.55,92001
2011-03-11,11.45,11.55,11.35,11.45,143183
2011-03-14,11.85,11.9,11.4,11.5,573031
2011-03-15,11.6,11.65,11.1,11.25,652270
2011-03-16,11.4,11.55,11.4,11.55,487000
2011-03-17,11.4,12.35,11.35,12.2,1509558
2011-03-18,12.3,12.35,12.05,12.35,1032005
2011-03-21,12.35,12.55,12.2,12.45,405000
2011-03-22,12.55,12.8,12.45,12.65,701266
2011-03-23,12.65,13.1,12.6,12.95,934792
2011-03-24,13.05,13.05,12.75,12.9,739231
2011-03-25,12.75,12.85,12.75,12.75,342440
2011-03-28,12.8,13.1,12.8,12.95,1521478
2011-03-29,13.5,13.85,13.25,13.85,4132080
2011-03-30,14.1,14.8,14.05,14.4,9522773
2011-03-31,14.45,14.6,13.9,14.2,3072186
2011-04-01,14.3,14.35,14.0,14.3,1396111
2011-04-06,14.3,14.45,13.9,14.0,785352
2011-04-07,13.9,14.0,13.4,13.6,968963
2011-04-08,13.55,14.2,13.4,13.6,2027773
2011-04-11,13.5,13.6,13.25,13.5,1167581
2011-04-12,13.3,13.65,13.3,13.4,530666
2011-04-13,13.3,13.4,13.15,13.2,554503
2011-04-14,13.3,13.75,13.3,13.4,1171862
2011-04-15,13.5,13.6,13.15,13.2,735068
2011-04-18,13.2,13.35,13.1,13.15,431170
2011-04-19,13.0,13.05,12.8,13.0,550898
2011-04-20,13.6,13.6,13.25,13.4,1619060
2011-04-21,13.5,13.55,13.25,13.25,436281
2011-04-22,13.05,13.4,13.05,13.2,325522
2011-04-25,13.05,13.3,13.05,13.1,329927
2011-04-26,13.1,13.2,13.0,13.05,200027
2011-04-27,13.1,13.3,13.1,13.2,295086
2011-04-28,13.3,13.3,13.0,13.05,353908
2011-04-29,13.05,13.05,12.7,12.75,381462
2011-05-03,12.75,12.85,12.3,12.45,420396
2011-05-04,12.3,12.75,12.3,12.75,294644
2011-05-05,12.6,12.75,12.5,12.5,220472
2011-05-06,12.45,12.5,12.4,12.5,186038
2011-05-09,12.5,13.35,12.5,13.35,1714490
2011-05-10,13.25,13.35,13.0,13.25,920900
2011-05-11,13.25,13.6,13.0,13.0,2544001
2011-05-12,13.0,13.2,12.9,12.9,387225
2011-05-13,13.0,13.3,12.85,13.3,412928
2011-05-16,13.3,13.3,12.85,12.85,423500
2011-05-17,12.7,12.95,12.7,12.7,118223
2011-05-18,12.7,12.95,12.7,12.95,128183
2011-05-19,12.9,13.0,12.6,12.7,162900
2011-05-20,13.0,13.0,12.6,12.65,190150
2011-05-23,12.5,12.5,12.4,12.45,195553
2011-05-24,12.4,13.3,12.35,13.2,568000
2011-05-25,13.0,13.15,12.8,13.1,529430
2011-05-26,13.05,13.25,12.8,12.8,1025610
2011-05-27,12.9,12.95,12.75,12.8,162158
2011-05-30,12.8,13.25,12.8,12.9,2827560
2011-05-31,12.9,12.95,12.65,12.7,886791
2011-06-01,12.75,12.8,12.6,12.6,666000
2011-06-02,12.6,12.6,12.45,12.45,400850
2011-06-03,12.5,12.65,12.45,12.65,153001
2011-06-07,12.65,12.65,12.5,12.65,138002
2011-06-08,12.65,12.65,12.5,12.5,120009
2011-06-09,12.5,12.65,12.45,12.6,189000
2011-06-10,12.7,12.7,12.4,12.4,274144
2011-06-13,12.3,12.35,12.0,12.0,509297
2011-06-14,12.1,12.3,12.1,12.15,163550
2011-06-15,12.15,12.3,12.0,12.0,471360
2011-06-16,12.0,12.0,11.5,11.6,438020
2011-06-17,11.7,11.95,11.45,11.6,320300
2011-06-20,11.7,11.7,11.5,11.5,312748
2011-06-21,11.5,11.65,11.5,11.55,162107
2011-06-22,11.6,11.85,11.6,11.6,168107
2011-06-23,11.6,11.75,11.6,11.7,55001
2011-06-24,11.7,11.95,11.65,11.95,278999
2011-06-27,11.85,12.0,11.85,12.0,103800
2011-06-28,12.1,12.3,12.0,12.1,194750
2011-06-29,12.1,12.15,12.0,12.15,158010
2011-06-30,12.15,12.25,12.1,12.1,42011
2011-07-01,12.05,12.2,12.05,12.1,70360
2011-07-04,11.9,12.15,11.9,11.95,141000
2011-07-05,12.1,12.15,11.95,12.0,115474
2011-07-06,12.05,12.05,11.9,11.95,166003
2011-07-07,12.05,12.15,11.9,12.1,181177
2011-07-08,12.1,12.1,12.0,12.1,170837
2011-07-11,12.0,12.0,11.85,11.95,161000
2011-07-12,12.3,12.3,11.8,12.05,387100
2011-07-13,12.05,12.1,11.95,12.0,127160
2011-07-14,11.9,12.1,11.6,11.85,164422
2011-07-15,11.8,12.1,11.7,12.05,205497
2011-07-18,12.1,12.15,11.95,11.95,86000
2011-07-19,11.9,11.9,11.85,11.9,159100
2011-07-20,12.0,12.25,12.0,12.2,269035
2011-07-21,12.05,12.15,12.05,12.15,102000
2011-07-22,12.15,12.55,12.15,12.5,500768
2011-07-25,12.5,12.5,12.05,12.1,166277
2011-07-26,12.45,12.9,12.45,12.75,1217948
2011-07-27,12.6,12.7,12.35,12.7,499452
2011-07-28,12.4,12.5,12.35,12.4,279400
2011-07-29,12.5,13.2,12.5,12.5,526100
2011-08-01,12.55,12.8,12.55,12.75,375062
2011-08-02,12.6,12.65,12.5,12.6,135324
2011-08-03,12.45,12.5,12.2,12.25,350000
2011-08-04,12.2,12.5,12.2,12.3,127000
2011-08-05,11.45,11.7,11.45,11.45,530999
2011-08-08,11.05,11.35,10.75,11.35,421000
2011-08-09,10.75,11.35,10.6,11.25,406000
2011-08-10,11.35,11.7,11.2,11.7,712003
2011-08-11,11.3,11.65,11.2,11.65,274000
2011-08-12,11.7,11.9,11.3,11.4,263774
2011-08-15,11.45,11.5,11.4,11.5,169329
2011-08-16,11.6,11.65,11.45,11.45,180183
2011-08-17,11.5,11.6,11.45,11.45,137496
2011-08-18,11.45,11.45,11.2,11.35,202000
2011-08-19,11.2,11.2,10.7,10.9,160023
2011-08-22,10.8,10.9,10.5,10.8,176006
2011-08-23,10.8,11.0,10.8,10.95,207000
2011-08-24,11.0,11.45,10.8,11.4,207000
2011-08-25,11.1,11.2,11.0,11.1,87292
2011-08-26,11.05,11.2,10.9,11.05,61472
2011-08-29,11.15,11.35,11.1,11.2,111000
2011-08-30,11.0,11.3,11.0,11.25,64672
2011-08-31,11.05,11.25,10.95,11.15,208000
2011-09-01,11.3,11.4,11.15,11.2,277725
2011-09-02,11.3,11.3,10.9,11.2,170145
2011-09-05,11.05,11.05,10.7,10.85,229000
2011-09-06,10.6,10.8,10.5,10.6,164000
2011-09-07,10.8,10.85,10.65,10.8,70372
2011-09-08,10.8,10.9,10.8,10.9,52176
2011-09-09,10.9,10.95,10.75,10.85,44919
2011-09-13,10.75,10.75,10.5,10.5,154100
2011-09-14,10.35,10.65,9.97,10.1,278000
2011-09-15,10.45,10.45,10.05,10.45,128798
2011-09-16,10.5,10.85,10.5,10.85,164025
2011-09-19,10.85,10.85,10.65,10.65,11390
2011-09-20,10.3,10.9,10.3,10.9,100000
2011-09-21,10.8,10.8,10.6,10.7,63000
2011-09-22,10.6,10.6,10.2,10.25,205136
2011-09-23,10.1,10.1,9.81,10.0,320305
2011-09-26,9.9,9.9,9.7,9.9,183000
2011-09-27,9.7,10.2,9.7,10.0,166165
2011-09-28,10.0,10.05,9.95,10.0,27050
2011-09-29,9.75,10.35,9.75,10.15,75050
2011-09-30,10.35,10.35,10.0,10.15,64150
2011-10-03,10.0,10.0,9.9,9.99,75183
2011-10-04,9.85,10.05,9.79,10.0,360100
2011-10-05,10.2,10.2,10.0,10.1,78076
2011-10-06,10.1,10.5,10.1,10.35,246020
2011-10-07,10.35,10.45,10.25,10.4,82790
2011-10-11,10.4,10.5,10.35,10.5,168000
2011-10-12,10.5,10.5,10.3,10.4,79755
2011-10-13,10.45,10.5,10.45,10.5,63106
2011-10-14,10.5,10.6,10.3,10.4,108679
2011-10-17,10.55,10.7,10.45,10.65,118000
2011-10-18,10.6,10.6,10.4,10.5,35350
2011-10-19,10.35,10.55,10.2,10.4,39001
2011-10-20,10.3,10.3,10.2,10.25,50000
2011-10-21,10.25,10.3,10.1,10.15,23001
2011-10-24,10.35,10.85,10.35,10.85,527000
2011-10-25,10.9,10.9,10.6,10.65,94000
2011-10-26,10.5,10.8,10.5,10.8,85000
2011-10-27,10.75,10.9,10.65,10.7,115000
2011-10-28,10.9,11.2,10.8,10.8,201161
2011-10-31,10.8,10.9,10.55,10.65,63002
2011-11-01,10.7,11.15,10.6,11.0,243045
2011-11-02,10.9,10.9,10.75,10.85,113000
2011-11-03,11.0,11.0,10.6,10.7,60000
2011-11-04,10.55,11.0,10.55,10.9,178000
2011-11-07,10.8,10.95,10.8,10.9,72382
2011-11-08,10.55,10.9,10.55,10.8,122215
2011-11-09,10.8,10.8,10.6,10.7,119133
2011-11-10,10.6,10.65,10.45,10.6,39972
2011-11-11,10.55,10.7,10.45,10.7,192050
2011-11-14,10.75,11.25,10.75,10.8,123050
2011-11-15,10.85,10.85,10.65,10.8,63000
2011-11-16,10.8,10.8,10.55,10.65,96000
2011-11-17,10.65,10.65,10.6,10.6,39250
2011-11-18,10.4,10.45,10.25,10.45,219750
2011-11-21,10.25,10.25,10.0,10.15,117000
2011-11-22,10.0,10.05,9.93,10.05,189665
2011-11-23,10.0,10.0,9.7,9.78,267000
2011-11-24,9.78,10.0,9.78,9.95,124233
2011-11-25,9.8,10.25,9.8,9.91,63050
2011-11-28,9.98,10.25,9.98,10.0,89155
2011-11-29,10.3,10.3,10.0,10.15,75035
2011-11-30,10.0,10.0,9.76,9.78,62000
2011-12-01,10.2,10.3,10.05,10.3,173542
2011-12-02,10.3,10.3,10.1,10.15,52308
2011-12-05,10.2,10.35,10.15,10.35,49034
2011-12-06,10.15,10.45,10.1,10.3,38000
2011-12-07,10.3,10.45,10.2,10.3,64001
2011-12-08,10.1,10.2,10.05,10.05,13000
2011-12-09,9.9,10.15,9.9,10.15,57000
2011-12-12,10.2,10.2,10.05,10.15,7652
2011-12-13,10.0,10.0,9.91,9.98,13000
2011-12-14,10.0,10.1,9.96,10.1,21000
2011-12-15,9.92,9.99,9.85,9.95,53000
2011-12-16,9.8,9.97,9.7,9.97,196000
2011-12-19,9.81,9.81,9.45,9.78,344946
2011-12-20,9.74,9.78,9.45,9.7,50976
2011-12-21,9.82,10.25,9.82,9.96,162000
2011-12-22,10.05,10.05,9.86,9.9,58393
2011-12-23,9.95,10.15,9.91,10.15,209799
2011-12-26,10.1,10.1,9.96,9.96,67000
2011-12-27,9.88,10.05,9.88,10.05,27300
2011-12-28,10.0,10.25,9.92,10.25,155143
2011-12-29,9.97,10.2,9.97,10.05,57250
2011-12-30,10.25,10.25,10.05,10.1,134000
2012-01-02,9.81,10.05,9.81,10.05,61001
2012-01-03,10.05,10.05,9.97,10.0,45000
2012-01-04,10.05,10.05,9.85,9.95,77050
2012-01-05,9.95,9.98,9.88,9.98,150117
2012-01-06,9.85,9.9,9.72,9.73,156838
2012-01-09,9.73,9.73,9.5,9.58,245433
2012-01-10,9.58,9.72,9.58,9.66,212026
2012-01-11,9.79,9.79,9.73,9.73,23201
2012-01-12,9.73,9.79,9.62,9.67,164001
2012-01-13,9.66,9.82,9.66,9.72,160102
2012-01-16,9.88,10.1,9.72,9.72,147354
2012-01-17,9.84,10.1,9.75,9.95,142207
2012-01-18,9.99,9.99,9.8,9.8,81000
2012-01-30,9.92,10.35,9.92,10.3,390708
2012-01-31,10.35,10.5,10.05,10.5,148292
2012-02-01,10.5,10.5,10.25,10.45,205000
2012-02-02,10.45,10.8,10.4,10.8,466250
2012-02-03,10.65,10.75,10.4,10.75,286141
2012-02-04,10.7,11.3,10.55,10.95,418000
2012-02-06,10.9,10.9,10.65,10.8,216167
2012-02-07,10.8,10.8,10.5,10.8,227501
2012-02-08,10.8,11.15,10.7,10.9,156000
2012-02-09,10.9,10.95,10.7,10.9,159069
2012-02-10,10.9,11.1,10.8,11.1,286184
2012-02-13,11.05,11.35,11.0,11.2,309000
2012-02-14,11.4,11.4,10.9,11.2,212284
2012-02-15,11.15,11.25,11.05,11.25,288005
2012-02-16,11.25,11.25,11.0,11.0,157050
2012-02-17,11.15,11.2,11.0,11.1,212500
2012-02-20,11.1,11.3,11.05,11.3,196088
2012-02-21,11.2,11.2,11.05,11.1,107050
2012-02-22,11.1,11.35,11.1,11.3,231137
2012-02-23,11.3,11.3,11.2,11.2,111892
2012-02-24,11.15,11.2,11.05,11.15,87027
2012-02-29,11.2,11.35,11.1,11.35,235601
2012-03-01,11.15,11.35,11.15,11.3,125150
2012-03-02,11.45,11.45,11.25,11.45,275001
2012-03-03,11.45,11.5,11.3,11.45,452007
2012-03-05,11.35,11.55,11.25,11.35,115220
2012-03-06,11.5,11.5,11.1,11.25,103001
2012-03-07,11.2,11.35,11.2,11.35,94164
2012-03-08,11.5,11.5,11.3,11.4,278382
2012-03-09,11.25,11.45,11.25,11.35,87317
2012-03-12,11.3,11.6,11.3,11.45,410000
2012-03-13,11.5,11.9,11.45,11.75,978381
2012-03-14,11.9,12.55,11.75,12.55,2073141
2012-03-15,12.3,12.5,12.2,12.45,518000
2012-03-16,12.45,12.5,12.05,12.4,671690
2012-03-19,12.3,12.3,12.0,12.15,138891
2012-03-20,12.05,12.1,12.0,12.0,101031
2012-03-21,11.8,12.15,11.8,12.0,201000
2012-03-22,12.05,12.25,12.0,12.25,228451
2012-03-23,12.2,12.25,12.0,12.1,242050
2012-03-26,12.1,12.15,11.95,11.95,200002
2012-03-27,11.95,12.0,11.85,11.85,131333
2012-03-28,11.85,11.95,11.8,11.85,149000
2012-03-29,11.8,11.85,11.2,11.3,300127
2012-03-30,11.35,11.65,11.35,11.5,429145
2012-04-02,11.3,11.65,11.3,11.5,2124003
2012-04-03,11.4,12.05,11.4,11.65,417183
2012-04-05,11.2,11.55,11.2,11.4,58001
2012-04-06,11.25,11.8,11.25,11.6,206054
2012-04-09,11.5,11.95,11.4,11.4,147000
2012-04-10,11.7,12.15,11.7,11.95,223199
2012-04-11,11.7,12.25,11.65,12.1,293133
2012-04-12,12.1,12.3,11.9,12.3,219050
2012-04-13,12.25,12.25,11.85,12.2,160000
2012-04-16,12.0,12.1,11.85,11.95,113000
2012-04-17,11.95,12.15,11.8,12.05,242002
2012-04-18,11.95,12.75,11.9,12.5,940208
2012-04-19,12.6,12.65,12.25,12.6,5124216
2012-04-20,12.6,12.75,12.25,12.35,227001
2012-04-23,12.35,12.5,12.15,12.25,4670633
2012-04-24,12.1,12.15,12.0,12.1,467004
2012-04-25,12.15,12.15,12.0,12.05,129000
2012-04-26,12.0,12.7,11.9,12.45,614060
2012-04-27,12.5,12.5,12.15,12.3,2884000
2012-04-30,12.1,12.35,12.0,12.0,163233
2012-05-02,12.1,12.4,12.1,12.3,193000
2012-05-03,12.3,12.5,12.2,12.5,91183
2012-05-04,12.5,12.75,12.3,12.55,331010
2012-05-07,12.4,12.4,12.25,12.3,165002
2012-05-08,12.35,12.4,12.2,12.4,72000
2012-05-09,12.25,12.3,12.15,12.25,116251
2012-05-10,12.2,12.2,12.15,12.15,111530
2012-05-11,12.15,12.15,11.9,12.1,250000
2012-05-14,12.0,12.0,11.7,11.8,164000
2012-05-15,11.8,11.8,11.5,11.75,131136
2012-05-16,11.75,11.75,11.3,11.4,72000
2012-05-17,11.6,11.6,11.3,11.6,96000
2012-05-18,11.35,11.6,11.25,11.5,111992
2012-05-21,11.55,11.7,11.45,11.7,52356
2012-05-22,11.75,12.1,11.75,11.9,292000
2012-05-23,11.8,11.8,11.6,11.8,115000
2012-05-24,11.8,12.0,11.65,11.65,26179
2012-05-25,11.65,11.85,11.4,11.65,34000
2012-05-28,11.25,11.65,11.25,11.65,84102
2012-05-29,11.6,12.1,11.6,12.1,244000
2012-05-30,11.9,12.0,11.7,11.95,64044
2012-05-31,11.85,11.95,11.6,11.95,80107
2012-06-01,11.85,11.95,11.7,11.85,53313
2012-06-04,11.5,11.5,11.2,11.5,77183
2012-06-05,11.6,11.95,11.45,11.55,42250
2012-06-06,11.6,11.65,11.6,11.6,57000
2012-06-07,11.6,11.85,11.6,11.6,46116
2012-06-08,11.65,11.65,11.6,11.6,2000
2012-06-11,11.7,11.85,11.6,11.85,59178
2012-06-12,11.75,11.75,11.65,11.7,32000
2012-06-13,11.9,11.9,11.7,11.85,68000
2012-06-14,11.85,12.05,11.8,12.05,79000
2012-06-15,12.0,12.15,11.8,12.05,142320
2012-06-18,12.3,12.3,11.9,12.1,206151
2012-06-19,12.15,12.15,11.95,11.95,26003
2012-06-20,12.15,12.2,11.95,12.15,125001
2012-06-21,12.1,12.1,11.85,12.1,132100
2012-06-22,11.9,11.9,11.75,11.8,81003
2012-06-25,11.9,11.9,11.65,11.75,105474
2012-06-26,11.7,11.8,11.6,11.65,57799
2012-06-27,11.7,11.7,11.55,11.55,106001
2012-06-28,11.65,11.65,11.5,11.55,143402
2012-06-29,11.6,11.8,11.4,11.8,184496
2012-07-02,11.85,11.85,11.7,11.75,24001
2012-07-03,11.75,12.15,11.75,12.0,113030
2012-07-04,12.2,12.2,11.95,12.1,128002
2012-07-05,12.1,12.1,11.9,11.95,15257
2012-07-06,11.85,12.0,11.85,11.9,23925
2012-07-09,11.9,12.0,11.8,12.0,23000
2012-07-10,12.0,12.0,11.85,11.85,15625
2012-07-11,11.85,11.95,11.85,11.9,24020
2012-07-12,11.95,12.0,11.6,11.9,54593
2012-07-13,11.9,11.9,11.85,11.9,18259
2012-07-16,11.9,11.9,11.75,11.75,25001
2012-07-17,11.9,11.9,11.7,11.75,50001
2012-07-18,11.8,11.85,11.75,11.75,33000
2012-07-19,11.8,11.95,11.8,11.95,25000
2012-07-20,11.8,11.85,11.75,11.8,19206
2012-07-23,11.85,11.85,11.55,11.65,196159
2012-07-24,11.5,11.65,11.4,11.5,59200
2012-07-25,11.55,11.6,11.5,11.6,22661
2012-07-26,11.75,11.75,11.6,11.6,10002
2012-07-27,11.55,12.05,11.55,12.05,90159
2012-07-30,11.95,11.95,11.85,11.95,34002
2012-07-31,11.8,11.9,11.8,11.9,37056
2012-08-01,11.85,11.95,11.85,11.95,45052
2012-08-03,11.9,11.95,11.9,11.95,40000
2012-08-06,12.0,12.0,11.95,11.95,49999
2012-08-07,11.9,11.9,11.8,11.8,114760
2012-08-08,11.8,12.05,11.8,11.9,125200
2012-08-09,11.85,12.1,11.8,12.1,169417
2012-08-10,12.05,12.15,11.95,12.15,259999
2012-08-13,12.15,12.3,12.1,12.25,211100
2012-08-14,12.25,12.3,12.1,12.25,137001
2012-08-15,12.25,12.35,12.15,12.15,137131
2012-08-16,12.2,12.5,12.2,12.4,248074
2012-08-17,12.45,12.6,12.35,12.35,148140
2012-08-20,12.3,12.3,12.1,12.15,65350
2012-08-21,12.2,12.5,12.2,12.5,144840
2012-08-22,12.5,12.5,12.2,12.4,101150
2012-08-23,12.4,12.5,12.35,12.45,62183
2012-08-24,12.3,12.4,12.3,12.4,41167
2012-08-27,12.4,12.7,12.4,12.7,301268
2012-08-28,12.7,13.05,12.7,12.95,516421
2012-08-29,12.95,13.05,12.75,12.9,174100
2012-08-30,12.8,12.85,12.6,12.7,92300
2012-08-31,12.75,13.0,12.5,13.0,116999
2012-09-03,12.95,13.05,12.75,13.05,357326
2012-09-04,13.0,13.05,12.85,13.0,174326
2012-09-05,12.9,13.0,12.8,12.9,146074
2012-09-06,12.95,13.4,12.9,13.25,518013
2012-09-07,13.6,13.7,13.25,13.4,532850
2012-09-10,13.65,13.8,13.4,13.55,820149
2012-09-11,13.5,14.45,13.5,14.2,3533434
2012-09-12,14.3,14.3,13.8,14.15,1281000
2012-09-13,14.2,14.2,13.9,13.9,551088
2012-09-14,14.05,14.2,14.0,14.1,732708
2012-09-17,14.1,14.15,14.0,14.1,269600
2012-09-18,14.0,14.0,13.8,13.85,274416
2012-09-19,13.85,13.9,13.7,13.85,480079
2012-09-20,13.95,14.1,13.7,13.8,408131
2012-09-21,13.8,14.0,13.6,14.0,435626
2012-09-24,13.85,14.7,13.8,14.35,2168000
2012-09-25,14.3,14.3,13.9,13.9,808169
2012-09-26,13.6,13.85,13.5,13.5,284551
2012-09-27,13.5,13.6,13.2,13.2,448381
2012-09-28,13.3,13.5,13.1,13.4,284161
2012-10-01,13.35,13.55,13.3,13.55,242861
2012-10-02,13.45,13.65,13.4,13.45,271000
2012-10-03,13.4,13.5,13.3,13.4,266006
2012-10-04,13.45,13.45,13.3,13.45,232000
2012-10-05,13.5,13.55,13.45,13.55,252333
2012-10-08,13.5,13.5,13.3,13.3,153383
2012-10-09,13.45,13.5,13.25,13.4,527000
2012-10-11,13.25,13.25,12.95,13.2,593160
2012-10-12,13.1,13.15,12.8,12.9,240047
2012-10-15,12.9,13.0,12.7,13.0,400019
2012-10-16,13.05,13.1,13.0,13.05,147466
2012-10-17,13.1,13.15,13.0,13.0,217200
2012-10-18,13.05,13.15,13.0,13.15,164000
2012-10-19,13.15,13.15,13.0,13.1,47000
2012-10-22,12.85,13.0,12.85,13.0,36973
2012-10-23,12.85,13.0,12.85,12.95,60000
2012-10-24,12.8,13.1,12.8,12.9,211198
2012-10-25,13.0,13.1,12.85,13.1,71000
2012-10-26,13.2,13.2,12.5,12.5,434000
2012-10-29,12.3,12.5,12.3,12.45,322000
2012-10-30,12.5,12.95,12.5,12.8,207000
2012-10-31,12.95,13.0,12.75,12.75,56000
2012-11-01,12.75,12.85,12.7,12.7,68000
2012-11-02,12.85,12.9,12.65,12.65,102165
2012-11-05,12.55,12.55,12.4,12.45,73691
2012-11-06,12.35,12.55,12.35,12.55,119000
2012-11-07,12.5,12.7,12.45,12.6,159260
2012-11-08,12.4,12.4,12.3,12.35,186100
2012-11-09,12.35,12.8,12.3,12.8,280000
2012-11-12,12.6,12.8,12.6,12.75,77001
2012-11-13,12.7,12.75,12.45,12.75,152000
2012-11-14,12.55,12.55,12.35,12.35,127000
2012-11-15,12.3,12.65,12.3,12.6,157000
2012-11-16,12.55,12.6,12.4,12.4,122009
2012-11-19,12.4,12.4,12.35,12.4,57000
2012-11-20,12.4,12.5,12.3,12.5,136999
2012-11-21,12.4,12.45,11.8,11.8,236393
2012-11-22,12.1,12.1,11.95,12.0,212094
2012-11-23,12.05,12.4,12.0,12.4,218999
2012-11-26,12.5,12.65,12.5,12.6,124000
2012-11-27,12.5,12.7,12.5,12.5,70506
2012-11-28,12.5,12.75,12.35,12.75,113000
2012-11-29,12.7,12.85,12.55,12.8,161000
2012-11-30,12.8,13.0,12.75,13.0,192622
2012-12-03,13.0,13.1,12.7,12.95,109378
2012-12-04,12.9,12.95,12.8,12.95,71425
2012-12-05,12.95,13.35,12.95,13.35,180728
2012-12-06,13.0,13.25,12.95,13.1,90030
2012-12-07,12.5,13.3,12.5,13.25,166590
2012-12-10,13.25,13.3,13.1,13.25,41354
2012-12-11,13.25,13.55,13.0,13.2,74000
2012-12-12,13.1,13.5,13.1,13.25,72000
2012-12-13,13.25,13.5,13.0,13.25,102979
2012-12-14,13.25,13.25,13.05,13.25,106564
2012-12-17,13.15,13.2,12.8,13.05,70000
2012-12-18,13.05,13.25,12.9,13.25,139000
2012-12-19,13.25,13.25,13.05,13.05,98000
2012-12-20,13.0,13.15,12.95,13.15,50000
2012-12-21,12.95,13.1,12.85,13.05,66513
2012-12-22,13.1,13.9,12.7,13.8,354873
2012-12-24,13.8,13.8,13.5,13.5,100270
2012-12-25,13.45,13.9,13.35,13.75,270500
2012-12-26,13.65,14.15,13.55,14.0,415172
2012-12-27,14.1,14.1,13.7,13.95,126320
2012-12-28,14.0,14.2,13.8,14.1,275000
2013-01-02,14.15,14.2,13.95,13.95,169030
2013-01-03,14.25,14.45,13.75,14.05,379248
2013-01-04,14.0,14.15,13.8,13.8,139166
2013-01-07,13.9,14.0,13.75,14.0,194552
2013-01-08,13.8,14.05,13.8,14.05,174000
2013-01-09,13.95,14.05,13.75,14.05,281006
2013-01-10,14.05,14.05,13.75,14.0,308034
2013-01-11,13.95,13.95,13.75,13.75,238000
2013-01-14,13.75,13.75,13.5,13.65,393850
2013-01-15,13.6,13.85,13.45,13.8,235010
2013-01-16,13.5,13.65,13.35,13.55,245000
2013-01-17,13.45,13.55,13.25,13.3,212069
2013-01-18,13.4,13.55,13.3,13.5,81000
2013-01-21,13.4,13.45,13.4,13.4,38000
2013-01-22,13.5,13.6,13.3,13.6,157845
2013-01-23,13.55,13.7,13.4,13.7,77079
2013-01-24,13.5,13.6,13.4,13.55,152867
2013-01-25,13.35,13.55,13.25,13.55,186000
2013-01-28,13.45,13.55,13.4,13.55,41008
2013-01-29,13.6,13.6,13.45,13.45,18725
2013-01-30,13.5,13.7,13.45,13.7,129999
2013-01-31,13.65,13.7,13.5,13.7,121000
2013-02-01,13.7,13.7,13.5,13.5,34365
2013-02-04,13.5,13.9,13.5,13.8,260029
2013-02-05,13.65,13.75,13.55,13.7,129761
2013-02-06,13.7,13.75,13.5,13.5,248276
2013-02-18,13.7,13.7,13.45,13.5,81327
2013-02-19,13.6,13.7,13.3,13.3,104243
2013-02-20,13.45,13.45,13.3,13.3,175283
2013-02-21,13.2,13.45,13.1,13.45,177117
2013-02-22,13.35,13.4,13.15,13.4,152436
2013-02-23,13.3,13.35,13.25,13.35,59650
2013-02-25,13.3,13.4,13.25,13.4,167183
2013-02-26,13.2,13.35,13.15,13.35,85000
2013-02-27,13.35,13.35,13.2,13.35,57000
2013-03-01,13.35,14.05,13.35,14.05,554331
2013-03-04,14.05,14.05,13.75,13.75,325849
2013-03-05,13.75,13.95,13.7,13.9,271250
2013-03-06,13.95,14.15,13.9,13.95,247631
2013-03-07,13.95,13.95,13.65,13.75,109000
2013-03-08,13.8,14.1,13.8,14.0,164174
2013-03-11,14.0,14.0,13.75,13.8,235397
2013-03-12,13.8,13.9,13.6,13.8,186822
2013-03-13,13.7,13.8,13.65,13.65,54382
2013-03-14,13.8,13.85,13.55,13.7,114000
2013-03-15,13.8,13.8,13.65,13.65,48051
2013-03-18,13.45,13.55,13.35,13.35,124100
2013-03-19,13.45,13.75,13.4,13.5,316000
2013-03-20,13.3,13.5,13.3,13.3,137509
2013-03-21,13.3,13.6,13.3,13.55,596019
2013-03-22,13.5,13.55,13.45,13.45,24069
2013-03-25,13.65,13.75,13.55,13.65,158000
2013-03-26,13.65,13.75,13.55,13.65,88000
2013-03-27,13.6,13.8,13.5,13.75,122150
2013-03-28,13.75,13.85,13.65,13.8,139090
2013-03-29,13.85,13.85,13.65,13.65,45013
2013-04-01,13.65,13.75,13.65,13.65,87176
2013-04-02,13.65,14.0,13.65,13.75,378552
2013-04-03,13.8,14.05,13.8,13.95,6873571
2013-04-08,14.0,14.0,13.7,13.85,654430
2013-04-09,13.85,13.9,13.7,13.7,628001
2013-04-10,13.75,13.9,13.75,13.9,444000
2013-04-11,14.0,14.0,13.9,14.0,470412
2013-04-12,14.0,14.05,13.85,14.0,724855
2013-04-15,13.95,14.0,13.85,13.85,663000
2013-04-16,13.85,13.9,13.75,13.85,584262
2013-04-17,13.8,14.0,13.8,13.95,893047
2013-04-18,13.85,14.1,13.85,14.1,649493
2013-04-19,14.0,14.2,13.9,14.15,853630
2013-04-22,14.2,14.45,14.15,14.4,1793465
2013-04-23,14.35,14.4,14.1,14.35,1446000
2013-04-24,14.35,14.5,14.3,14.5,7449014
2013-04-25,14.5,14.5,14.3,14.45,277000
2013-04-26,14.3,14.45,14.3,14.4,136496
2013-04-29,14.4,14.4,14.15,14.35,170000
2013-04-30,14.5,14.5,14.3,14.4,1288047
2013-05-02,14.35,14.35,14.25,14.25,73045
2013-05-03,14.3,14.4,14.25,14.35,1129478
2013-05-06,14.35,14.5,14.3,14.45,2236012
2013-05-07,14.4,14.45,14.35,14.35,77786
2013-05-08,14.2,14.75,14.15,14.35,1873823
2013-05-09,14.55,14.6,14.3,14.45,3153520
2013-05-10,14.45,14.6,14.2,14.35,266108
2013-05-13,14.35,14.35,14.25,14.25,46614
2013-05-14,14.25,14.45,14.15,14.35,1849005
2013-05-15,14.35,14.4,14.15,14.4,2238942
2013-05-16,14.5,14.5,14.3,14.45,2322000
2013-05-17,14.4,14.5,14.35,14.45,138509
2013-05-20,14.3,14.3,14.15,14.3,446204
2013-05-21,14.3,14.35,14.2,14.2,360225
2013-05-22,14.2,14.65,14.2,14.65,475210
2013-05-23,14.6,14.6,14.3,14.35,342224
2013-05-24,14.25,14.5,14.25,14.45,271005
2013-05-27,14.45,14.55,14.4,14.5,178003
2013-05-28,14.5,14.55,14.4,14.5,620000
2013-05-29,14.5,14.6,14.45,14.6,161563
2013-05-30,14.55,14.75,14.4,14.75,134000
2013-05-31,14.8,15.3,14.6,15.3,1371468
2013-06-03,15.15,15.35,14.8,15.35,287913
2013-06-04,15.35,15.4,15.1,15.15,265000
2013-06-05,15.1,15.2,14.9,15.1,292942
2013-06-06,14.85,15.0,14.75,14.8,108000
2013-06-07,14.75,15.75,14.75,15.55,783817
2013-06-10,16.1,16.1,15.7,15.9,463157
2013-06-11,15.9,15.95,15.3,15.95,319627
2013-06-13,15.85,15.9,15.55,15.65,185581
2013-06-14,15.5,15.75,15.3,15.6,195416
2013-06-17,15.25,15.6,15.25,15.6,159214
2013-06-18,15.45,15.45,15.15,15.25,87865
2013-06-19,15.25,15.55,15.25,15.5,216941
2013-06-20,15.3,15.3,15.05,15.15,62444
2013-06-21,14.65,15.1,14.5,15.1,172270
2013-06-24,15.0,15.6,14.6,15.4,259147
2013-06-25,15.15,15.15,14.7,15.05,148000
2013-06-26,14.8,15.45,14.8,15.45,288999
2013-06-27,15.3,15.45,15.05,15.35,67238
2013-06-28,15.3,15.35,15.0,15.35,87004
2013-07-01,15.05,15.55,14.95,15.55,187025
2013-07-02,15.5,15.5,15.25,15.45,51000
2013-07-03,15.25,15.3,15.2,15.2,15285
2013-07-04,15.4,15.7,15.25,15.4,54999
2013-07-05,15.2,15.6,15.2,15.6,136148
2013-07-08,15.6,15.6,15.3,15.45,110050
2013-07-09,15.3,15.55,15.3,15.45,139001
2013-07-10,15.45,15.5,15.45,15.45,49000
2013-07-11,15.45,15.8,15.4,15.6,386958
2013-07-12,15.6,15.65,15.4,15.65,128000
2013-07-15,15.6,15.6,15.4,15.5,48276
2013-07-16,15.4,15.55,15.35,15.35,97100
2013-07-17,15.25,15.45,15.15,15.3,66904
2013-07-18,15.4,15.5,15.1,15.5,129527
2013-07-19,15.3,15.35,15.05,15.2,130576
2013-07-22,15.05,15.2,14.95,15.2,355350
2013-07-23,15.2,15.2,15.05,15.15,41350
2013-07-24,15.25,15.25,15.05,15.2,48723
2013-07-25,15.25,15.25,15.05,15.2,18032
2013-07-26,15.3,15.3,15.1,15.1,11000
2013-07-29,15.2,15.2,14.9,15.2,66001
2013-07-30,15.2,15.9,15.1,15.9,273181
2013-07-31,15.9,15.9,15.25,15.55,145131
2013-08-01,15.55,15.55,15.2,15.4,105100
2013-08-02,15.5,15.55,15.2,15.35,68529
2013-08-05,15.15,15.3,15.1,15.3,45000
2013-08-06,15.05,15.15,15.0,15.05,88212
2013-08-07,15.0,15.1,14.3,14.8,532000
2013-08-08,14.5,14.9,14.5,14.85,130000
2013-08-09,14.7,15.05,14.7,14.85,149000
2013-08-12,14.85,15.0,14.75,14.85,85449
2013-08-13,14.85,14.85,14.7,14.7,101288
2013-08-14,14.7,14.8,14.65,14.65,119344
2013-08-15,14.7,14.75,14.65,14.75,85100
2013-08-16,14.7,14.95,14.7,14.95,104000
2013-08-19,15.0,15.0,14.7,14.95,901518
2013-08-20,14.95,14.95,14.8,14.95,83803
2013-08-22,14.9,14.9,14.7,14.8,43669
2013-08-23,14.85,15.0,14.8,15.0,86765
2013-08-26,14.95,15.0,14.85,14.85,114589
2013-08-27,14.85,14.85,14.75,14.85,88000
2013-08-28,14.7,14.85,14.7,14.85,70201
2013-08-29,14.85,14.95,14.7,14.95,103000
2013-08-30,14.9,15.0,14.85,15.0,64320
2013-09-02,15.0,15.5,15.0,15.4,258645
2013-09-03,15.25,15.7,15.1,15.65,353382
2013-09-04,15.3,15.6,15.3,15.45,29382
2013-09-05,15.45,15.6,15.35,15.6,239999
2013-09-06,15.6,15.6,15.4,15.6,136655
2013-09-09,15.3,15.5,15.3,15.35,99756
2013-09-10,15.3,15.45,15.05,15.35,135000
2013-09-11,15.35,15.35,15.15,15.35,71112
2013-09-12,15.35,15.5,15.15,15.5,193336
2013-09-13,15.25,15.4,15.2,15.4,103484
2013-09-14,15.25,15.35,15.15,15.25,81641
2013-09-16,15.25,15.95,15.25,15.9,262454
2013-09-17,15.7,15.8,15.55,15.6,94000
2013-09-18,15.7,15.75,15.5,15.75,196527
2013-09-23,15.75,15.9,15.6,15.85,215490
2013-09-24,15.85,16.0,15.65,16.0,118610
2013-09-25,16.0,16.0,15.75,16.0,111999
2013-09-26,15.7,15.95,15.7,15.9,82412
2013-09-27,15.75,15.9,15.7,15.9,77632
2013-09-30,15.9,15.9,15.65,15.65,35330
2013-10-01,15.75,15.75,15.4,15.65,110514
2013-10-02,15.55,15.65,15.45,15.6,87294
2013-10-03,15.5,15.9,15.5,15.7,57118
2013-10-04,15.7,15.7,15.55,15.7,51206
2013-10-07,15.6,15.8,15.6,15.75,167100
2013-10-08,15.8,16.2,15.7,16.2,375385
2013-10-09,16.1,16.15,15.9,15.9,152317
2013-10-11,16.05,16.8,16.05,16.45,322893
2013-10-14,16.55,16.7,16.3,16.3,102288
2013-10-15,16.1,16.75,16.1,16.7,211762
2013-10-16,16.7,16.7,16.5,16.6,78460
2013-10-17,16.6,16.7,16.35,16.55,91753
2013-10-18,16.4,16.55,16.3,16.55,109575
2013-10-21,16.5,16.55,16.35,16.35,1037210
2013-10-22,16.45,17.0,16.3,16.95,199128
2013-10-23,16.95,17.0,16.85,16.9,167922
2013-10-24,16.85,17.1,16.8,16.8,120000
2013-10-25,16.85,16.9,16.55,16.8,105999
2013-10-28,16.8,16.9,16.75,16.85,104136
2013-10-29,16.75,17.3,16.75,17.25,263170
2013-10-30,17.25,17.25,17.05,17.05,143817
2013-10-31,17.05,17.15,17.0,17.0,93000
2013-11-01,17.0,17.5,16.9,17.1,262905
2013-11-04,17.35,17.35,16.9,17.1,94055
2013-11-05,17.1,17.1,16.7,16.7,73396
2013-11-06,16.4,16.75,16.3,16.55,229323
2013-11-07,16.5,16.65,16.35,16.65,122000
2013-11-08,16.65,16.75,16.4,16.75,73260
2013-11-11,16.6,16.7,16.5,16.7,96107
2013-11-12,16.7,16.7,16.55,16.6,61178
2013-11-13,16.6,16.6,16.25,16.55,63000
2013-11-14,16.4,16.6,16.4,16.6,125271
2013-11-15,16.6,16.7,16.45,16.65,108325
2013-11-18,16.65,16.65,16.35,16.35,90328
2013-11-19,16.4,16.6,16.3,16.6,154798
2013-11-20,16.6,16.6,16.4,16.55,21950
2013-11-21,16.4,16.5,16.35,16.5,62000
2013-11-22,16.5,16.5,16.4,16.4,54000
2013-11-25,16.5,16.9,16.5,16.9,1461429
2013-11-26,16.9,17.5,16.8,17.3,399676
2013-11-27,17.3,17.3,16.9,17.15,200014
2013-11-28,17.15,17.25,17.05,17.25,308635
2013-11-29,17.25,17.35,17.2,17.25,231243
2013-12-02,17.4,17.4,17.05,17.3,71016
2013-12-03,17.35,17.35,17.1,17.2,52163
2013-12-04,17.3,17.4,17.2,17.25,293388
2013-12-05,17.25,17.25,16.7,16.9,141663
2013-12-06,16.9,16.9,16.7,16.9,72285
2013-12-09,16.85,17.1,16.8,17.0,128454
2013-12-10,17.05,17.05,16.85,16.95,53798
2013-12-11,17.0,17.05,16.85,17.0,69459
2013-12-12,16.9,16.95,16.8,16.95,55000
2013-12-13,16.8,17.3,16.75,17.3,235664
2013-12-16,17.3,17.3,17.1,17.2,120516
2013-12-17,17.3,17.3,17.1,17.3,106050
2013-12-18,17.15,17.25,17.05,17.2,90150
2013-12-19,17.25,17.25,17.05,17.05,66001
2013-12-20,17.0,17.25,17.0,17.2,100101
2013-12-23,17.25,17.4,17.25,17.25,160050
2013-12-24,17.25,17.25,17.05,17.1,70001
2013-12-25,17.15,17.3,17.0,17.1,156418
2013-12-26,17.05,17.15,17.0,17.15,68000
2013-12-27,16.95,17.4,16.95,17.4,207923
2013-12-30,17.4,17.6,17.3,17.6,252916
2013-12-31,17.65,17.65,17.35,17.5,127109
2014-01-02,17.5,17.8,17.5,17.8,115843
2014-01-03,17.6,17.65,17.45,17.45,37169
2014-01-06,17.45,17.5,17.15,17.35,130169
2014-01-07,17.4,17.55,17.2,17.55,138285
2014-01-08,17.5,17.6,17.4,17.5,170001
2014-01-09,17.4,17.4,17.15,17.4,133818
2014-01-10,17.45,17.45,17.2,17.4,122080
2014-01-13,17.6,17.6,17.25,17.5,60149
2014-01-14,17.5,17.55,17.25,17.4,88000
2014-01-15,17.35,17.5,17.3,17.5,153087
2014-01-16,17.55,17.55,17.35,17.35,59050
2014-01-17,17.4,17.4,17.3,17.3,34076
2014-01-20,17.2,17.3,17.15,17.15,51000
2014-01-21,17.1,17.1,16.9,17.05,76158
2014-01-22,17.05,17.05,16.95,16.95,100157
2014-01-23,16.9,16.9,16.65,16.8,175251
2014-01-24,16.8,17.1,16.8,16.8,79867
2014-01-27,16.65,17.0,16.65,16.85,64000
2014-02-05,16.75,17.0,16.45,17.0,125256
2014-02-06,16.8,16.8,16.5,16.7,153363
2014-02-07,16.7,16.95,16.45,16.95,207076
2014-02-10,16.95,17.0,16.7,17.0,74000
2014-02-11,16.95,17.1,16.9,17.05,72000
2014-02-12,16.95,17.0,16.65,16.85,183000
2014-02-13,16.7,16.85,16.65,16.8,46606
2014-02-14,16.85,16.85,16.65,16.65,25000
2014-02-17,16.65,16.65,16.45,16.5,81631
2014-02-18,16.6,16.6,16.4,16.4,211500
2014-02-19,16.45,16.55,16.3,16.5,162300
2014-02-20,16.5,17.05,16.5,17.0,318150
2014-02-21,17.0,17.1,16.9,17.05,348719
2014-02-24,17.05,17.15,17.0,17.15,3766496
2014-02-25,17.2,17.2,17.0,17.2,2995010
2014-02-26,17.1,17.2,17.0,17.2,119600
2014-02-27,17.0,17.15,16.95,17.0,64001
2014-03-03,17.0,17.15,17.0,17.05,598000
2014-03-04,17.2,17.2,16.95,17.15,54008
2014-03-05,17.2,17.2,17.0,17.2,248596
2014-03-06,17.2,17.2,17.0,17.1,41322
2014-03-07,17.0,17.2,16.7,16.7,110487
2014-03-10,16.7,17.1,16.6,17.1,33286
2014-03-11,17.05,17.05,16.8,16.8,9150
2014-03-12,16.8,16.95,16.7,16.8,31688
2014-03-13,16.85,16.85,16.7,16.85,35450
2014-03-14,16.85,17.0,16.75,17.0,49762
2014-03-17,17.0,17.1,16.9,17.1,66000
2014-03-18,17.25,17.25,16.9,16.9,81733
2014-03-19,16.9,16.9,16.6,16.85,78263
2014-03-20,16.7,16.85,16.7,16.7,11052
2014-03-21,16.6,16.7,16.55,16.55,57001
2014-03-24,16.45,16.7,16.45,16.7,36720
2014-03-25,16.85,17.0,16.85,17.0,35200
2014-03-26,16.95,16.95,16.9,16.9,6000
2014-03-27,17.0,17.5,16.9,17.15,3388789
2014-03-28,17.2,17.2,16.85,16.85,72844
2014-03-31,16.8,17.2,16.8,17.0,83415
2014-04-01,16.9,17.05,16.75,16.9,94163
2014-04-02,16.9,17.25,16.9,17.2,1195053
2014-04-03,17.05,17.05,16.8,17.0,36001
2014-04-07,16.8,16.9,16.8,16.8,174273
2014-04-08,16.8,16.9,16.6,16.6,137813
2014-04-09,16.8,16.9,16.6,16.8,145350
2014-04-10,16.6,16.9,16.6,16.85,117663
2014-04-11,16.6,16.9,16.6,16.9,99200
2014-04-14,16.65,16.9,16.65,16.9,47000
2014-04-15,16.75,16.85,16.7,16.8,142001
2014-04-16,16.7,16.95,16.65,16.9,375798
2014-04-17,16.9,16.9,16.75,16.75,22496
2014-04-18,16.8,16.8,16.5,16.6,231727
2014-04-21,16.5,16.55,16.35,16.35,64388
2014-04-22,16.6,16.6,16.4,16.4,32000
2014-04-23,16.55,16.55,16.15,16.15,112292
2014-04-24,16.2,16.5,16.0,16.05,140024
2014-04-25,16.0,16.05,15.5,15.6,271496
2014-04-28,15.6,16.1,15.55,16.1,129215
2014-04-29,16.0,16.5,16.0,16.5,81685
2014-04-30,16.5,16.5,16.0,16.0,250000
2014-05-02,16.35,16.35,16.0,16.3,55100
2014-05-05,16.3,16.3,16.2,16.25,23000
2014-05-06,16.2,16.35,16.1,16.35,85078
2014-05-07,16.1,16.15,16.1,16.1,14622
2014-05-08,16.1,16.2,16.1,16.2,12001
2014-05-09,16.05,16.05,16.0,16.05,34250
2014-05-12,15.0,16.2,15.0,16.1,190000
2014-05-13,15.85,15.85,15.5,15.85,101219
2014-05-14,15.6,16.15,15.6,16.15,263000
2014-05-15,16.1,16.1,15.85,16.0,25000
2014-05-16,15.75,15.95,15.75,15.85,12000
2014-05-19,15.8,16.0,15.8,16.0,93968
2014-05-20,15.85,16.0,15.8,15.8,19565
2014-05-21,15.8,15.8,15.6,15.65,20000
2014-05-22,15.8,15.9,15.8,15.9,62784
2014-05-23,15.95,15.95,15.95,15.95,10083
2014-05-26,15.95,15.95,15.7,15.75,50310
2014-05-27,15.85,15.9,15.55,15.9,61249
2014-05-28,15.7,15.95,15.7,15.95,20183
2014-05-29,15.8,16.0,15.8,15.95,40599
2014-05-30,15.9,15.9,15.55,15.8,310154
2014-06-03,15.8,15.8,15.6,15.6,349126
2014-06-04,15.5,15.65,15.45,15.65,59026
2014-06-05,15.7,15.7,15.55,15.65,16208
2014-06-06,15.65,15.65,15.35,15.55,60201
2014-06-09,15.3,15.55,15.3,15.55,101208
2014-06-10,15.5,15.55,15.5,15.55,24001
2014-06-11,15.35,15.45,15.3,15.3,36000
2014-06-12,15.15,15.3,15.1,15.2,46999
2014-06-13,15.3,15.5,15.2,15.5,69496
2014-06-16,15.45,15.45,15.3,15.45,28076
2014-06-17,15.5,15.9,15.5,15.7,251517
2014-06-18,15.8,15.85,15.55,15.8,454369
2014-06-19,15.9,15.9,15.6,15.85,2703181
2014-06-20,15.85,15.85,15.5,15.55,106050
2014-06-23,15.45,15.7,15.45,15.7,96918
2014-06-24,15.75,15.85,15.75,15.8,132605
2014-06-25,15.8,15.8,15.65,15.75,86073
2014-06-26,15.65,15.8,15.6,15.8,102000
2014-06-27,15.65,15.8,15.6,15.6,74864
2014-06-30,15.7,15.7,15.5,15.7,140472
2014-07-01,15.75,15.8,15.65,15.75,34773
2014-07-02,15.65,15.8,15.35,15.65,205150
2014-07-03,15.45,15.6,15.4,15.6,76134
2014-07-04,15.45,15.75,15.45,15.75,50646
2014-07-07,15.6,15.6,15.5,15.5,35000
2014-07-08,15.45,15.45,15.4,15.4,6500
2014-07-09,15.4,15.6,15.25,15.6,71000
2014-07-10,15.5,15.6,15.4,15.45,38229
2014-07-11,15.6,15.75,15.45,15.65,145100
2014-07-14,15.55,15.9,15.5,15.75,28150
2014-07-15,15.75,15.75,15.6,15.75,47100
2014-07-16,15.7,15.75,15.7,15.7,33064
2014-07-17,15.9,15.9,15.6,15.7,126132
2014-07-18,15.6,15.75,15.55,15.7,41000
2014-07-21,15.75,15.75,15.55,15.7,25087
2014-07-22,15.7,16.05,15.7,15.95,117372
2014-07-24,16.1,16.1,15.8,16.05,50001
2014-07-25,15.75,16.0,15.75,16.0,56622
2014-07-28,16.0,16.3,16.0,16.25,119475
2014-07-29,16.35,16.4,16.15,16.25,183001
2014-07-30,16.5,16.5,15.9,16.25,154000
2014-07-31,16.1,16.5,16.1,16.4,84000
2014-08-01,16.4,16.5,16.15,16.35,146288
2014-08-04,17.45,17.45,16.85,17.0,1134700
2014-08-05,16.8,16.8,16.1,16.7,465000
2014-08-06,16.7,16.7,16.2,16.25,69200
2014-08-07,16.15,16.7,16.15,16.25,129462
2014-08-08,16.25,16.25,16.0,16.2,51000
2014-08-11,16.25,16.25,15.3,15.8,417616
2014-08-12,15.4,15.65,15.3,15.65,151000
2014-08-13,15.65,15.8,15.5,15.6,80183
2014-08-14,15.6,15.6,15.25,15.25,118496
2014-08-15,15.25,15.3,15.1,15.3,39001
2014-08-18,15.2,15.2,15.1,15.2,32317
2014-08-19,15.3,15.55,15.15,15.45,55100
2014-08-20,15.55,15.55,15.25,15.45,26215
2014-08-21,15.25,15.4,15.15,15.2,88017
2014-08-22,15.25,15.95,15.25,15.95,194149
2014-08-25,15.8,16.25,15.8,16.2,94000
2014-08-26,16.5,16.5,16.1,16.25,89000
2014-08-27,16.35,16.6,16.25,16.55,210500
2014-08-28,16.55,16.65,16.4,16.55,93100
2014-08-29,16.55,16.7,16.45,16.55,40795
2014-09-01,16.55,16.8,16.3,16.35,66886
2014-09-02,16.35,16.65,16.2,16.5,79000
2014-09-03,16.65,16.8,16.4,16.6,23000
2014-09-04,16.6,16.6,16.4,16.6,44347
2014-09-05,16.6,16.7,16.5,16.7,36450
2014-09-09,16.7,16.7,16.4,16.65,79364
2014-09-10,16.45,16.55,16.35,16.55,16102
2014-09-11,16.5,16.5,16.25,16.4,364000
2014-09-12,16.25,16.4,16.1,16.1,24150
2014-09-15,16.45,16.45,16.1,16.4,13508
2014-09-16,16.2,16.2,16.0,16.1,25156
2014-09-17,16.25,16.25,15.3,15.9,263000
2014-09-18,15.8,15.8,15.5,15.5,38500
2014-09-19,15.8,16.0,15.8,16.0,14000
2014-09-22,15.7,16.45,15.65,16.45,29095
2014-09-23,16.4,16.4,15.9,15.9,16000
2014-09-24,16.1,16.7,16.1,16.4,124798
2014-09-25,16.4,16.55,16.0,16.1,78000
2014-09-26,16.05,16.05,15.8,16.0,26496
2014-09-29,16.15,16.15,16.05,16.05,2000
2014-09-30,16.0,16.8,15.8,16.75,407692
2014-10-01,16.75,16.75,16.55,16.65,29250
2014-10-02,16.5,16.7,16.5,16.5,18107
2014-10-03,16.35,16.65,16.25,16.25,36096
2014-10-06,16.25,16.25,16.1,16.1,16501
2014-10-07,16.0,16.35,15.9,16.0,91164
2014-10-08,16.0,16.2,15.95,15.95,15000
2014-10-09,15.95,16.0,15.85,15.85,26000
2014-10-13,15.3,16.2,15.3,15.95,193000
2014-10-14,16.0,16.0,15.6,15.75,33000
2014-10-15,15.55,15.7,15.0,15.35,197000
2014-10-16,15.1,15.5,15.1,15.5,84559
2014-10-17,15.3,15.3,14.75,15.1,202500
2014-10-20,15.1,15.2,14.8,14.9,129500
2014-10-21,14.8,14.8,14.6,14.7,47000
2014-10-22,14.7,14.8,14.5,14.65,146775
2014-10-23,14.5,14.5,14.2,14.5,88300
2014-10-24,14.4,14.5,13.9,14.5,271250
2014-10-27,14.4,14.4,14.05,14.4,74002
2014-10-28,14.55,14.95,14.25,14.85,139434
2014-10-29,14.5,15.1,14.5,15.1,32014
2014-10-30,15.1,15.35,14.85,15.35,48000
2014-10-31,15.6,15.65,15.05,15.65,131000
2014-11-03,15.45,15.45,15.1,15.45,113000
2014-11-04,15.15,15.4,15.05,15.4,90214
2014-11-05,15.25,15.4,15.2,15.4,71052
2014-11-06,15.25,15.35,15.2,15.35,37615
2014-11-07,15.2,15.4,15.15,15.4,38467
2014-11-10,15.35,15.5,15.35,15.45,32164
2014-11-11,15.5,16.1,15.45,15.9,57288
2014-11-12,15.55,16.2,15.55,16.0,148102
2014-11-13,15.75,15.95,15.65,15.85,89750
2014-11-14,15.65,15.8,15.5,15.8,81000
2014-11-17,15.65,15.9,15.55,15.65,64000
2014-11-18,15.7,16.5,15.55,16.0,153651
2014-11-19,16.1,16.1,15.8,16.0,59012
2014-11-20,15.8,16.4,15.8,16.25,232235
2014-11-21,16.45,16.45,15.8,15.8,76181
2014-11-24,16.0,16.1,15.75,15.85,71026
2014-11-25,15.75,16.0,15.55,16.0,125179
2014-11-26,15.9,16.05,15.65,15.9,118798
2014-11-27,15.75,16.0,15.75,15.9,60183
2014-11-28,15.8,16.0,15.8,16.0,54427
2014-12-01,15.9,15.9,15.55,15.9,65056
2014-12-02,16.45,16.45,15.6,15.6,100391
2014-12-03,15.6,16.05,15.5,16.05,73000
2014-12-04,16.15,16.35,15.8,15.85,100378
2014-12-05,15.75,16.6,15.65,16.55,424854
2014-12-08,16.6,17.0,16.55,16.8,789289
2014-12-09,16.9,16.9,16.5,16.85,614341
2014-12-10,16.6,16.9,16.45,16.7,657341
2014-12-11,16.5,16.9,16.5,16.9,199000
2014-12-12,17.0,17.0,16.7,16.9,561480
2014-12-15,16.9,17.1,16.6,17.1,500557
2014-12-16,16.95,17.0,16.75,16.95,743645
2014-12-17,16.7,16.95,16.2,16.3,311900
2014-12-18,16.35,16.9,16.35,16.9,97236
2014-12-19,16.75,16.85,16.5,16.85,165050
2014-12-22,16.9,16.9,16.5,16.55,108046
2014-12-23,16.5,16.75,16.3,16.7,98071
2014-12-24,16.75,16.75,16.5,16.7,34399
2014-12-25,16.6,16.6,16.45,16.45,41000
2014-12-26,16.65,16.65,16.4,16.55,17251
2014-12-27,16.45,16.9,16.35,16.9,66001
2014-12-29,16.7,16.75,16.5,16.7,91377
2014-12-30,16.5,16.6,16.45,16.6,25000
2014-12-31,16.55,17.0,16.45,17.0,246293
2015-01-05,16.8,16.8,16.45,16.55,163000
2015-01-06,16.4,16.6,16.2,16.5,64200
2015-01-07,16.5,16.5,16.35,16.35,20000
2015-01-08,16.3,16.55,16.3,16.3,31498
2015-01-09,16.45,16.45,16.2,16.4,18500
2015-01-12,16.3,16.35,16.2,16.35,19000
2015-01-13,16.3,16.5,16.3,16.3,47000
2015-01-14,16.3,16.55,16.2,16.2,29963
2015-01-15,16.2,16.3,16.1,16.3,17035
2015-01-16,16.0,16.2,15.8,16.1,167866
2015-01-19,16.25,16.25,15.8,16.0,110000
2015-01-20,16.0,16.35,16.0,16.25,80905
2015-01-21,16.25,16.3,16.15,16.3,43000
2015-01-22,16.25,16.5,16.25,16.4,37000
2015-01-23,16.5,16.6,16.45,16.45,30367
2015-01-26,16.35,16.35,15.8,15.8,41001
2015-01-27,15.9,16.4,15.9,16.1,56988
2015-01-28,16.2,16.25,16.05,16.25,43183
2015-01-29,16.25,16.3,16.2,16.3,39350
2015-01-30,16.4,16.7,16.3,16.6,20000
2015-02-02,16.6,16.6,16.5,16.5,4001
2015-02-03,16.4,16.55,16.35,16.45,18370
2015-02-04,16.75,16.85,16.5,16.6,24065
2015-02-05,16.3,16.8,16.2,16.5,54733
2015-02-06,16.3,16.4,16.2,16.2,26005
2015-02-09,16.4,16.4,16.15,16.3,12000
2015-02-10,16.3,16.75,16.3,16.65,80000
2015-02-11,16.5,16.5,16.35,16.35,17004
2015-02-12,16.45,16.45,16.45,16.45,5000
2015-02-13,16.5,16.5,16.3,16.3,16873
2015-02-24,16.55,17.2,16.45,16.75,60500
2015-02-25,16.6,16.85,16.55,16.55,19650
2015-02-26,16.75,16.9,16.5,16.65,16000
2015-03-02,16.85,16.85,16.6,16.6,10026
2015-03-03,16.7,16.8,16.4,16.6,26000
2015-03-04,16.6,16.8,16.6,16.7,10140
2015-03-05,16.45,16.75,16.45,16.7,32537
2015-03-06,16.7,16.85,16.55,16.7,14026
2015-03-09,16.7,16.7,16.4,16.7,32071
2015-03-10,16.5,16.55,16.25,16.25,28000
2015-03-11,16.1,17.15,15.85,17.15,136500
2015-03-12,16.9,16.9,16.3,16.7,38348
2015-03-13,16.7,16.7,16.45,16.45,17129
2015-03-16,16.5,16.55,16.5,16.55,20253
2015-03-17,16.5,16.7,16.5,16.5,24001
2015-03-18,16.45,16.5,16.4,16.5,21084
2015-03-19,16.7,16.7,16.35,16.5,70000
2015-03-20,16.3,16.5,16.3,16.5,21905
2015-03-23,16.35,16.5,16.35,16.5,23000
2015-03-24,16.4,16.5,16.3,16.3,14000
2015-03-25,16.25,16.45,16.25,16.45,15020
2015-03-26,16.45,16.75,16.35,16.45,77000
2015-03-27,16.6,16.9,16.5,16.9,125410
2015-03-30,16.7,16.9,16.7,16.85,69228
2015-03-31,16.8,16.95,16.6,16.7,48010
2015-04-01,16.7,16.8,16.55,16.65,22078
2015-04-02,16.65,16.7,16.55,16.7,16250
2015-04-07,16.7,16.75,16.5,16.75,22001
2015-04-08,16.45,16.45,16.4,16.45,3550
2015-04-09,16.7,16.7,16.55,16.7,7000
2015-04-10,16.65,16.9,16.5,16.65,22000
2015-04-13,16.7,16.7,16.45,16.5,28004
2015-04-14,16.6,16.6,16.6,16.6,2300
2015-04-15,16.5,16.75,16.0,16.7,151252
2015-04-16,16.4,16.65,16.25,16.3,115433
2015-04-17,16.4,16.6,16.2,16.5,97047
2015-04-20,16.45,16.75,16.45,16.75,27000
2015-04-21,16.55,16.65,16.45,16.45,32131
2015-04-22,16.6,16.6,16.35,16.45,30183
2015-04-23,16.45,16.95,16.45,16.7,144850
2015-04-24,16.8,17.4,16.8,17.0,319609
2015-04-27,17.4,17.4,17.0,17.3,197361
2015-04-28,17.1,17.3,17.1,17.3,132717
2015-04-29,17.2,17.4,17.15,17.35,301333
2015-04-30,17.35,17.65,17.3,17.55,245083
2015-05-04,17.5,17.6,17.35,17.55,18716
2015-05-05,17.6,17.6,17.35,17.55,78863
2015-05-06,17.55,17.6,17.35,17.6,101001
2015-05-07,17.6,17.6,17.2,17.6,165000
2015-05-08,17.6,17.65,17.45,17.6,145134
2015-05-11,17.45,17.7,17.3,17.7,211629
2015-05-12,17.6,17.7,17.35,17.65,701002
2015-05-13,17.6,18.0,17.45,17.55,126493
2015-05-14,17.2,17.75,17.05,17.5,130410
2015-05-15,17.2,17.55,17.1,17.3,64538
2015-05-18,17.1,18.0,17.1,17.9,74722
2015-05-19,17.5,17.8,16.8,17.4,247262
2015-05-20,17.1,17.15,16.7,16.95,168062
2015-05-21,16.5,16.7,16.25,16.6,194772
2015-05-22,16.35,16.6,16.25,16.4,140000
2015-05-25,16.4,16.4,16.0,16.35,162000
2015-05-26,16.1,16.35,16.05,16.3,86635
2015-05-27,16.15,16.25,16.05,16.05,70001
2015-05-28,16.1,16.25,15.85,16.25,191375
2015-05-29,16.05,16.05,15.3,15.3,2121934
2015-06-01,15.35,15.4,15.0,15.4,86000
2015-06-02,15.4,15.4,14.65,15.25,310798
2015-06-03,15.2,15.2,14.75,15.0,136000
2015-06-04,15.0,15.0,14.5,14.8,195000
2015-06-05,14.8,16.25,14.2,15.85,1051088
2015-06-08,15.85,15.85,15.3,15.6,279000
2015-06-09,15.55,15.6,15.2,15.5,846000
2015-06-10,15.45,15.45,14.9,15.2,352000
2015-06-11,14.9,15.2,14.55,15.2,328000
2015-06-12,14.95,15.15,14.8,15.15,115798
2015-06-15,14.9,15.2,14.8,15.2,99000
2015-06-16,14.95,15.05,14.6,15.05,128561
2015-06-17,15.0,15.0,14.4,14.7,311009
2015-06-18,14.65,14.9,14.3,14.3,292000
2015-06-22,14.3,14.9,14.25,14.9,172200
2015-06-23,14.9,14.9,14.55,14.55,46000
2015-06-24,14.65,14.7,14.4,14.7,48200
2015-06-25,14.7,15.0,14.7,15.0,112000
2015-06-26,15.0,15.15,14.9,15.05,137250
2015-06-29,15.1,15.1,14.65,15.1,107312
2015-06-30,15.1,15.1,14.9,15.1,597000
2015-07-01,15.1,15.15,15.05,15.05,18000
2015-07-02,15.2,15.2,14.85,15.0,68750
2015-07-03,14.85,14.85,14.4,14.65,123000
2015-07-06,14.4,14.65,14.4,14.5,31000
2015-07-07,14.5,14.75,14.2,14.75,46500
2015-07-08,14.5,14.9,14.5,14.9,74000
2015-07-09,14.95,15.1,14.85,14.95,108251
2015-07-13,14.8,14.95,14.7,14.9,63000
2015-07-14,14.9,15.05,14.5,14.5,152001
2015-07-15,14.6,14.6,14.05,14.4,165047
2015-07-16,14.4,14.4,14.1,14.35,672000
2015-07-17,14.4,14.6,14.05,14.3,91496
2015-07-20,14.25,14.25,13.85,13.95,119000
2015-07-21,13.85,14.05,13.8,14.05,27000
2015-07-22,14.15,14.15,13.75,13.9,103020
2015-07-23,13.95,14.1,13.7,14.1,40253
2015-07-24,14.2,14.2,13.65,13.65,19000
2015-07-27,13.9,14.05,13.85,13.9,97000
2015-07-28,14.0,14.2,13.9,14.15,70000
2015-07-29,14.3,14.4,14.0,14.0,35000
2015-07-30,14.0,14.25,14.0,14.0,16000
2015-07-31,14.0,14.3,13.55,14.3,145210
2015-08-03,14.1,14.1,13.6,13.6,89000
2015-08-04,13.7,14.0,13.7,14.0,37000
2015-08-05,13.75,14.2,13.6,14.1,43312
2015-08-06,14.0,14.0,13.75,13.8,33798
2015-08-07,13.85,14.1,13.85,13.9,6000
2015-08-10,13.8,14.0,13.8,13.85,12000
2015-08-11,13.8,13.8,13.05,13.45,154444
2015-08-12,13.4,13.5,13.4,13.5,17000
2015-08-13,13.1,13.5,13.1,13.4,113000
2015-08-14,13.25,13.7,13.25,13.65,14000
2015-08-17,13.4,13.55,13.4,13.55,21055
2015-08-18,13.2,13.5,13.1,13.5,66881
2015-08-19,13.25,13.7,12.5,13.7,403106
2015-08-20,13.2,13.5,13.1,13.5,506000
2015-08-21,13.1,13.4,12.8,13.4,86083
2015-08-24,13.0,13.4,12.1,13.4,464777
2015-08-25,12.9,13.25,12.55,12.95,177004
2015-08-26,12.65,12.85,12.6,12.75,95000
2015-08-27,12.6,13.1,12.3,12.7,284000
2015-08-28,12.7,13.2,12.7,12.9,61000
2015-08-31,13.0,13.05,12.75,13.0,104038
2015-09-01,12.95,13.05,12.8,13.05,61000
2015-09-02,12.75,13.45,12.7,13.45,160000
2015-09-03,13.15,13.35,13.05,13.3,45283
2015-09-04,13.05,13.4,13.0,13.3,45052
2015-09-07,13.15,13.25,13.15,13.25,60000
2015-09-08,13.35,13.5,13.35,13.45,76314
2015-09-09,13.3,13.85,13.3,13.45,63283
2015-09-10,13.3,13.7,13.3,13.65,45000
2015-09-11,13.45,13.7,13.3,13.7,105202
2015-09-14,13.45,13.7,13.4,13.7,50184
2015-09-15,13.7,13.85,13.6,13.8,10000
2015-09-16,13.55,13.9,13.55,13.65,3110
2015-09-17,13.6,14.15,13.6,14.0,39000
2015-09-18,14.25,14.25,13.75,14.2,38050
2015-09-21,14.2,14.25,13.7,14.25,116000
2015-09-22,14.2,14.4,14.2,14.35,26798
2015-09-23,14.05,14.35,14.05,14.3,26279
2015-09-24,14.15,14.5,14.1,14.5,55000
2015-09-25,14.5,14.7,14.5,14.65,55183
2015-09-30,14.7,15.6,14.7,15.1,186000
2015-10-01,15.4,15.75,15.3,15.55,174000
2015-10-02,15.35,15.8,15.3,15.7,87000
2015-10-05,15.8,15.8,15.3,15.4,111000
2015-10-06,15.4,15.4,15.15,15.3,33798
2015-10-07,15.3,15.4,15.2,15.2,22000
2015-10-08,15.15,15.3,14.55,14.55,51446
2015-10-12,14.65,15.25,14.65,15.25,106385
2015-10-13,15.05,15.5,15.0,15.25,74000
2015-10-14,15.25,15.3,15.1,15.3,15798
2015-10-15,15.25,15.3,15.2,15.3,26010
2015-10-16,15.1,15.3,15.1,15.3,25735
2015-10-19,15.15,15.6,15.15,15.6,32636
2015-10-20,15.2,15.75,15.2,15.6,53183
2015-10-21,15.9,15.9,15.4,15.4,5183
2015-10-22,15.25,15.7,15.25,15.7,9000
2015-10-23,15.5,15.5,15.5,15.5,17000
2015-10-26,15.6,15.65,15.4,15.6,12000
2015-10-27,15.4,15.5,15.35,15.35,11000
2015-10-28,15.2,15.2,14.8,15.15,48000
2015-10-29,15.3,15.3,15.0,15.3,19633
2015-10-30,15.1,15.1,14.9,15.1,14050
2015-11-02,15.1,15.5,15.05,15.4,27098
2015-11-03,15.4,15.45,15.2,15.2,12183
2015-11-04,15.45,15.45,15.2,15.4,123312
2015-11-05,15.2,15.45,15.2,15.4,12000
2015-11-06,15.2,15.4,15.2,15.4,7050
2015-11-09,15.1,15.4,15.1,15.2,6001
2015-11-10,15.15,15.3,14.9,15.25,34000
2015-11-11,15.25,15.4,14.95,15.25,28000
2015-11-12,15.2,15.3,15.0,15.0,12000
2015-11-13,15.4,15.4,15.05,15.3,43000
2015-11-16,15.1,15.2,15.05,15.2,17000
2015-11-17,15.15,15.2,15.05,15.2,16026
2015-11-18,15.2,15.25,14.85,15.0,33496
2015-11-19,14.9,15.0,14.45,15.0,99186
2015-11-20,14.85,15.2,14.85,15.2,18003
2015-11-23,14.95,15.2,14.9,14.9,20241
2015-11-24,14.85,15.1,14.75,14.75,11034
2015-11-25,14.75,15.0,14.6,15.0,69000
2015-11-26,14.8,15.1,14.8,15.0,19498
2015-11-27,15.1,15.1,14.85,15.0,9000
2015-11-30,14.75,14.95,14.75,14.95,4000
2015-12-01,14.95,15.1,14.85,14.95,27000
2015-12-02,14.95,14.95,14.7,14.9,25000
2015-12-03,14.75,14.9,14.75,14.9,6000
2015-12-04,14.75,14.85,14.65,14.8,19000
2015-12-07,14.7,14.8,14.7,14.8,5000
2015-12-08,14.85,15.0,14.65,14.75,24000
2015-12-09,14.9,14.9,14.45,14.45,113000
2015-12-10,14.3,14.3,13.9,14.25,87500
2015-12-11,14.0,14.3,14.0,14.2,49000
2015-12-14,14.0,14.0,13.8,13.85,30389
2015-12-15,14.0,14.1,13.75,14.0,15000
2015-12-16,13.85,14.1,13.75,14.05,118150
2015-12-17,14.2,14.2,13.9,13.9,6000
2015-12-18,14.0,14.0,14.0,14.0,6000
2015-12-21,13.85,14.35,13.85,14.0,9000
2015-12-22,13.9,14.2,13.9,14.2,3050
2015-12-23,14.2,14.3,14.0,14.25,12000
2015-12-24,14.1,15.65,14.1,15.55,202547
2015-12-25,15.6,15.6,15.1,15.6,108183
2015-12-28,15.3,15.6,15.0,15.6,142500
2015-12-29,15.6,15.6,15.2,15.6,40000
2015-12-30,15.25,15.6,15.25,15.6,36064
2015-12-31,15.3,15.8,15.3,15.8,178359
2016-01-04,15.45,15.45,15.0,15.2,37000
2016-01-05,15.15,15.15,15.15,15.15,2000
2016-01-06,15.45,15.45,15.45,15.45,10400
2016-01-07,15.1,15.2,15.0,15.15,10000
2016-01-08,14.35,15.15,14.35,14.8,50500
2016-01-11,14.75,14.75,14.05,14.1,2100000
2016-01-12,14.15,14.25,13.9,14.2,73000
2016-01-13,14.3,14.3,14.0,14.0,77500
2016-01-14,14.05,14.1,13.8,13.8,84000
2016-01-15,14.0,14.05,13.85,14.05,27496
2016-01-18,14.1,14.1,13.9,14.1,67000
2016-01-19,13.85,14.05,13.85,14.05,12000
2016-01-20,14.0,14.0,13.6,13.7,42254
2016-01-21,13.4,13.65,13.4,13.6,127100
2016-01-22,13.6,13.8,13.5,13.8,39000
2016-01-25,13.6,13.85,13.6,13.6,57177
2016-01-26,13.6,13.8,13.5,13.8,20185
2016-01-27,13.6,14.0,13.6,13.85,19000
2016-01-28,13.65,13.85,13.65,13.85,24000
2016-01-29,13.75,14.05,13.75,13.85,88000
2016-01-30,14.1,14.15,13.85,14.15,17000
2016-02-01,13.95,14.25,13.95,14.25,12000
2016-02-02,14.05,14.25,14.05,14.25,15414
2016-02-03,14.1,14.4,14.1,14.4,40000
2016-02-15,14.4,14.4,14.15,14.4,4000
2016-02-16,14.2,14.65,14.2,14.65,36000
2016-02-17,14.5,14.7,14.5,14.6,30183
2016-02-18,14.45,14.8,14.45,14.6,18000
2016-02-19,14.45,14.65,14.45,14.65,2066
2016-02-22,14.6,14.65,14.6,14.65,13011
2016-02-23,14.55,14.7,14.5,14.7,11110
2016-02-24,14.5,14.5,14.25,14.25,18023
2016-02-25,14.2,14.45,14.2,14.4,32000
2016-02-26,14.25,14.45,14.25,14.45,5001
2016-03-01,14.5,14.55,14.4,14.55,9050
2016-03-02,14.55,14.6,14.4,14.4,7000
2016-03-03,14.55,14.55,14.4,14.55,23000
2016-03-04,14.4,15.4,14.4,14.8,57277
2016-03-07,14.7,14.9,14.7,14.7,21002
2016-03-08,14.55,15.0,14.55,15.0,36152
2016-03-09,15.0,15.0,14.75,15.0,34000
2016-03-10,15.5,15.5,14.85,15.05,10304
2016-03-11,14.9,15.4,14.9,15.4,32534
2016-03-14,15.1,15.4,15.1,15.1,12001
2016-03-15,15.05,15.1,14.85,15.0,40050
2016-03-16,14.8,15.05,14.8,15.05,4390
2016-03-17,14.85,15.05,14.85,15.0,45000
2016-03-18,15.05,15.1,14.85,15.05,6000
2016-03-21,15.05,15.6,15.0,15.5,30000
2016-03-22,15.5,15.5,15.0,15.2,38000
2016-03-23,15.0,15.1,14.8,15.1,18616
2016-03-24,14.85,15.0,14.85,15.0,8520
2016-03-25,14.8,15.1,14.8,15.1,17000
2016-03-28,14.95,15.0,14.9,15.0,35107
2016-03-29,14.85,15.0,14.8,15.0,24000
2016-03-30,14.8,15.35,14.8,15.35,59000
2016-03-31,15.4,15.4,15.1,15.15,17000
2016-04-01,15.15,15.55,15.1,15.55,98017
2016-04-06,15.35,15.6,15.2,15.2,31000
2016-04-07,15.2,15.3,15.0,15.25,22100
2016-04-08,15.05,15.05,14.5,14.7,77262
2016-04-11,14.8,14.8,14.7,14.7,53002
2016-04-12,14.85,14.85,14.55,14.75,59000
2016-04-13,14.65,16.2,14.65,15.8,122110
2016-04-14,15.8,16.1,15.35,15.85,95003
2016-04-15,15.5,15.9,15.5,15.65,39000
2016-04-18,15.4,16.0,15.4,16.0,36000
2016-04-19,15.7,16.0,15.6,15.95,46499
2016-04-20,15.7,16.0,15.6,15.8,58275
2016-04-21,15.65,15.75,15.6,15.7,18000
2016-04-22,15.8,15.9,15.55,15.9,22000
2016-04-25,15.65,15.85,15.65,15.85,32005
2016-04-26,15.65,15.7,15.65,15.65,13000
2016-04-27,15.65,15.65,15.5,15.65,35798
2016-04-28,15.6,15.6,15.35,15.55,30000
2016-04-29,15.3,15.6,15.15,15.6,29050
2016-05-03,15.4,15.55,15.15,15.2,35001
2016-05-04,15.0,15.15,14.95,14.95,62000
2016-05-05,14.9,15.1,14.85,15.1,20000
2016-05-06,14.95,15.05,14.8,15.05,27000
2016-05-09,14.85,14.85,14.3,14.6,91000
2016-05-10,14.45,14.7,14.15,14.4,438000
2016-05-11,14.35,14.5,14.25,14.45,29000
2016-05-12,14.2,14.45,14.2,14.45,31000
2016-05-13,14.45,14.5,14.15,14.45,79100
2016-05-16,14.25,14.7,14.25,14.45,6000
2016-05-17,14.35,14.6,14.35,14.55,15387
2016-05-18,14.35,14.45,14.35,14.45,12000
2016-05-19,14.3,14.5,14.3,14.35,7190
2016-05-20,14.3,14.5,14.3,14.5,5000
2016-05-23,14.3,14.75,14.3,14.75,56798
2016-05-24,14.65,14.7,14.45,14.7,22000
2016-05-25,14.75,15.0,14.7,14.9,428000
2016-05-26,14.95,15.7,14.8,15.65,189000
2016-05-27,16.0,16.1,15.45,15.7,125322
2016-05-30,15.45,15.7,15.45,15.5,21000
2016-05-31,15.75,15.75,15.35,15.6,36113
2016-06-01,15.4,15.65,15.4,15.6,30300
2016-06-02,15.6,16.0,15.45,15.6,38105
2016-06-03,15.95,15.95,15.5,15.65,47000
2016-06-04,15.8,15.8,15.5,15.6,22947
2016-06-06,15.5,15.65,15.4,15.5,29000
2016-06-07,15.5,15.7,15.2,15.45,52499
2016-06-08,15.25,15.5,15.15,15.25,49255
2016-06-13,15.45,15.6,14.9,15.0,51579
2016-06-14,15.5,15.9,15.1,15.35,1100000
2016-06-15,15.3,15.3,15.0,15.2,58100
2016-06-16,15.05,15.05,15.0,15.0,5000
2016-06-17,15.1,15.15,15.05,15.1,6000
2016-06-20,15.15,15.25,15.1,15.1,10000
2016-06-21,15.2,15.25,15.1,15.1,9652
2016-06-22,15.2,15.25,15.1,15.1,22152
2016-06-23,15.25,15.4,15.0,15.0,10000
2016-06-24,15.15,15.25,14.6,14.95,46500
2016-06-27,15.6,15.6,14.95,15.3,42609
2016-06-28,15.05,15.3,15.05,15.3,28000
2016-06-29,15.15,15.25,15.05,15.25,39000
2016-06-30,15.15,15.2,15.0,15.2,40795
2016-07-01,15.25,15.35,15.15,15.15,40316
2016-07-04,15.1,15.25,15.1,15.15,25750
2016-07-05,15.15,15.25,15.15,15.2,31000
2016-07-06,15.2,15.2,15.05,15.15,38000
2016-07-07,15.4,15.4,15.0,15.15,52500
2016-07-11,15.15,15.35,15.15,15.35,21000
2016-07-12,15.3,15.4,15.3,15.4,15262
2016-07-13,15.25,15.35,15.2,15.25,12500
2016-07-14,15.25,15.3,15.25,15.3,17400
2016-07-15,15.2,15.4,15.15,15.3,34183
2016-07-18,15.3,15.4,15.3,15.4,14001
2016-07-19,15.45,15.5,15.35,15.5,52475
2016-07-20,15.45,15.5,15.4,15.45,27250
2016-07-21,15.45,15.5,15.2,15.2,70528
2016-07-22,15.25,15.45,15.1,15.45,60000
2016-07-25,15.45,15.45,15.2,15.45,27000
2016-07-26,15.4,15.45,15.3,15.45,23283
2016-07-27,15.35,15.35,15.2,15.2,7062
2016-07-28,15.15,15.4,15.15,15.25,25000
2016-07-29,15.35,15.35,15.15,15.3,18000
2016-08-01,15.35,15.5,15.3,15.45,46221
2016-08-02,15.4,15.55,15.25,15.5,66828
2016-08-03,15.25,15.4,15.15,15.35,25798
2016-08-04,15.4,15.45,15.4,15.45,3000
2016-08-05,15.45,15.5,15.45,15.45,50812
2016-08-08,15.5,15.5,15.3,15.3,22020
2016-08-09,15.3,15.5,15.3,15.35,29000
2016-08-10,15.5,15.5,15.35,15.5,6000
2016-08-11,15.3,15.5,15.3,15.45,61123
2016-08-12,15.5,15.5,15.4,15.45,36637
2016-08-15,15.45,15.45,15.45,15.45,10000
2016-08-16,15.45,15.45,15.35,15.4,15011
2016-08-17,15.5,16.0,15.25,15.95,124285
2016-08-18,15.6,15.85,15.6,15.7,56209
2016-08-19,15.8,15.9,15.45,15.6,79925
2016-08-22,15.4,15.45,15.2,15.25,63000
2016-08-23,15.2,15.4,15.2,15.4,60262
2016-08-24,15.45,15.45,15.35,15.4,20603
2016-08-25,15.45,15.55,15.3,15.45,52000
2016-08-26,15.55,15.55,15.35,15.4,26019
2016-08-29,15.5,15.5,15.0,15.2,18000
2016-08-30,15.3,15.4,15.3,15.4,117406
2016-08-31,15.2,15.35,15.2,15.35,309280
2016-09-01,15.15,15.4,15.1,15.4,24001
2016-09-02,15.4,15.4,15.2,15.4,20284
2016-09-05,15.55,15.7,15.35,15.45,366360
2016-09-06,15.4,15.4,15.25,15.35,49001
2016-09-07,15.55,15.65,15.3,15.4,50107
2016-09-08,15.4,15.4,15.4,15.4,5000
2016-09-09,15.25,15.45,15.2,15.45,34558
2016-09-10,15.2,15.4,15.2,15.35,31055
2016-09-12,15.3,15.4,15.1,15.4,67496
2016-09-14,15.2,15.25,15.2,15.25,11000
2016-09-19,15.2,15.45,15.2,15.45,46795
2016-09-20,15.4,15.45,15.25,15.45,23000
2016-09-21,15.35,15.65,15.35,15.55,187496
2016-09-22,15.5,15.55,15.4,15.55,1078422
2016-09-23,15.55,15.6,15.45,15.5,24001
2016-09-26,15.45,15.45,15.35,15.35,19177
2016-09-29,15.35,15.5,15.35,15.35,1029149
2016-09-30,15.4,15.5,15.2,15.5,80183
2016-10-03,15.35,15.35,15.3,15.3,14000
2016-10-04,15.35,15.4,15.35,15.4,20580
2016-10-05,15.35,15.4,15.0,15.15,1042000
2016-10-06,15.05,15.2,15.0,15.05,129193
2016-10-07,15.05,15.2,15.05,15.2,31076
2016-10-11,15.05,15.1,14.9,14.9,88000
2016-10-12,15.0,15.0,14.85,14.9,37384
2016-10-13,15.0,15.2,15.0,15.2,55300
2016-10-14,15.05,15.25,15.05,15.2,9883
2016-10-17,15.2,15.25,15.1,15.25,27000
2016-10-18,15.2,15.2,15.05,15.15,168905
2016-10-19,15.15,15.2,15.0,15.15,34000
2016-10-20,15.05,15.15,15.0,15.15,29000
2016-10-21,15.05,15.05,15.0,15.05,19258
2016-10-24,15.0,15.1,14.9,15.1,15026
2016-10-25,15.0,15.35,15.0,15.35,25499
2016-10-26,15.25,15.25,15.1,15.2,11058
2016-10-27,15.1,15.15,15.05,15.15,7182
2016-10-28,0.0,0.0,0.0,0.0,920
2016-10-31,15.0,15.1,15.0,15.1,2245
2016-11-01,15.0,15.0,15.0,15.0,7000
2016-11-02,15.0,15.1,15.0,15.0,26002
2016-11-03,15.0,15.05,15.0,15.0,11000
2016-11-04,15.0,15.05,14.9,15.05,43325
2016-11-07,15.0,15.15,15.0,15.15,26000
2016-11-08,15.0,15.1,15.0,15.1,14000
2016-11-09,15.0,15.0,14.95,14.95,5001
2016-11-10,14.9,15.05,14.9,15.05,103000
2016-11-11,16.55,16.55,15.05,15.2,83720
2016-11-14,14.95,15.25,14.95,15.2,52331
2016-11-15,15.15,15.15,14.95,15.0,79005
2016-11-16,15.0,15.0,14.95,15.0,43622
2016-11-17,14.95,15.0,14.8,14.95,40083
2016-11-18,14.95,15.05,14.95,15.05,34299
2016-11-21,14.9,15.2,14.9,15.2,69034
2016-11-22,15.05,15.15,15.0,15.05,40000
2016-11-23,15.1,15.15,15.05,15.15,12000
2016-11-24,15.1,15.1,15.0,15.1,18000
2016-11-25,15.0,15.05,15.0,15.05,7200
2016-11-28,15.05,15.15,15.05,15.15,737131
2016-11-29,15.0,15.15,15.0,15.1,32000
2016-11-30,15.1,15.1,15.0,15.1,29580
2016-12-01,15.1,15.1,15.0,15.05,16451
2016-12-02,15.05,15.05,15.0,15.05,55000
2016-12-05,15.05,15.1,15.0,15.1,38000
2016-12-06,15.1,15.1,15.05,15.05,30000
2016-12-07,15.05,15.05,14.9,15.0,86650
2016-12-08,14.95,15.15,14.95,15.15,127052
2016-12-09,15.0,15.4,15.0,15.35,108500
2016-12-12,15.35,15.5,15.3,15.4,81810
2016-12-13,15.35,15.4,15.2,15.4,42000
2016-12-14,15.35,15.4,15.3,15.4,24231
2016-12-15,15.35,15.5,15.25,15.5,65001
2016-12-16,15.5,15.55,15.3,15.55,78102
2016-12-19,15.4,15.5,15.4,15.5,11250
2016-12-20,15.35,15.55,15.35,15.55,40107
2016-12-21,15.35,15.55,15.35,15.55,32950
2016-12-22,15.5,15.5,15.5,15.5,6000
2016-12-23,15.4,15.5,15.35,15.5,37333
2016-12-26,15.3,15.55,15.3,15.55,70000
2016-12-27,15.55,15.65,15.45,15.5,82000
2016-12-28,15.5,15.65,15.5,15.65,99000
2016-12-29,15.4,15.8,15.35,15.8,74000
2016-12-30,15.6,16.0,15.55,16.0,254499
2017-01-03,15.8,15.85,15.75,15.75,25700
2017-01-04,15.65,15.65,15.65,15.65,8400
2017-01-05,15.6,15.65,15.55,15.65,14004
2017-01-06,15.55,15.6,15.5,15.6,21250
2017-01-09,15.5,15.5,15.5,15.5,12069
2017-01-10,15.45,15.5,15.45,15.5,16003
2017-01-11,15.4,15.4,15.05,15.35,41000
2017-01-12,15.4,15.4,15.4,15.4,10000
2017-01-13,15.25,15.55,15.25,15.55,20183
2017-01-17,15.45,15.5,15.45,15.5,5010
2017-01-18,15.5,15.85,15.5,15.75,108918
2017-01-19,15.55,15.65,15.4,15.65,23000
2017-01-20,15.55,15.6,15.55,15.6,4239
2017-01-23,15.55,15.55,15.5,15.5,40091
2017-01-24,15.4,15.9,15.2,15.9,119262
2017-02-02,15.85,16.05,15.85,15.85,33150
2017-02-03,15.6,15.6,15.55,15.55,29010
2017-02-06,15.55,15.75,15.55,15.7,48272
2017-02-07,15.65,15.65,15.65,15.65,1000
2017-02-08,15.45,15.6,15.45,15.45,3052
2017-02-09,15.5,15.55,15.5,15.55,12000
2017-02-10,15.55,15.85,15.55,15.65,68050
2017-02-13,15.6,15.6,15.45,15.45,6608829
2017-02-14,15.5,15.6,15.45,15.55,20399
2017-02-15,15.5,15.8,15.45,15.65,56218
2017-02-16,15.6,15.7,15.55,15.7,33081
2017-02-17,15.75,15.75,15.6,15.7,9053
2017-02-18,15.7,15.7,15.65,15.65,3675
2017-02-20,15.55,15.7,15.4,15.7,46183
2017-02-21,15.7,15.7,15.7,15.7,30000
2017-02-22,15.7,15.75,15.65,15.65,60003
2017-02-23,15.65,15.7,15.6,15.7,41000
2017-02-24,15.7,15.95,15.55,15.95,61504
2017-03-01,15.95,15.95,15.85,15.85,18000
2017-03-02,15.85,15.95,15.8,15.9,24000
2017-03-03,15.9,15.9,15.8,15.8,33129
2017-03-06,15.7,15.8,15.65,15.65,11450
2017-03-07,15.6,15.75,15.6,15.65,21711
2017-03-08,15.85,17.2,15.8,16.4,269749
2017-03-09,16.4,16.5,16.15,16.45,121207
2017-03-10,16.2,16.45,16.15,16.3,45750
2017-03-13,16.25,16.5,16.25,16.3,56500
2017-03-14,16.3,16.35,16.15,16.3,62002
2017-03-15,16.05,16.2,16.0,16.2,2099716
2017-03-16,16.15,16.3,16.15,16.2,45150
2017-03-17,16.2,16.3,16.2,16.3,41150
2017-03-20,16.3,16.4,16.1,16.4,83448
2017-03-21,16.4,16.4,16.2,16.2,18153
2017-03-22,16.2,16.35,16.2,16.3,31765
2017-03-23,16.3,16.4,16.25,16.25,23001
2017-03-24,16.25,16.35,16.2,16.3,47619
2017-03-27,16.3,16.3,16.3,16.3,10425
2017-03-28,16.3,16.5,16.25,16.3,38000
2017-03-29,16.2,16.3,16.15,16.3,3009000
2017-03-30,16.3,16.5,16.25,16.45,59004
2017-03-31,16.35,16.35,16.25,16.35,26650
2017-04-05,16.3,16.45,16.15,16.45,75858
2017-04-06,16.3,16.45,16.3,16.45,33001
2017-04-07,16.3,16.45,16.25,16.45,27828
2017-04-10,16.35,16.6,16.3,16.3,75409
2017-04-11,16.3,16.45,16.3,16.45,20033
2017-04-12,16.4,16.55,16.25,16.55,69500
2017-04-13,16.55,16.7,16.3,16.65,95927
2017-04-14,16.45,16.6,16.4,16.6,24000
2017-04-17,16.4,16.4,16.4,16.4,9100
2017-04-18,16.35,16.45,16.15,16.45,40250
2017-04-19,16.3,16.4,16.15,16.4,31100
2017-04-20,16.35,16.35,16.25,16.3,44808
2017-04-21,16.3,16.3,16.25,16.25,11001
2017-04-24,16.2,16.25,16.2,16.25,10000
2017-04-25,16.2,16.2,16.2,16.2,3000
2017-04-26,16.2,16.4,16.0,16.35,143257
2017-04-27,16.2,16.3,16.1,16.2,44918
2017-04-28,16.15,16.2,16.1,16.2,24183
2017-05-02,16.1,16.2,16.1,16.2,10633
2017-05-03,16.2,16.2,16.15,16.2,5172
2017-05-04,16.05,16.05,16.05,16.05,1000
2017-05-05,16.05,16.15,16.0,16.0,44163
2017-05-08,16.1,16.15,16.0,16.15,42184
2017-05-09,16.05,16.1,15.8,16.1,46152
2017-05-10,16.0,16.0,16.0,16.0,31000
2017-05-11,16.1,16.1,16.0,16.0,6451
2017-05-12,16.0,16.0,16.0,16.0,10765
2017-05-15,16.0,16.0,15.95,16.0,11000
2017-05-16,16.0,16.0,15.75,16.0,71880
2017-05-17,15.85,16.05,15.75,16.05,46183
2017-05-18,15.85,16.0,15.8,16.0,25111
2017-05-19,15.85,16.0,15.8,16.0,53496
2017-05-22,16.0,16.0,15.95,16.0,40680
2017-05-23,16.0,16.0,15.8,15.85,37000
2017-05-24,15.85,15.85,15.85,15.85,25496
2017-05-25,15.85,15.95,15.85,15.95,37151
2017-05-26,15.8,16.0,15.8,16.0,40000
2017-05-31,15.95,16.0,15.8,15.9,28000
2017-06-01,15.95,15.95,15.75,15.85,35500
2017-06-02,15.8,15.8,15.7,15.75,29231
2017-06-03,15.8,15.8,15.7,15.8,37381
2017-06-05,15.85,15.85,15.7,15.75,7202
2017-06-06,15.65,15.7,15.55,15.65,27150
2017-06-07,15.65,15.7,15.65,15.7,14050
2017-06-08,15.7,15.7,15.5,15.7,38733
2017-06-09,15.55,15.55,15.5,15.55,38500
2017-06-12,15.35,15.55,15.35,15.5,76014
2017-06-13,15.45,15.45,15.45,15.45,6871
2017-06-14,15.35,15.35,15.35,15.35,13105
2017-06-15,15.4,15.4,15.25,15.4,29005
2017-06-16,0.0,0.0,0.0,0.0,1
2017-06-19,15.35,15.35,15.2,15.2,17675
2017-06-20,15.2,15.35,15.2,15.35,10000
2017-06-21,15.4,15.5,15.3,15.5,47501
2017-06-22,15.35,15.45,15.35,15.45,3039
2017-06-23,15.25,15.4,15.2,15.4,35000
2017-06-26,15.2,15.55,15.05,15.55,109409
2017-06-27,15.5,15.6,15.45,15.55,60887
2017-06-28,15.35,15.45,15.35,15.45,11000
2017-06-29,15.3,15.4,15.3,15.4,30031
2017-06-30,15.15,15.4,15.15,15.4,25000
2017-07-03,15.2,15.4,15.15,15.15,33000
2017-07-04,15.15,15.15,15.1,15.15,21000
2017-07-05,15.15,15.2,15.1,15.2,28000
2017-07-06,15.2,15.2,15.1,15.2,15000
2017-07-07,15.2,15.25,15.1,15.25,20000
2017-07-11,15.25,15.35,15.2,15.35,34000
2017-07-12,15.35,15.35,15.1,15.2,26005
2017-07-13,15.2,15.25,15.2,15.2,4000
2017-07-14,15.2,15.25,15.2,15.25,3000
2017-07-17,15.15,15.25,15.1,15.25,20798
2017-07-18,15.25,15.3,15.1,15.2,65711
2017-07-19,15.15,15.2,15.05,15.2,40000
2017-07-20,15.1,15.45,15.05,15.25,41000
2017-07-21,15.25,15.25,15.05,15.2,6696
2017-07-24,15.15,15.2,15.15,15.2,10000
2017-07-25,15.25,15.25,15.05,15.05,3131
2017-07-26,15.15,15.4,15.05,15.15,31798
2017-07-27,15.15,15.15,15.0,15.05,20053001
2017-07-28,15.1,15.15,15.05,15.15,18603
2017-07-31,15.2,15.4,15.1,15.25,14000
2017-08-01,15.1,15.2,15.1,15.2,20030
2017-08-02,15.15,15.2,15.05,15.2,24183
2017-08-03,15.05,15.15,15.05,15.15,11670
2017-08-04,15.05,15.15,15.05,15.15,48026
2017-08-07,15.1,15.1,14.85,14.85,12538585
2017-08-08,15.0,15.1,14.95,15.1,21000
2017-08-09,15.05,15.1,15.0,15.1,20050
2017-08-10,15.1,15.1,15.1,15.1,24051
2017-08-11,15.1,15.2,15.05,15.05,1541000
2017-08-14,15.05,15.15,15.05,15.15,31700
2017-08-15,15.15,15.15,15.0,15.15,16678
2017-08-16,15.05,15.35,14.9,15.35,73111
2017-08-17,15.1,15.25,15.05,15.25,51000
2017-08-18,15.1,15.1,14.85,14.85,107209
2017-08-21,14.75,15.05,14.75,15.0,70010
2017-08-22,14.95,15.1,14.95,15.05,19000
2017-08-23,15.0,15.0,14.9,15.0,24131
2017-08-24,15.05,15.05,15.05,15.05,20200
2017-08-25,15.05,15.05,15.05,15.05,5381
2017-08-29,15.1,15.1,15.0,15.05,9001
2017-08-30,15.05,15.05,15.05,15.05,2382
2017-08-31,15.05,15.05,14.9,15.05,22250
2017-09-01,15.05,15.1,15.0,15.0,22056
2017-09-04,15.0,15.05,14.9,14.95,29621
2017-09-05,14.9,15.15,14.9,15.15,27903
2017-09-06,14.95,15.15,14.9,14.9,26441
2017-09-07,14.9,15.15,14.9,15.0,33000
2017-09-08,15.0,15.05,15.0,15.05,4500
2017-09-11,15.05,15.1,14.95,15.1,31499
2017-09-12,15.0,15.1,14.95,15.05,35341
2017-09-13,15.1,15.1,14.95,15.05,37610
2017-09-14,15.05,15.05,14.9,15.05,26496
2017-09-15,14.95,15.0,14.9,14.9,16135
2017-09-18,15.0,15.05,14.95,15.05,21331
2017-09-19,14.95,15.05,14.95,15.05,42933
2017-09-20,14.9,15.0,14.8,14.95,32501
2017-09-21,14.95,15.0,14.95,15.0,11150
2017-09-22,14.95,15.0,14.95,15.0,321001
2017-09-25,14.95,15.1,14.95,15.1,65348
2017-09-26,14.95,15.0,14.95,15.0,3496
2017-09-27,15.0,15.0,14.9,15.0,16183
2017-09-28,14.9,14.95,14.9,14.95,7635
2017-09-29,14.95,15.0,14.95,15.0,16508
2017-09-30,14.95,15.0,14.8,15.0,16510
2017-10-02,14.9,15.0,14.9,15.0,5000
2017-10-03,14.95,14.95,14.85,14.85,14004
2017-10-05,14.85,14.9,14.85,14.85,11000
2017-10-06,14.85,14.95,14.85,14.95,32530
2017-10-11,14.85,15.0,14.85,15.0,318496
2017-10-12,14.95,15.0,14.95,15.0,14000
2017-10-13,14.95,15.0,14.95,15.0,17748
2017-10-16,14.95,14.95,14.9,14.9,88000
2017-10-17,14.95,14.95,14.95,14.95,35000
2017-10-18,14.95,15.0,14.85,15.0,76428
2017-10-19,14.95,15.0,14.95,15.0,45000
2017-10-23,14.6,14.95,14.6,14.95,106101
2017-10-24,14.95,14.95,14.8,14.9,41381
2017-10-25,14.8,14.95,14.7,14.7,50001
2017-10-26,14.7,14.7,14.65,14.7,48100
2017-10-27,14.65,14.65,14.6,14.65,16000
2017-10-30,14.65,14.65,14.65,14.65,11000
2017-10-31,14.55,14.6,14.55,14.6,24000
2017-11-01,14.6,14.6,14.5,14.5,20169
2017-11-02,14.5,14.5,14.3,14.3,100018
2017-11-03,14.3,14.3,14.3,14.3,6068
2017-11-06,14.3,14.3,14.25,14.25,23000
2017-11-07,14.2,14.25,14.05,14.05,75000
2017-11-08,14.1,14.15,14.0,14.0,45191
2017-11-09,14.1,14.1,14.0,14.0,55625
2017-11-10,14.1,14.25,13.95,14.25,251050
2017-11-13,14.15,14.15,14.05,14.15,35104
2017-11-14,14.05,14.1,14.0,14.1,12000
2017-11-15,14.1,14.1,14.1,14.1,24000
2017-11-16,14.15,14.15,14.1,14.15,7000
2017-11-17,14.05,14.1,14.0,14.1,12060
2017-11-20,14.05,14.1,14.05,14.05,10000
2017-11-21,14.05,14.1,14.05,14.05,38322
2017-11-22,14.05,14.1,14.0,14.1,180000
2017-11-23,14.05,14.15,14.0,14.15,60000
2017-11-24,14.1,14.15,14.1,14.15,33001
2017-11-27,14.1,14.15,14.1,14.15,13001
2017-11-28,14.1,14.1,14.05,14.1,8000
2017-11-29,14.1,14.1,14.05,14.05,20014
2017-11-30,14.05,14.05,14.0,14.05,83000
2017-12-01,14.1,14.1,14.0,14.1,13687
2017-12-04,14.1,14.1,13.9,14.05,54000
2017-12-05,14.1,14.1,14.0,14.1,14104
2017-12-06,14.0,14.05,14.0,14.05,33000
2017-12-07,14.0,14.05,14.0,14.05,28282
2017-12-08,14.0,14.05,14.0,14.05,16151
2017-12-11,14.05,14.05,14.0,14.05,23000
2017-12-12,13.95,14.05,13.95,14.05,11005
2017-12-13,13.95,14.05,13.95,13.95,12000
2017-12-14,14.0,14.0,13.95,13.95,34391
2017-12-15,13.95,13.95,13.95,13.95,8228
2017-12-18,14.1,14.7,13.95,14.0,52001
2017-12-19,13.95,14.0,13.9,13.95,26530
2017-12-20,13.95,14.0,13.9,14.0,17333
2017-12-21,14.0,14.0,13.9,14.0,28107
2017-12-22,14.0,14.0,13.9,13.9,27000
2017-12-25,14.0,14.0,13.9,14.0,33981
2017-12-26,14.0,14.0,13.9,13.9,20000
2017-12-27,14.0,14.2,14.0,14.2,189079
2017-12-28,14.2,14.45,14.1,14.45,393000
2017-12-29,14.45,14.75,14.3,14.75,394250
2018-01-02,14.75,14.75,14.5,14.65,451000
2018-01-03,14.65,14.7,14.5,14.55,101060
2018-01-04,14.6,14.65,14.45,14.5,54052
2018-01-05,14.55,14.55,14.4,14.4,35798
2018-01-08,14.4,14.5,14.35,14.35,47107
2018-01-09,14.35,14.35,14.25,14.25,43001
2018-01-10,14.25,14.25,14.05,14.1,75464
2018-01-11,14.15,14.15,14.05,14.1,43000
2018-01-12,14.1,14.4,14.1,14.2,211500
2018-01-15,14.2,14.3,14.2,14.2,162123
2018-01-16,14.15,14.5,14.15,14.25,230765
2018-01-17,14.2,14.3,14.0,14.15,262731
2018-01-18,14.15,14.25,14.15,14.2,233000
2018-01-19,14.15,14.15,14.1,14.1,51002
2018-01-22,14.1,14.15,14.05,14.05,49678
2018-01-23,14.05,14.1,14.05,14.05,63846
2018-01-24,14.4,14.4,14.1,14.2,22291
2018-01-25,14.2,14.35,14.15,14.15,29182
2018-01-26,14.2,14.3,14.2,14.25,11064
2018-01-29,14.25,14.3,14.2,14.25,320001
2018-01-30,14.1,14.15,14.05,14.05,146496
2018-01-31,14.0,14.05,14.0,14.0,485000
2018-02-01,14.0,14.1,14.0,14.05,81000
2018-02-02,14.0,14.05,14.0,14.05,60000
2018-02-05,13.9,14.05,13.7,14.05,74000
2018-02-06,13.75,14.0,13.5,14.0,120127
2018-02-07,13.85,14.0,13.8,14.0,79000
2018-02-08,13.95,14.0,13.9,14.0,29000
2018-02-09,13.9,13.9,13.8,13.9,70300
2018-02-12,13.9,14.0,13.9,14.0,47000
2018-02-21,13.95,14.0,13.9,14.0,20000
2018-02-22,13.9,14.0,13.85,13.95,13000
2018-02-23,14.0,14.0,13.9,13.95,27340
2018-02-26,13.9,14.0,13.9,14.0,9000
2018-02-27,13.95,14.0,13.95,14.0,14500
2018-03-01,13.95,14.0,13.95,13.95,46090
2018-03-02,13.95,13.95,13.85,13.95,17100
2018-03-05,13.9,14.0,13.9,14.0,4000
2018-03-06,13.9,14.0,13.9,14.0,12121
2018-03-07,13.9,13.95,13.85,13.85,15000
2018-03-08,13.95,13.95,13.85,13.95,25152
2018-03-09,13.9,13.95,13.9,13.95,11000
2018-03-12,13.95,14.0,13.85,13.85,23250
2018-03-13,13.9,14.0,13.85,14.0,114350
2018-03-14,13.95,13.95,13.95,13.95,1234
2018-03-15,13.9,13.95,13.9,13.95,11000
2018-03-16,13.9,13.9,13.9,13.9,3060
2018-03-19,13.95,14.0,13.95,13.95,26000
2018-03-20,13.95,14.0,13.95,14.0,20114
2018-03-21,13.95,13.95,13.9,13.95,17000
2018-03-22,13.95,14.0,13.95,14.0,18065
2018-03-23,13.9,13.95,13.9,13.95,19183
2018-03-26,13.9,13.9,13.9,13.9,13451
2018-03-27,13.95,14.0,13.95,14.0,26347
2018-03-28,13.9,14.0,13.9,14.0,9607
2018-03-29,13.9,14.0,13.9,14.0,23207
2018-03-30,13.9,14.0,13.9,13.9,39169
2018-03-31,13.95,14.0,13.95,14.0,26021
2018-04-02,14.0,14.0,13.95,13.95,19100
2018-04-03,13.85,13.95,13.85,13.9,3000
2018-04-09,14.0,14.0,13.9,13.95,6616
2018-04-10,13.95,13.95,13.95,13.95,4157
2018-04-11,13.95,14.0,13.9,13.9,20000
2018-04-12,13.95,14.0,13.9,14.0,18000
2018-04-13,14.0,14.0,13.95,14.0,8419
2018-04-16,14.0,14.0,13.85,13.9,33051
2018-04-17,13.9,13.9,13.8,13.9,17000
2018-04-18,13.95,14.0,13.9,14.0,17861
2018-04-19,14.0,14.0,13.9,13.9,45000
2018-04-20,13.9,13.95,13.9,13.95,20300
2018-04-23,13.9,13.95,13.9,13.95,7000
2018-04-24,13.95,14.0,13.9,13.95,23000
2018-04-25,13.9,13.9,13.9,13.9,11000
2018-04-26,13.9,13.95,13.9,13.95,7000
2018-04-27,13.95,13.95,13.9,13.95,20026
2018-04-30,13.95,13.95,13.9,13.95,9546
2018-05-02,13.9,13.95,13.9,13.95,4002
2018-05-03,13.9,13.95,13.9,13.95,6399
2018-05-04,13.95,14.0,13.95,13.95,154000
2018-05-07,13.95,13.95,13.9,13.9,7000
2018-05-08,13.9,13.95,13.9,13.95,5000
2018-05-09,13.95,13.95,13.85,13.95,41020
2018-05-10,13.9,13.95,13.9,13.95,36592
2018-05-11,13.95,13.95,13.9,13.95,3863
2018-05-14,13.9,14.0,13.9,13.9,237891
2018-05-15,13.95,13.95,13.9,13.95,22000
2018-05-16,13.95,13.95,13.95,13.95,2000
2018-05-17,13.9,13.9,13.8,13.9,334050
2018-05-18,13.85,13.9,13.8,13.85,84000
2018-05-21,13.8,13.85,13.75,13.85,58002
2018-05-22,13.8,13.8,13.7,13.75,53060
2018-05-23,13.8,13.8,13.8,13.8,2001
2018-05-24,13.8,13.95,13.75,13.95,14615
2018-05-25,13.85,13.85,13.75,13.8,45823
2018-05-28,13.85,13.9,13.75,13.9,48137
2018-05-29,13.85,13.85,13.75,13.85,11001
2018-05-30,13.75,13.85,13.7,13.85,120450
2018-05-31,13.7,13.85,13.7,13.85,65000
2018-06-01,13.75,13.75,13.7,13.7,70000
2018-06-04,13.75,14.0,13.7,14.0,114415
2018-06-05,13.95,13.95,13.75,13.9,62329
2018-06-06,13.75,13.95,13.75,13.95,52078
2018-06-07,13.95,14.15,13.9,14.15,94000
2018-06-08,14.0,14.3,14.0,14.3,159862
2018-06-11,14.15,14.15,14.1,14.15,67001
2018-06-12,14.1,14.1,13.95,14.05,50000
2018-06-13,14.0,14.05,14.0,14.05,27501
2018-06-14,14.0,14.1,14.0,14.1,31000
2018-06-15,14.05,14.05,14.0,14.05,11050
2018-06-19,14.0,14.1,14.0,14.1,27000
2018-06-20,14.05,14.05,14.0,14.05,17152
2018-06-21,14.05,14.05,14.0,14.05,18000
2018-06-22,13.95,14.0,13.9,13.9,14500
2018-06-25,13.9,14.0,13.9,14.0,24577
2018-06-26,13.95,14.25,13.95,14.25,134660
2018-06-27,14.2,14.2,14.05,14.2,48033
2018-06-28,14.1,14.3,14.1,14.3,92183
2018-06-29,14.2,14.3,14.1,14.25,74000
2018-07-02,14.25,14.25,14.0,14.0,33200
2018-07-03,14.0,14.0,14.0,14.0,11000
2018-07-04,13.9,14.0,13.75,14.0,149496
2018-07-05,13.85,14.0,13.85,14.0,36005
2018-07-06,14.0,14.05,13.9,14.05,62795
2018-07-09,14.05,14.05,13.9,14.0,44076
2018-07-10,14.0,14.0,13.9,14.0,52000
2018-07-11,13.9,14.0,13.85,14.0,20798
2018-07-12,14.0,14.0,14.0,14.0,10003
2018-07-13,14.0,14.0,14.0,14.0,10003
2018-07-16,13.9,14.05,13.9,14.0,29000
2018-07-17,13.9,14.0,13.9,14.0,8887
2018-07-18,13.9,14.1,13.9,14.1,52100
2018-07-19,14.0,14.05,14.0,14.05,15000
2018-07-20,13.95,14.05,13.9,14.05,21000
2018-07-23,13.9,14.05,13.9,14.05,4000
2018-07-24,13.95,14.0,13.9,14.0,18496
2018-07-25,14.0,14.0,13.9,14.0,15005
2018-07-26,13.9,14.0,13.8,14.0,56671
2018-07-27,13.9,14.0,13.9,14.0,26000
2018-07-30,13.9,13.9,13.9,13.9,4505
2018-07-31,13.9,13.9,13.8,13.9,6499
2018-08-01,13.9,13.9,13.8,13.9,23212
2018-08-02,13.85,13.9,13.85,13.9,48584
2018-08-03,13.85,13.9,13.85,13.9,49500
2018-08-06,13.9,14.0,13.9,14.0,18266
2018-08-07,13.9,14.0,13.9,14.0,12183
2018-08-08,13.9,13.9,13.9,13.9,10200
2018-08-09,13.85,13.85,13.85,13.85,3000
2018-08-10,13.9,13.95,13.9,13.95,21261
2018-08-13,13.85,14.0,13.85,14.0,47253
2018-08-14,14.0,14.0,13.85,13.85,34500
2018-08-15,13.85,14.0,13.85,14.0,63000
2018-08-16,13.9,13.9,13.85,13.9,13000
2018-08-17,13.9,14.0,13.9,14.0,23003
2018-08-20,13.9,14.0,13.85,14.0,36381
2018-08-21,13.9,14.0,13.9,14.0,37180
2018-08-22,13.9,14.0,13.9,14.0,133500
2018-08-23,14.0,14.0,14.0,14.0,7500
2018-08-24,13.9,14.0,13.9,14.0,9000
2018-08-27,13.9,13.95,13.9,13.95,9000
2018-08-28,13.95,14.0,13.9,13.95,23000
2018-08-29,13.9,13.9,13.9,13.9,12000
2018-08-30,13.95,14.0,13.9,13.9,11661
2018-08-31,13.95,13.95,13.9,13.95,3330
2018-09-03,13.9,13.95,13.9,13.95,7000
2018-09-04,13.9,13.9,13.9,13.9,2000
2018-09-05,13.9,13.95,13.9,13.95,11000
2018-09-06,13.9,13.9,13.9,13.9,12000
2018-09-07,13.95,13.95,13.85,13.85,4000
2018-09-10,13.85,14.0,13.65,13.85,82126
2018-09-11,13.95,13.95,13.95,13.95,8000
2018-09-12,13.95,14.0,13.7,14.0,36288
2018-09-13,13.9,14.0,13.9,14.0,43000
2018-09-14,14.0,14.0,13.75,13.95,70000
2018-09-17,13.85,13.9,13.8,13.9,20120
2018-09-18,13.85,13.95,13.85,13.95,7000
2018-09-19,13.95,13.95,13.7,13.95,128000
2018-09-21,13.8,13.9,13.7,13.9,64050
2018-09-25,13.8,13.9,13.8,13.9,7367
2018-09-26,14.0,14.0,13.9,13.9,34100
2018-09-27,13.8,13.8,13.8,13.8,5338
2018-09-28,13.85,13.9,13.85,13.9,24183
2018-10-01,13.85,14.0,13.85,14.0,8000
2018-10-02,13.85,13.9,13.85,13.9,3000
2018-10-03,13.85,13.9,13.8,13.9,7000
2018-10-04,13.8,13.9,13.7,13.9,49537
2018-10-05,13.95,13.95,13.95,13.95,11500
2018-10-08,13.8,13.9,13.7,13.9,44064
2018-10-09,13.95,14.0,13.7,13.9,54100
2018-10-11,13.5,13.6,13.5,13.6,63000
2018-10-12,13.5,13.95,13.2,13.95,136177
2018-10-15,13.65,13.65,13.6,13.6,62000
2018-10-16,13.65,13.95,13.6,13.95,46500
2018-10-17,13.7,13.95,13.65,13.95,57068
2018-10-18,13.75,13.95,13.7,13.95,54000
2018-10-19,13.95,13.95,13.95,13.95,17000
2018-10-22,13.85,13.85,13.7,13.75,64670
2018-10-23,13.8,13.85,13.8,13.85,15000
2018-10-24,13.7,13.9,13.7,13.9,63000
2018-10-25,13.75,13.95,13.75,13.95,12000
2018-10-26,13.95,13.95,13.8,13.9,14000
2018-10-29,13.8,13.9,13.6,13.9,110475
2018-10-30,13.75,13.9,13.7,13.9,92000
2018-10-31,13.8,13.85,13.8,13.85,18262
2018-11-01,13.75,13.8,13.7,13.8,14250
2018-11-02,13.8,13.8,13.7,13.75,30000
2018-11-05,13.75,13.85,13.7,13.7,16101
2018-11-06,13.7,13.85,13.7,13.7,35000
2018-11-07,13.8,13.95,13.8,13.95,3000
2018-11-08,13.75,13.85,13.75,13.85,11002
2018-11-09,13.7,13.9,13.7,13.9,43000
2018-11-12,13.8,13.95,13.75,13.95,44500
2018-11-13,13.75,13.9,13.7,13.7,24001
2018-11-14,13.85,13.9,13.75,13.9,18000
2018-11-15,13.9,13.95,13.75,13.75,5525
2018-11-16,13.8,13.9,13.8,13.9,12999
2018-11-19,13.9,13.9,13.9,13.9,2000
2018-11-20,13.9,13.95,13.8,13.95,12195
2018-11-21,13.95,13.95,13.85,13.95,23883
2018-11-22,13.9,13.95,13.9,13.95,6883
2018-11-23,13.85,14.0,13.85,14.0,12000
2018-11-26,14.0,14.05,14.0,14.0,131000
2018-11-27,14.0,14.0,13.9,14.0,31001
2018-11-28,14.0,14.0,14.0,14.0,32000
2018-11-29,14.0,14.05,13.95,14.05,152000
2018-11-30,14.0,14.05,13.9,13.9,118000
2018-12-03,14.0,14.0,13.9,13.95,14100
2018-12-04,13.95,14.05,13.95,14.05,233052
2018-12-05,13.9,14.15,13.9,13.95,430000
2018-12-06,13.95,13.95,13.75,13.9,93201
2018-12-07,13.9,13.95,13.9,13.95,16500
2018-12-10,13.85,13.95,13.85,13.95,10000
2018-12-11,13.95,13.95,13.8,13.9,30000
2018-12-12,13.8,13.85,13.8,13.85,8107
2018-12-13,13.9,13.95,13.85,13.95,24547
2018-12-14,13.85,13.9,13.8,13.9,14000
2018-12-17,13.85,13.85,13.8,13.8,29000
2018-12-18,13.8,13.9,13.8,13.9,99002
2018-12-19,13.95,13.95,13.95,13.95,10250
2018-12-20,13.9,14.0,13.9,13.95,76000
2018-12-21,13.95,14.1,13.9,14.1,265000
2018-12-22,15.5,15.5,15.5,15.5,190000
2018-12-24,15.65,17.05,15.3,17.05,256852
2018-12-25,16.95,17.5,16.7,16.7,276632
2018-12-26,16.7,17.0,16.5,17.0,252499
2018-12-27,17.1,17.3,16.8,17.0,169183
2018-12-28,17.0,17.0,16.8,16.95,268551
2019-01-02,16.95,16.95,16.45,16.8,57472
2019-01-03,16.8,16.8,16.4,16.4,26000
2019-01-04,16.5,16.5,15.8,16.5,75000
2019-01-07,16.55,17.0,16.3,16.8,105561
2019-01-08,16.5,16.65,16.25,16.45,60010
2019-01-09,16.45,16.45,16.3,16.35,37500
2019-01-10,16.3,16.3,15.75,15.75,75005
2019-01-11,16.1,16.1,15.7,15.7,63848
2019-01-14,15.7,16.0,15.3,15.4,43000
2019-01-15,15.6,15.7,15.1,15.1,57000
2019-01-16,15.3,15.4,15.1,15.3,47000
2019-01-17,15.4,15.5,15.35,15.4,20000
2019-01-18,15.4,15.4,15.4,15.4,3000
2019-01-21,15.5,15.8,15.45,15.75,51000
2019-01-22,15.7,15.8,15.4,15.4,136000
2019-01-23,15.6,15.75,15.2,15.25,153500
2019-01-24,15.4,15.8,15.35,15.8,41000
2019-01-25,15.6,15.8,15.6,15.65,63048
2019-01-28,15.65,16.0,15.5,16.0,60550
2019-01-29,15.75,16.5,15.65,16.5,61000
2019-01-30,16.15,16.55,16.05,16.35,88000
2019-02-11,16.45,16.8,16.2,16.35,55496
2019-02-12,16.45,16.45,16.15,16.3,29000
2019-02-13,16.6,16.65,16.1,16.65,122098
2019-02-14,16.65,16.7,16.35,16.7,90023
2019-02-15,16.65,16.65,16.05,16.1,569003
2019-02-18,16.1,16.3,16.1,16.3,100800
2019-02-19,16.2,16.4,16.1,16.4,33100
2019-02-20,16.4,16.5,16.25,16.35,54311
2019-02-21,16.45,16.55,16.15,16.25,91628
2019-02-22,16.3,16.3,16.3,16.3,15000
2019-02-25,16.3,16.4,16.3,16.4,17000
2019-02-26,16.4,16.4,16.2,16.3,56798
2019-02-27,16.3,16.3,16.25,16.25,7000
2019-03-04,16.15,16.2,16.05,16.2,51500
2019-03-05,16.15,16.3,16.15,16.3,13000
2019-03-06,16.1,16.25,16.1,16.2,24000
2019-03-07,16.2,16.3,16.0,16.2,82100
2019-03-08,16.05,16.4,16.05,16.4,19167
2019-03-11,16.25,16.4,16.2,16.4,26000
2019-03-12,16.25,16.4,16.25,16.4,22000
2019-03-13,16.45,16.45,16.1,16.2,63992
2019-03-14,16.3,16.3,16.2,16.3,15000
2019-03-15,16.3,16.5,16.15,16.35,54000
2019-03-18,16.4,16.5,16.25,16.4,71450
2019-03-19,16.45,16.45,16.35,16.45,27183
2019-03-20,16.4,16.5,16.4,16.5,63035
2019-03-21,16.4,16.45,16.3,16.35,91050
2019-03-22,16.4,16.45,16.4,16.45,35165
2019-03-25,16.45,16.45,16.3,16.45,40051
2019-03-26,16.4,16.45,16.25,16.35,56130
2019-03-27,16.35,16.45,16.25,16.4,35614
2019-03-28,16.4,16.45,16.35,16.4,49200
2019-03-29,16.45,16.45,16.25,16.45,25026
2019-04-01,16.3,16.35,16.25,16.35,35010
2019-04-02,16.3,16.3,16.2,16.3,15150
2019-04-03,16.2,16.2,16.15,16.15,62125
2019-04-08,16.2,16.3,16.2,16.3,11749
2019-04-09,16.3,16.3,16.15,16.3,60000
2019-04-10,16.3,16.3,16.15,16.3,19155
2019-04-11,16.25,16.3,16.25,16.3,25000
2019-04-12,16.25,16.3,16.25,16.3,11814
2019-04-15,16.25,16.25,16.2,16.25,7000
2019-04-16,16.3,16.3,16.2,16.25,18637
2019-04-17,16.3,16.5,16.15,16.5,126845
2019-04-18,16.5,16.5,16.25,16.5,26140
2019-04-19,16.2,16.25,15.7,16.15,159000
2019-04-22,16.15,16.25,16.15,16.25,28183
2019-04-23,16.25,16.3,16.15,16.3,15615
2019-04-24,16.15,16.25,16.15,16.25,16000
2019-04-25,16.3,16.3,16.1,16.3,38076
2019-04-26,16.15,16.3,16.15,16.3,28000
2019-04-29,16.2,16.2,16.1,16.1,24007
2019-04-30,16.25,16.3,16.1,16.25,349500
2019-05-02,16.25,16.3,16.05,16.2,328169
2019-05-03,16.25,16.25,16.2,16.2,13000
2019-05-06,16.05,16.2,16.0,16.2,47026
2019-05-07,16.2,16.25,16.1,16.25,28000
2019-05-08,16.25,16.25,15.95,16.0,50004
2019-05-09,16.05,16.25,16.0,16.25,30610
2019-05-10,16.05,16.25,16.05,16.25,21100
2019-05-13,16.3,16.35,16.1,16.2,34000
2019-05-14,16.25,16.25,16.1,16.15,23015
2019-05-15,16.25,16.35,16.1,16.1,164000
2019-05-16,16.25,16.3,16.2,16.25,22399
2019-05-17,16.3,16.3,16.15,16.25,21000
2019-05-20,16.25,16.25,16.25,16.25,12053
2019-05-21,16.25,16.3,16.25,16.25,32000
2019-05-22,16.3,16.3,16.15,16.2,17000
2019-05-23,16.2,16.2,16.15,16.2,10000
2019-05-24,16.2,16.2,16.2,16.2,7250
2019-05-27,16.25,16.25,16.2,16.25,11003
2019-05-28,16.25,16.3,16.15,16.15,29265
2019-05-29,16.3,16.3,16.15,16.3,27472
2019-05-30,16.25,16.35,16.2,16.25,17001
2019-05-31,16.25,16.3,16.05,16.1,44001
2019-06-03,16.2,16.2,16.05,16.15,16004
2019-06-04,16.15,16.2,16.15,16.2,7000
2019-06-05,16.05,16.05,16.05,16.05,26001
2019-06-06,16.15,16.2,16.05,16.2,16000
2019-06-10,16.15,16.2,16.15,16.2,16004
2019-06-11,16.05,16.2,16.05,16.2,25018
2019-06-12,16.25,16.25,16.25,16.25,25001
2019-06-13,16.3,17.85,16.05,17.85,74044
2019-06-14,17.45,17.45,16.7,16.9,201044
2019-06-17,16.5,16.9,16.4,16.7,57250
2019-06-18,16.5,16.7,16.5,16.65,14000
2019-06-19,16.65,16.7,16.5,16.7,53004
2019-06-20,16.65,16.65,16.65,16.65,21076
2019-06-21,16.65,16.65,16.55,16.65,55057
2019-06-24,16.65,16.9,16.65,16.9,114000
2019-06-25,16.9,16.9,16.8,16.85,229019
2019-06-26,16.8,16.85,16.75,16.8,625083
2019-06-27,16.75,16.9,16.75,16.9,956026
2019-06-28,16.9,16.9,16.8,16.8,22000
2019-07-01,16.9,16.95,16.75,16.8,174001
2019-07-02,16.85,16.85,16.75,16.8,86259
2019-07-03,16.9,16.9,16.7,16.8,57150
2019-07-04,16.75,16.8,16.65,16.65,77000
2019-07-05,16.8,16.8,16.75,16.8,120000
2019-07-08,16.75,16.75,16.65,16.75,96078
2019-07-09,16.7,16.75,16.65,16.7,89750
2019-07-10,16.7,16.75,16.5,16.5,86000
2019-07-11,16.7,16.7,16.5,16.55,40000
2019-07-12,16.65,16.65,16.5,16.55,16090
2019-07-15,16.65,16.7,16.5,16.6,77026
2019-07-16,16.55,16.7,16.55,16.7,16250
2019-07-17,16.5,16.9,16.4,16.9,481000
2019-07-18,16.8,16.85,16.75,16.8,14050
2019-07-19,16.8,16.8,16.7,16.8,100000
2019-07-22,16.8,16.8,16.7,16.7,9879
2019-07-23,16.7,16.75,16.7,16.7,11300
2019-07-24,16.7,16.75,16.6,16.6,105000
2019-07-25,16.6,16.65,16.5,16.6,22415
2019-07-26,16.6,16.6,16.6,16.6,1000
2019-07-29,16.6,16.65,16.6,16.65,25000
2019-07-30,16.65,16.65,16.5,16.65,11200
2019-07-31,16.5,16.65,16.5,16.65,30000
2019-08-01,16.8,16.8,16.6,16.75,10000
2019-08-02,16.9,16.9,16.55,16.8,9000
2019-08-05,16.6,16.6,16.45,16.45,12587
2019-08-06,16.25,16.6,16.25,16.6,20260
2019-08-07,16.6,16.6,16.35,16.45,19002
2019-08-08,16.45,16.6,16.4,16.6,19001
2019-08-12,16.4,16.6,16.35,16.6,25798
2019-08-13,16.6,16.6,16.55,16.55,7000
2019-08-14,16.75,16.8,16.5,16.65,8854
2019-08-15,16.6,16.6,16.25,16.6,21000
2019-08-16,16.5,16.5,16.45,16.45,11000
2019-08-19,16.45,16.7,16.45,16.6,13496
2019-08-20,16.45,16.45,16.45,16.45,8000
2019-08-21,16.5,16.7,16.45,16.5,73500
2019-08-22,16.55,16.6,16.5,16.6,10497
2019-08-23,16.55,16.6,16.4,16.55,7156
2019-08-26,16.5,16.6,16.2,16.2,46000
2019-08-27,16.4,16.4,16.3,16.4,40501
2019-08-28,16.4,16.6,16.4,16.6,19000
2019-08-29,16.55,16.55,16.35,16.45,19147
2019-08-30,16.5,16.5,16.5,16.5,2000
2019-09-02,16.5,16.5,16.35,16.5,9250
2019-09-03,16.45,16.5,16.35,16.4,13272
2019-09-04,16.45,16.5,16.4,16.5,6455
2019-09-05,16.5,16.5,16.35,16.35,24500
2019-09-06,16.45,16.5,16.4,16.5,107332
2019-09-09,16.5,16.5,16.4,16.5,30259
2019-09-10,16.5,16.55,16.4,16.5,10100
2019-09-11,16.5,16.5,16.4,16.4,85000
2019-09-12,16.5,16.55,16.4,16.45,53500
2019-09-16,16.5,16.8,16.4,16.45,55229
2019-09-17,16.5,16.55,16.4,16.45,34275
2019-09-18,16.5,16.7,16.45,16.7,112000
2019-09-19,16.75,16.75,16.5,16.7,39000
2019-09-20,16.6,16.8,16.6,16.8,23000
2019-09-23,16.8,16.8,16.6,16.8,75801
2019-09-24,16.8,17.0,16.8,16.9,48002
2019-09-25,16.9,16.9,16.65,16.75,53000
2019-09-26,16.85,16.95,16.6,16.6,55000
2019-09-27,16.75,16.9,16.6,16.9,108100
2019-10-01,16.9,16.95,16.9,16.9,16496
2019-10-02,16.9,16.9,16.9,16.9,6000
2019-10-03,16.85,17.0,16.7,17.0,22000
2019-10-04,17.0,17.0,16.8,17.0,15111
2019-10-07,17.0,17.0,16.85,16.85,6231
2019-10-08,16.8,17.0,16.75,16.95,28000
2019-10-09,16.95,17.1,16.95,16.95,103451
2019-10-14,17.0,17.1,16.85,17.1,66047
2019-10-15,17.1,17.1,16.9,17.05,31000
2019-10-16,17.05,17.15,17.0,17.05,70000
2019-10-17,17.05,17.1,16.95,16.95,12423
2019-10-18,17.0,17.1,17.0,17.1,21001
2019-10-21,17.1,17.2,17.05,17.2,38710
2019-10-22,17.2,17.2,17.1,17.2,12821
2019-10-23,17.2,17.2,17.1,17.1,4250
2019-10-24,17.1,17.1,17.0,17.1,74484
2019-10-25,17.1,17.15,17.1,17.15,69107
2019-10-28,17.2,17.2,17.05,17.1,112054
2019-10-29,17.15,17.15,16.95,17.05,98000
2019-10-30,17.05,17.1,16.95,17.1,178314
2019-10-31,17.05,17.1,17.05,17.1,7020
2019-11-01,17.1,17.1,17.1,17.1,3001
2019-11-04,17.1,17.1,17.0,17.1,18184
2019-11-05,17.1,17.1,17.0,17.05,15000
2019-11-06,17.05,17.05,16.95,17.05,29000
2019-11-07,17.0,17.05,17.0,17.05,14000
2019-11-08,17.0,17.05,17.0,17.05,10069
2019-11-11,17.0,17.05,17.0,17.05,8011
2019-11-12,17.05,17.05,17.05,17.05,13000
2019-11-13,16.9,17.0,16.8,17.0,73000
2019-11-14,16.85,16.95,16.75,16.95,33100
2019-11-15,17.0,17.0,16.8,17.0,27857
2019-11-18,16.85,16.95,16.8,16.95,19530
2019-11-19,16.85,16.85,16.8,16.85,65383
2019-11-20,16.95,17.0,16.8,17.0,66300
2019-11-21,16.85,17.0,16.8,17.0,43070
2019-11-22,16.85,16.9,16.85,16.9,20000
2019-11-25,16.95,17.0,16.85,17.0,35136
2019-11-26,17.0,17.0,16.85,16.85,11050
2019-11-27,16.95,16.95,16.8,16.9,28027
2019-11-28,16.95,16.95,16.95,16.95,15010
2019-11-29,16.9,17.0,16.9,17.0,8091
2019-12-02,16.9,16.9,16.9,16.9,5210
2019-12-03,16.95,17.0,16.95,17.0,10357
2019-12-04,17.0,17.0,16.85,17.0,32000
2019-12-05,17.0,17.0,16.9,17.0,8083
2019-12-06,17.0,17.0,16.95,17.0,11000
2019-12-09,17.0,17.0,16.95,17.0,13000
2019-12-10,16.85,16.95,16.85,16.95,47020
2019-12-11,16.9,16.95,16.9,16.95,14000
2019-12-12,16.95,17.0,16.95,17.0,6183
2019-12-13,17.0,17.0,17.0,17.0,3242
2019-12-16,16.95,17.0,16.9,16.95,48672
2019-12-17,17.0,17.0,16.9,17.0,111000
2019-12-18,17.0,17.3,17.0,17.3,108038
2019-12-19,17.3,17.3,17.05,17.15,83000
2019-12-20,17.15,17.15,17.05,17.15,37000
2019-12-23,17.2,17.3,17.15,17.3,36981
2019-12-24,17.15,17.35,17.15,17.35,44238
2019-12-25,17.2,17.3,17.2,17.3,35000
2019-12-26,17.2,17.2,17.2,17.2,10100
2019-12-27,17.2,17.3,17.15,17.3,123050
2019-12-30,17.3,17.3,17.2,17.25,27334
2019-12-31,17.2,17.45,17.2,17.45,200000
2020-01-02,17.4,17.4,17.3,17.35,38908
2020-01-03,17.35,17.35,17.3,17.35,22000
2020-01-06,17.35,17.35,17.2,17.25,83000
2020-01-07,17.2,17.4,17.2,17.35,144759
2020-01-08,17.25,17.3,17.2,17.3,76260
2020-01-09,17.3,17.3,17.2,17.3,119917
2020-01-10,17.3,17.3,17.25,17.3,20433
2020-01-13,17.2,17.3,17.2,17.3,77001
2020-01-14,17.2,17.25,17.15,17.15,82000
2020-01-15,17.15,17.2,17.05,17.2,207175
2020-01-16,17.1,17.2,17.1,17.2,9001
2020-01-17,17.2,17.2,17.2,17.2,2000
2020-01-20,17.2,17.2,17.1,17.15,14230
2020-01-30,17.0,17.05,16.75,17.05,23000
2020-01-31,17.05,17.05,17.05,17.05,12000
2020-02-03,16.8,17.5,16.75,17.2,1838000
2020-02-04,17.05,17.15,17.05,17.15,130000
2020-02-05,17.0,17.0,16.9,16.9,13000
2020-02-06,16.9,17.1,16.9,17.1,70000
2020-02-07,17.0,17.0,17.0,17.0,12361
2020-02-10,17.0,17.0,17.0,17.0,8003
2020-02-11,16.95,17.0,16.95,17.0,3000
2020-02-12,16.9,16.9,16.7,16.9,50076
2020-02-13,16.85,16.9,16.55,16.9,66000
2020-02-14,16.85,16.9,16.7,16.9,18139
2020-02-17,16.85,16.85,16.8,16.8,8003
2020-02-18,16.85,16.9,16.8,16.9,20000
2020-02-19,16.8,16.95,16.7,16.95,47245
2020-02-20,16.95,16.95,16.7,16.85,26011
2020-02-21,16.8,16.8,16.35,16.6,181000
2020-02-24,16.35,16.55,16.3,16.55,55217
2020-02-25,16.45,16.55,16.4,16.45,18000
2020-02-26,16.55,16.75,16.4,16.75,55000
2020-02-27,16.85,16.85,16.55,16.6,949035
2020-03-02,16.2,16.4,16.2,16.2,790000
2020-03-03,16.45,16.45,16.2,16.4,50076
2020-03-04,16.5,16.9,16.5,16.75,44680
2020-03-05,16.9,16.9,16.3,16.8,39000
2020-03-06,16.8,16.8,16.4,16.5,65000
2020-03-09,16.2,16.4,15.95,16.2,110001
2020-03-10,16.2,17.05,16.2,16.75,113798
2020-03-11,16.8,16.8,16.4,16.4,23000
2020-03-12,16.0,16.0,15.2,15.65,662220
2020-03-13,15.7,15.75,14.65,15.75,92787
2020-03-16,15.6,15.6,15.2,15.5,37000
2020-03-17,15.45,15.9,15.2,15.45,45000
2020-03-18,15.45,15.45,14.5,14.5,103000
2020-03-19,14.75,14.75,13.05,14.7,277659
2020-03-20,14.4,14.9,14.3,14.9,53000
2020-03-23,14.6,14.6,14.1,14.3,74127
2020-03-24,14.35,14.45,14.1,14.1,45001
2020-03-25,14.45,14.9,14.2,14.9,100899
2020-03-26,14.85,15.4,14.7,15.4,51101
2020-03-27,15.7,15.7,15.6,15.7,31496
2020-03-30,15.6,15.6,15.45,15.6,22000
2020-03-31,15.8,16.45,15.8,16.1,69000
2020-04-01,16.2,16.25,15.8,15.95,34000
2020-04-06,16.0,16.0,15.45,15.5,19000
2020-04-07,15.9,15.9,15.1,15.15,29020
2020-04-08,15.15,15.3,15.15,15.3,15000
2020-04-09,15.4,15.65,15.3,15.65,25000
2020-04-10,15.65,15.9,15.65,15.65,20000
2020-04-13,15.4,16.3,15.4,16.3,13800
2020-04-14,16.1,16.25,15.85,16.05,35000
2020-04-15,16.05,16.1,15.75,15.85,100000
2020-04-16,15.7,15.95,15.45,15.95,40496
2020-04-17,15.95,16.5,15.8,16.0,80635
2020-04-20,16.0,16.1,15.9,16.1,18050
2020-04-21,16.1,16.1,15.0,16.0,80001
2020-04-22,15.7,15.7,15.4,15.7,23000
2020-04-23,16.1,16.6,15.25,15.3,166000
2020-04-24,15.45,15.5,15.35,15.5,16526
2020-04-27,15.6,16.0,15.6,16.0,45183
2020-04-28,15.95,15.95,15.75,15.8,23057
2020-04-29,15.8,16.4,15.8,16.1,148000
2020-04-30,16.3,16.5,16.1,16.1,107325
2020-05-04,16.1,16.35,15.8,16.35,28076
2020-05-05,16.35,16.35,16.15,16.15,18451
2020-05-06,16.25,16.25,15.95,16.1,26000
2020-05-07,16.3,16.3,16.1,16.3,28899
2020-05-08,16.35,16.35,15.95,16.1,50133
2020-05-11,16.4,16.4,16.05,16.05,15230
2020-05-12,15.95,15.95,15.25,15.45,108021
2020-05-13,15.5,15.65,15.5,15.65,21000
2020-05-14,15.55,15.85,15.2,15.85,44100
2020-05-15,16.05,16.05,15.5,15.85,1026000
2020-05-18,15.85,15.85,15.55,15.85,20500
2020-05-19,16.4,16.4,15.8,15.85,24297
2020-05-20,15.85,16.15,15.5,15.65,106810
2020-05-21,15.65,15.9,15.5,15.9,29026
2020-05-22,15.6,15.6,15.35,15.35,18000
2020-05-25,15.55,15.9,15.55,15.9,20426
2020-05-26,16.3,16.45,16.0,16.45,87026
2020-05-27,16.45,16.45,15.85,16.1,65010
2020-05-28,16.2,16.3,15.85,16.3,50000
2020-05-29,16.2,16.45,16.2,16.45,8090
2020-06-01,16.2,16.4,16.1,16.4,60183
2020-06-02,16.4,16.5,16.0,16.0,47464
2020-06-03,16.25,16.3,16.15,16.2,47001
2020-06-04,16.4,16.4,16.2,16.35,19146
2020-06-05,16.35,16.4,16.3,16.4,15052
2020-06-08,16.45,16.45,16.4,16.4,11000
2020-06-09,16.5,16.5,16.2,16.4,81000
2020-06-10,16.4,16.5,16.4,16.45,30500
2020-06-11,16.5,16.5,16.1,16.2,41026
2020-06-12,16.2,16.4,16.2,16.4,26000
2020-06-15,16.45,16.45,16.15,16.45,25850
2020-06-16,16.45,16.5,16.4,16.45,63339
2020-06-17,16.5,16.5,16.4,16.4,49506
2020-06-18,16.4,16.4,16.3,16.3,27500
2020-06-19,16.45,16.5,16.15,16.3,54290
2020-06-22,16.35,16.35,16.15,16.2,35000
2020-06-23,16.2,16.25,16.0,16.1,106000
2020-06-24,16.1,16.3,16.0,16.15,52569
2020-06-29,16.15,16.15,15.7,16.15,72131
2020-06-30,16.4,16.5,16.25,16.4,27000
2020-07-01,16.35,16.4,16.3,16.4,34000
2020-07-02,16.4,16.4,16.2,16.35,18496
2020-07-03,16.35,16.35,16.25,16.35,21000
2020-07-06,16.35,16.5,16.3,16.45,155701
2020-07-07,16.45,16.6,16.35,16.45,65699
2020-07-08,16.4,16.4,16.3,16.35,33000
2020-07-09,16.35,16.35,16.2,16.35,34231
2020-07-10,16.35,16.35,16.1,16.35,36202
2020-07-13,16.45,16.5,16.2,16.35,28000
2020-07-14,16.35,16.35,16.3,16.3,9000
2020-07-15,16.45,16.5,16.3,16.4,28526
2020-07-16,16.45,16.45,16.25,16.3,24403
2020-07-17,16.4,16.95,16.3,16.4,77202
2020-07-20,16.55,16.6,16.2,16.45,37000
2020-07-21,16.45,17.0,16.45,16.7,305287
2020-07-22,16.65,16.7,16.5,16.55,40271
2020-07-23,16.6,16.6,16.6,16.6,25183
2020-07-24,16.5,16.55,16.2,16.5,78357
2020-07-27,16.25,16.35,16.1,16.15,47798
2020-07-28,16.25,16.35,15.65,16.2,80004
2020-07-29,15.8,16.2,15.8,16.2,26400
2020-07-30,16.05,16.35,16.05,16.35,34211
2020-07-31,16.4,16.4,16.3,16.35,24000
2020-08-03,16.2,16.2,15.85,16.2,71000
2020-08-04,16.15,16.3,16.1,16.3,27000
2020-08-05,16.2,16.35,16.2,16.3,23181
2020-08-06,16.3,16.3,16.0,16.05,28000
2020-08-07,16.1,16.45,15.95,16.1,71000
2020-08-10,16.1,16.4,16.1,16.4,47002
2020-08-11,16.4,16.4,16.05,16.05,145000
2020-08-12,16.05,16.1,16.05,16.1,25000
2020-08-13,16.15,16.4,16.1,16.1,116000
2020-08-14,16.1,16.4,16.0,16.2,73000
2020-08-17,16.2,16.4,16.2,16.4,54635
2020-08-18,16.4,16.45,16.1,16.25,164000
2020-08-19,16.25,16.4,16.2,16.3,21350
2020-08-20,16.3,16.3,16.0,16.2,61000
2020-08-21,16.25,16.3,16.05,16.25,33002
2020-08-24,16.3,16.35,16.1,16.35,60798
2020-08-25,16.4,16.4,16.2,16.25,37394
2020-08-26,16.3,16.3,16.2,16.25,45000
2020-08-27,16.25,16.25,16.2,16.2,25186
2020-08-28,16.2,16.3,16.15,16.3,58000
2020-08-31,16.45,16.45,16.25,16.3,27083
2020-09-01,16.35,16.4,16.2,16.3,37000
2020-09-02,16.25,16.3,16.15,16.25,30038
2020-09-03,16.3,16.35,16.25,16.3,10100
2020-09-04,16.3,16.3,16.15,16.15,37000
2020-09-07,16.3,16.3,16.2,16.3,18610
2020-09-08,16.3,16.4,16.3,16.4,25211
2020-09-09,16.35,16.4,16.25,16.3,128615
2020-09-10,16.3,16.35,16.15,16.15,10000
2020-09-11,16.25,16.3,16.15,16.3,17366
2020-09-14,16.3,16.4,16.3,16.4,82565
2020-09-15,16.4,16.4,16.3,16.35,103500
2020-09-16,16.35,16.4,16.35,16.35,111000
2020-09-17,16.35,16.4,16.25,16.3,77100
2020-09-18,16.35,16.4,16.3,16.35,152500
2020-09-21,16.4,16.5,16.4,16.5,139175
2020-09-22,16.4,16.5,16.3,16.5,48809
2020-09-23,16.5,16.5,16.3,16.3,71000
2020-09-24,16.3,16.4,16.05,16.2,76000
2020-09-25,16.15,16.55,16.1,16.55,49002
2020-09-28,16.5,16.5,16.3,16.5,60010
2020-09-29,16.45,16.6,16.35,16.6,151088
2020-09-30,16.5,16.5,16.45,16.5,38499
2020-10-05,16.5,16.5,16.4,16.45,26000
2020-10-06,16.5,16.5,16.4,16.5,52173
2020-10-07,16.45,16.5,16.45,16.5,95264
2020-10-08,16.5,16.6,16.45,16.55,711038
2020-10-12,16.55,16.6,16.5,16.6,136780
2020-10-13,16.6,16.6,16.4,16.5,68002
2020-10-14,16.5,16.5,16.5,16.5,6587664
2020-10-15,16.5,16.5,16.2,16.45,108656
2020-10-16,16.35,16.65,16.35,16.65,41233
2020-10-19,16.6,16.9,16.5,16.8,173183
2020-10-20,16.75,16.9,16.75,16.9,100930
2020-10-21,16.9,16.95,16.9,16.95,113001
2020-10-22,16.9,16.95,16.8,16.9,34265
2020-10-23,16.9,16.9,16.75,16.85,20183
2020-10-26,16.85,16.9,16.7,16.7,43588
2020-10-27,16.8,16.9,16.8,16.9,54184
2020-10-28,16.85,17.25,16.85,17.15,182178
2020-10-29,17.1,17.2,17.1,17.15,47097
2020-10-30,17.0,17.2,17.0,17.0,56097
2020-11-02,17.15,17.2,17.0,17.15,42798
2020-11-03,17.2,17.2,17.1,17.1,107433
2020-11-04,17.05,17.15,17.0,17.15,72143
2020-11-05,17.2,17.2,17.0,17.15,40010
2020-11-06,17.15,17.2,17.05,17.15,28719
2020-11-09,17.15,17.2,17.05,17.05,54704
2020-11-10,17.2,17.2,17.0,17.1,62929
2020-11-11,17.15,17.2,16.95,16.95,124305
2020-11-12,16.95,17.15,16.95,17.1,34866
2020-11-13,17.1,17.15,17.05,17.1,35078
2020-11-16,17.1,17.15,16.95,17.1,133000
2020-11-17,17.2,17.2,17.0,17.05,97203
2020-11-18,17.05,17.15,16.95,16.95,93160
2020-11-19,16.95,17.1,16.9,16.9,26252
2020-11-20,17.0,17.05,16.9,17.0,62936
2020-11-23,17.1,17.15,17.0,17.0,164472
2020-11-24,17.1,17.15,17.0,17.15,42101
2020-11-25,17.15,17.2,17.1,17.2,114500
2020-11-26,17.2,17.3,17.1,17.3,125717
2020-11-27,17.2,17.3,17.15,17.2,98000
2020-11-30,17.25,17.4,17.2,17.4,108666
2020-12-01,17.4,17.8,17.4,17.6,134986
2020-12-02,17.6,17.6,17.4,17.5,51757
2020-12-03,17.5,17.5,17.3,17.45,80058
2020-12-04,17.35,17.65,17.35,17.6,87365
2020-12-07,17.65,17.85,17.1,17.45,184888
2020-12-08,17.45,17.45,17.2,17.35,50670
2020-12-09,17.35,17.4,17.25,17.4,100079
2020-12-10,17.4,17.85,17.4,17.65,107135
2020-12-11,17.65,18.0,17.65,17.8,81694
2020-12-14,17.75,17.8,17.5,17.7,59032
2020-12-15,17.7,17.8,17.5,17.65,65596
2020-12-16,17.7,17.95,17.55,17.9,247457
2020-12-17,17.9,17.9,17.75,17.85,90240
2020-12-18,17.9,17.9,17.65,17.7,60788
2020-12-21,17.55,17.65,17.1,17.6,60000
2020-12-22,17.65,17.75,17.3,17.3,41202
2020-12-23,17.4,17.5,17.3,17.35,68000
2020-12-24,17.5,18.2,17.5,17.6,123216
2020-12-25,17.9,17.95,17.55,17.65,92027
2020-12-28,17.7,17.9,17.65,17.75,161001
2020-12-29,17.75,17.95,17.6,17.85,122160
2020-12-30,17.9,18.4,17.8,18.0,208959
2020-12-31,18.0,18.1,17.9,17.9,121027
2021-01-04,17.75,18.2,17.7,18.1,100250
2021-01-05,18.1,18.2,18.0,18.1,43020
2021-01-06,17.9,18.1,17.7,18.0,91648
2021-01-07,18.0,18.15,17.8,18.0,52200
2021-01-08,18.0,18.3,17.85,18.3,92297
2021-01-11,18.0,18.3,18.0,18.3,69577
2021-01-12,18.3,18.3,18.05,18.2,51126
2021-01-13,18.1,18.4,18.1,18.25,589078
2021-01-14,18.25,18.35,17.9,18.35,110111
2021-01-15,18.3,18.45,17.9,17.95,101536
2021-01-18,17.95,17.95,17.6,17.95,51001
2021-01-19,18.0,18.0,17.85,17.85,23430
2021-01-20,17.7,17.7,16.95,17.4,318335
2021-01-21,17.4,17.7,17.25,17.7,67427
2021-01-22,17.4,17.65,17.0,17.0,105400
2021-01-25,17.05,17.45,17.0,17.45,62000
2021-01-26,17.45,17.8,17.35,17.6,153030
2021-01-27,17.8,17.8,17.35,17.35,236000
2021-01-28,17.4,17.4,16.8,16.95,109161
2021-01-29,16.85,17.2,16.2,17.2,313130
2021-02-01,17.0,17.05,16.7,17.05,63000
2021-02-02,16.8,16.9,16.75,16.85,33002
2021-02-03,16.85,16.95,16.7,16.95,83096
2021-02-04,16.7,16.95,16.7,16.95,51002
2021-02-05,17.0,17.35,17.0,17.3,83270
2021-02-17,17.3,17.5,17.15,17.5,74000
2021-02-18,17.75,17.8,16.75,17.2,670003
2021-02-19,17.2,17.2,16.6,16.6,119463
2021-02-22,16.8,16.85,16.75,16.75,83100
2021-02-23,16.65,17.1,16.65,17.05,134490
2021-02-24,17.05,17.05,16.9,16.9,20162
2021-02-25,16.9,16.9,16.8,16.9,51371
2021-02-26,16.9,16.9,16.25,16.45,253004
2021-03-02,16.55,16.65,16.0,16.0,145103
2021-03-03,16.05,16.35,16.05,16.3,96674
2021-03-04,16.15,16.3,15.9,16.3,99025
2021-03-05,16.0,16.25,16.0,16.05,47404
2021-03-08,16.15,16.3,16.0,16.2,53001
2021-03-09,16.2,16.2,16.1,16.15,49137
2021-03-10,16.15,16.25,16.0,16.1,88136
2021-03-11,16.05,16.3,16.05,16.3,67113
2021-03-12,16.3,16.4,16.2,16.4,23250
2021-03-15,16.4,16.55,16.35,16.4,80152
2021-03-16,16.4,16.45,16.25,16.4,61002
2021-03-17,16.4,16.4,16.05,16.1,71020
2021-03-18,16.2,16.3,16.15,16.3,31680
2021-03-19,16.15,16.25,16.0,16.2,151307
2021-03-22,16.1,16.25,16.1,16.25,63063
2021-03-23,16.25,16.3,15.95,16.05,147183
2021-03-24,16.05,16.15,16.0,16.15,53550
2021-03-25,16.05,16.1,16.0,16.1,27001
2021-03-26,16.15,16.25,16.15,16.25,99202
2021-03-29,16.2,16.2,16.0,16.0,64011
2021-03-30,16.15,16.15,16.05,16.05,16585
2021-03-31,16.1,16.2,16.1,16.2,51001
2021-04-01,16.2,16.2,16.1,16.15,11051
2021-04-06,16.15,16.2,16.0,16.2,68629
2021-04-07,16.1,16.2,16.1,16.15,13109
2021-04-08,16.1,16.2,16.05,16.15,69333
2021-04-09,16.1,16.15,16.1,16.1,72550
2021-04-12,16.35,16.7,16.35,16.55,205276
2021-04-13,16.65,16.7,16.55,16.55,132732
2021-04-14,16.3,16.4,16.0,16.1,132628
2021-04-15,16.15,16.9,16.15,16.7,273950
2021-04-16,16.7,17.25,16.7,17.1,583258
2021-04-19,17.3,18.8,17.3,18.6,1862294
2021-04-20,18.6,19.4,18.35,18.35,1416985
2021-04-21,18.35,18.85,18.3,18.75,603086
2021-04-22,18.7,20.3,18.7,18.8,2716198
2021-04-23,18.85,19.1,18.05,18.6,757197
2021-04-26,18.9,18.9,18.3,18.4,346989
2021-04-27,18.4,18.4,18.05,18.2,225239
2021-04-28,18.2,18.45,18.05,18.15,506855
2021-04-29,18.2,18.35,17.85,18.0,457425
2021-05-03,18.0,18.0,17.05,17.05,409131
2021-05-04,17.0,17.25,16.0,16.3,437096
2021-05-05,16.3,17.8,16.3,17.0,360158
2021-05-06,17.0,17.65,16.85,17.6,541581
2021-05-07,17.7,17.85,17.0,17.35,352586
2021-05-10,17.6,17.65,17.05,17.05,217301
2021-05-11,17.15,17.3,16.6,17.0,357950
2021-05-12,17.1,17.3,15.3,15.3,1115004
2021-05-13,15.0,16.0,14.6,15.95,535014
2021-05-14,15.6,16.4,15.15,15.9,448353
2021-05-17,14.5,15.0,14.4,15.0,337169
2021-05-18,15.5,16.5,15.0,16.5,780085
2021-05-19,16.5,16.6,15.7,16.3,224183
2021-05-20,16.05,16.05,15.7,16.0,194211
2021-05-21,16.0,16.4,15.95,16.15,163000
2021-05-24,16.15,16.3,16.0,16.25,92010
2021-05-25,16.3,16.3,16.0,16.25,85209
2021-05-26,16.15,16.25,16.05,16.25,27004
2021-05-27,16.2,16.2,15.8,15.85,96100
2021-05-28,16.0,16.2,15.8,16.0,165143
2021-05-31,16.0,16.05,15.85,16.05,128105
2021-06-01,16.05,16.05,15.65,15.75,259008
2021-06-02,15.75,15.9,15.65,15.85,156631
2021-06-03,15.85,15.95,15.8,15.9,59503
2021-06-04,15.8,15.9,15.7,15.85,78381
2021-06-07,15.65,15.75,15.3,15.65,301674
2021-06-08,16.0,16.0,15.6,15.8,27231
2021-06-09,15.85,15.9,15.45,15.65,136193
2021-06-10,15.7,15.7,15.5,15.65,98908
2021-06-11,15.7,15.85,15.5,15.85,178154
2021-06-15,15.85,15.95,15.6,15.95,183990
2021-06-16,15.95,16.0,15.7,15.8,156795
2021-06-17,15.8,15.85,15.65,15.65,223113
2021-06-18,15.65,15.65,15.4,15.5,333274
2021-06-21,15.45,15.5,15.15,15.5,285554
2021-06-22,15.5,15.65,15.3,15.3,228000
2021-06-23,15.45,15.5,15.25,15.45,437364
2021-06-24,15.45,15.5,15.3,15.5,533350
2021-06-25,15.5,15.7,15.35,15.4,461208
2021-06-28,15.5,15.8,15.45,15.75,431801
2021-06-29,15.75,15.9,15.65,15.8,147432
2021-06-30,15.85,16.1,15.6,15.6,326697
2021-07-01,15.65,15.75,15.4,15.45,158613
2021-07-02,15.5,15.6,15.45,15.6,288857
2021-07-05,15.6,15.8,15.5,15.75,128736
2021-07-06,15.7,15.8,15.6,15.75,127125
2021-07-07,15.75,15.75,15.5,15.7,132822
2021-07-08,15.75,16.95,15.7,16.55,947469
2021-07-09,16.5,16.8,16.05,16.8,791011
2021-07-12,17.8,17.8,16.8,17.4,1037126
2021-07-13,17.8,18.0,17.2,17.45,983207
2021-07-14,17.4,17.85,17.1,17.5,399164
2021-07-15,17.5,17.75,17.4,17.5,1091120
2021-07-16,17.7,17.7,17.0,17.65,700352
2021-07-19,17.75,18.0,17.7,17.95,300948
2021-07-20,17.95,18.0,17.6,17.9,180433
2021-07-21,17.95,17.95,17.6,17.9,216546
2021-07-22,17.9,18.0,17.75,18.0,939423
2021-07-23,17.9,18.0,17.75,17.95,557389
2021-07-26,19.65,19.65,18.2,18.7,1758654
2021-07-27,18.6,18.6,17.9,18.6,622107
2021-07-28,18.3,18.55,17.85,17.95,466435
2021-07-29,18.15,18.2,17.85,18.1,194732
2021-07-30,18.1,18.3,17.85,18.0,149237
2021-08-02,18.4,18.45,17.9,18.3,551936
2021-08-03,18.45,18.5,18.0,18.5,670959
2021-08-04,18.35,18.35,18.0,18.0,477153
2021-08-05,18.0,18.2,17.9,18.1,180699
2021-08-06,18.1,18.15,17.95,18.0,122000
2021-08-09,18.0,18.1,17.6,17.8,513001
2021-08-10,17.8,17.95,17.6,17.8,455261
2021-08-11,17.7,17.8,17.2,17.6,472409
2021-08-12,17.7,17.7,17.4,17.6,135300
2021-08-13,17.6,17.6,17.35,17.6,61100
2021-08-16,17.3,17.6,16.65,16.65,266313
2021-08-17,16.65,16.9,16.45,16.9,129325
2021-08-18,16.6,17.5,16.5,17.5,100006
2021-08-19,17.35,17.35,16.45,16.75,422158
2021-08-20,16.8,17.0,16.6,16.6,296000
2021-08-23,16.6,17.0,16.6,17.0,209251
2021-08-24,16.95,17.55,16.95,17.55,237001
2021-08-25,17.4,17.85,17.4,17.85,124027
2021-08-26,17.7,18.3,17.4,17.9,258000
2021-08-27,17.9,18.0,17.6,17.95,104544
2021-08-30,18.05,18.35,17.9,17.95,55203
2021-08-31,17.95,18.0,17.65,17.9,190839
2021-09-01,17.9,18.2,17.65,18.0,443290
2021-09-02,17.95,18.2,17.8,18.05,254288
2021-09-03,18.1,18.1,17.7,18.0,668100
2021-09-06,18.0,18.2,17.65,17.9,753572
2021-09-07,18.05,18.45,18.0,18.2,536250
2021-09-08,18.25,18.45,17.9,18.2,419932
2021-09-09,18.2,18.7,17.95,18.7,678007
2021-09-10,18.7,19.05,18.7,19.0,753009
2021-09-13,19.0,19.85,19.0,19.8,1656840
2021-09-14,19.9,21.65,19.85,21.35,4289049
2021-09-15,21.3,22.4,20.35,21.0,2598348
2021-09-16,21.0,21.35,19.7,20.15,1296850
2021-09-17,20.2,20.35,19.6,20.1,635520
2021-09-22,19.65,19.85,19.25,19.85,758769
2021-09-23,19.9,20.45,19.7,20.0,887120
2021-09-24,20.35,20.35,19.8,20.1,479361
2021-09-27,20.3,22.1,20.1,22.1,3862149
2021-09-28,22.95,23.3,21.55,21.55,2996086
2021-09-29,20.8,21.05,20.2,20.2,1327238
2021-09-30,20.35,21.65,20.35,21.65,1280331
2021-10-01,21.4,21.4,20.15,20.85,902661
2021-10-04,20.85,21.3,20.35,21.0,637570
2021-10-05,20.9,21.3,20.6,21.2,773462
2021-10-06,21.3,21.8,21.2,21.7,1518424
2021-10-07,21.85,22.8,21.7,22.55,2910747
2021-10-08,22.6,22.65,21.8,22.25,848112
2021-10-12,22.05,22.2,20.8,20.8,764428
2021-10-13,20.9,21.0,19.8,20.2,1130562
2021-10-14,20.65,20.7,20.05,20.25,335559
2021-10-15,20.65,20.7,20.25,20.25,351014
2021-10-18,20.25,20.3,19.75,20.0,574699
2021-10-19,20.15,20.3,19.5,19.9,604848
2021-10-20,19.9,20.3,19.65,19.75,310263
2021-10-21,19.75,19.9,19.1,19.1,548302
2021-10-22,19.1,19.1,18.3,18.55,1196612
2021-10-25,18.7,18.8,18.25,18.6,1497101
2021-10-26,18.6,19.15,18.5,18.95,393361
2021-10-27,19.0,19.3,18.6,18.95,485337
2021-10-28,18.9,18.9,18.35,18.35,337500
2021-10-29,18.4,18.7,18.15,18.25,442766
2021-11-01,18.3,19.2,18.3,19.1,476199
2021-11-02,19.0,19.5,18.5,18.7,237200
2021-11-03,18.7,18.9,18.4,18.5,260146
2021-11-04,18.65,18.8,18.35,18.5,225011
2021-11-05,18.4,18.7,18.25,18.45,215114
2021-11-08,18.5,18.85,18.4,18.8,373655
2021-11-09,18.85,19.0,18.65,18.9,197532
2021-11-10,20.75,20.75,20.05,20.75,3412199
2021-11-11,22.2,22.5,21.1,21.45,5202086
2021-11-12,21.45,21.45,20.1,20.45,1542769
2021-11-15,20.5,20.95,20.3,20.6,1286504
2021-11-16,22.0,22.0,21.05,21.1,1454821
2021-11-17,21.5,21.5,20.95,21.35,976363
2021-11-18,21.3,21.6,21.1,21.5,1138315
2021-11-19,21.7,21.7,21.3,21.5,840960
2021-11-22,21.7,23.6,21.7,23.55,4801536
2021-11-23,23.4,23.4,21.2,21.2,3366538
2021-11-24,21.0,21.2,20.2,20.95,1897053
2021-11-25,20.85,20.85,20.1,20.15,1362295
2021-11-26,20.2,20.85,19.8,19.8,1377685
2021-11-29,19.65,20.4,19.45,19.85,1021013
2021-11-30,20.2,20.25,19.65,19.65,777054
2021-12-01,19.65,20.05,19.6,19.8,611437
2021-12-02,19.85,19.95,19.55,19.65,490249
2021-12-03,19.65,19.8,19.45,19.45,392030
2021-12-06,19.5,20.05,19.4,19.7,697458
2021-12-07,19.65,20.15,19.6,19.9,332523
2021-12-08,20.0,20.2,19.7,19.95,234251
2021-12-09,20.05,20.2,19.85,20.0,744213
2021-12-10,20.0,20.1,19.65,19.65,390052
2021-12-13,19.7,19.7,19.35,19.6,602754
2021-12-14,19.5,19.85,19.45,19.65,817577
2021-12-15,19.75,19.75,19.45,19.45,377150
2021-12-16,19.5,19.75,19.35,19.75,706002
2021-12-17,19.75,20.85,19.75,20.2,3299085
2021-12-20,21.2,21.2,20.05,20.5,1879426
2021-12-21,20.5,20.5,20.2,20.25,294211
2021-12-22,20.35,20.5,20.05,20.4,347043
2021-12-23,20.4,20.4,20.1,20.1,230145
2021-12-24,20.15,20.25,20.0,20.0,398660
2021-12-27,20.1,20.25,20.0,20.0,373000
2021-12-28,20.05,20.2,19.85,20.1,318544
2021-12-29,20.15,20.6,20.0,20.35,512052
2021-12-30,20.35,20.5,20.05,20.25,302642
2022-01-03,20.15,20.15,19.75,19.9,339695
2022-01-04,19.8,19.95,19.7,19.7,189509
2022-01-05,19.6,19.95,19.45,19.45,439083
2022-01-06,19.4,20.0,19.3,20.0,170553
2022-01-07,20.25,20.3,19.8,19.9,582371
2022-01-10,19.65,20.05,19.65,19.95,259242
2022-01-11,19.85,20.1,19.65,20.05,285694
2022-01-12,20.0,20.15,19.85,20.0,220153
2022-01-13,19.9,20.1,19.85,20.0,522330
2022-01-14,20.0,20.0,19.75,19.85,208100
2022-01-17,19.7,19.95,19.4,19.5,437039
2022-01-18,19.5,19.7,19.4,19.55,190000
2022-01-19,19.45,19.65,19.25,19.25,185773
2022-01-20,19.25,19.6,19.1,19.5,366030
2022-01-21,19.3,20.15,19.3,19.7,2079744
2022-01-24,19.65,19.65,18.7,19.5,458452
2022-01-25,19.1,19.35,18.7,18.95,927287
2022-01-26,18.95,19.1,18.75,19.05,379210
2022-02-07,19.05,19.8,19.05,19.8,485809
2022-02-08,19.8,19.95,19.4,19.45,311150
2022-02-09,19.55,19.65,19.4,19.6,398187
2022-02-10,19.5,19.65,19.5,19.65,71012
2022-02-11,19.65,19.8,19.3,19.3,195135
2022-02-14,19.15,19.2,18.75,19.2,277000
2022-02-15,19.0,19.2,18.6,18.6,512100
2022-02-16,18.8,19.3,18.75,18.75,272198
2022-02-17,18.9,19.3,18.8,18.85,477050
2022-02-18,18.95,19.3,18.9,19.2,227893
2022-02-21,19.05,19.2,18.95,19.15,149002
2022-02-22,18.95,19.4,18.65,19.0,526350
2022-02-23,19.0,19.4,19.0,19.25,240001
2022-02-24,19.3,19.95,19.0,19.45,824087
2022-02-25,19.45,19.45,18.9,19.0,380676
2022-03-01,19.25,20.45,19.2,20.45,1959465
2022-03-02,20.0,20.3,19.95,20.1,1093487
2022-03-03,20.15,20.3,19.85,20.1,326652
2022-03-04,19.9,20.15,19.8,19.95,360067
2022-03-07,19.6,20.0,18.9,19.0,428700
2022-03-08,19.0,19.05,18.7,18.95,440083
2022-03-09,19.0,19.6,19.0,19.25,302691
2022-03-10,19.35,20.1,19.35,19.95,509822
2022-03-11,19.95,20.15,19.75,19.95,167130
2022-03-14,20.05,20.1,19.8,20.0,241000
2022-03-15,20.0,20.0,19.8,19.95,158001
2022-03-16,20.2,20.25,19.55,19.95,596301
2022-03-17,20.15,20.35,20.05,20.25,1671099
2022-03-18,20.3,20.5,20.25,20.5,2360669
2022-03-21,20.55,20.6,20.15,20.35,1293340
2022-03-22,20.35,20.45,20.2,20.45,732081
2022-03-23,20.45,20.5,20.35,20.5,991537
2022-03-24,20.5,21.5,20.3,21.3,2454364
2022-03-25,21.4,22.85,21.4,22.0,3694000
2022-03-28,22.2,22.2,20.85,21.7,1816156
2022-03-29,21.85,22.0,21.0,21.0,926635
2022-03-30,21.35,21.7,20.7,21.1,1130840
2022-03-31,21.4,21.65,20.95,21.4,1168245
2022-04-01,20.9,21.2,20.6,20.85,1609014
2022-04-06,19.9,20.5,19.8,20.4,923675
2022-04-07,20.35,20.85,19.85,20.0,1494977
2022-04-08,20.2,21.1,19.95,20.95,1876516
2022-04-11,21.1,21.5,20.2,20.3,1289702
2022-04-12,20.1,20.35,19.9,20.05,424478
2022-04-13,20.1,20.3,20.1,20.3,442057
2022-04-14,20.25,20.35,20.0,20.3,320553
2022-04-15,20.3,20.5,20.1,20.25,508250
2022-04-18,20.25,20.8,20.25,20.65,1163550
2022-04-19,20.6,20.85,20.5,20.8,458442
2022-04-20,20.8,21.05,20.7,20.75,524246
2022-04-21,20.95,21.0,20.6,20.65,332413
2022-04-22,20.4,20.7,20.4,20.6,222002
2022-04-25,20.4,20.4,19.55,20.0,773550
2022-04-26,19.95,20.1,19.7,20.1,432584
2022-04-27,19.7,19.9,19.55,19.7,249256
2022-04-28,19.7,19.9,19.55,19.9,159012
2022-04-29,19.85,20.65,19.8,19.8,953515
2022-05-03,19.8,20.35,19.45,20.0,1028186
2022-05-04,20.2,20.25,19.95,20.1,64104
2022-05-05,20.2,20.6,20.0,20.15,323002
2022-05-06,19.55,20.55,19.55,20.45,730761
2022-05-09,20.2,20.35,19.75,19.8,648003
2022-05-10,19.9,19.95,19.5,19.8,152005
2022-05-11,19.6,20.05,19.6,19.9,111003
2022-05-12,19.85,20.0,19.4,19.4,401482
2022-05-13,19.5,21.15,19.4,20.1,2241403
2022-05-16,20.2,20.5,19.8,20.2,156099
2022-05-17,20.3,20.6,20.15,20.2,150002
2022-05-18,20.2,20.5,20.1,20.35,349962
2022-05-19,20.0,20.3,19.8,20.2,156006
2022-05-20,20.3,20.45,20.15,20.3,116006
2022-05-23,20.35,20.35,19.9,19.9,116013
2022-05-24,19.95,20.15,19.8,20.05,157020
2022-05-25,20.1,20.15,19.95,20.1,76257
2022-05-26,20.1,20.5,20.0,20.25,1098203
2022-05-27,20.4,20.45,20.2,20.4,385480
2022-05-30,20.4,20.45,20.15,20.4,499230
2022-05-31,20.3,20.35,20.2,20.35,141027
2022-06-01,20.3,20.3,19.95,20.25,375005
2022-06-02,20.2,20.25,20.0,20.0,176500
2022-06-06,20.15,20.15,19.8,19.8,127000
2022-06-07,19.8,20.0,19.8,19.8,137005
2022-06-08,20.1,20.1,19.85,19.85,113002
2022-06-09,19.85,19.95,19.75,19.8,103237
2022-06-10,19.65,20.05,19.65,19.75,244081
2022-06-13,19.55,19.65,18.7,19.35,542002
2022-06-14,19.35,19.35,18.85,19.25,117002
2022-06-15,19.1,19.8,19.1,19.8,275034
2022-06-16,19.95,19.95,19.5,19.55,118661
2022-06-17,19.45,20.0,19.05,19.05,413120
2022-06-20,19.1,19.75,19.05,19.3,190500
2022-06-21,19.5,19.75,19.4,19.75,344000
2022-06-22,19.75,19.85,19.6,19.75,132000
2022-06-23,19.9,20.1,19.8,19.95,488100
2022-06-24,20.1,20.35,19.9,20.0,495001
2022-06-27,20.15,20.3,19.9,20.05,683608
2022-06-28,20.15,20.25,19.75,20.0,206000
2022-06-29,19.8,20.05,19.8,20.0,87000
2022-06-30,19.75,20.2,19.45,19.8,227015
2022-07-01,19.8,20.1,19.3,19.35,417041
2022-07-04,19.6,19.8,18.7,19.0,706339
2022-07-05,19.35,19.35,18.9,19.0,271000
2022-07-06,18.9,18.9,18.2,18.2,283020
2022-07-07,18.4,19.05,17.95,18.75,375000
2022-07-08,18.6,19.0,18.5,18.85,118060
2022-07-11,18.7,18.9,18.5,18.75,123006
2022-07-12,18.55,19.05,18.1,18.5,198526
2022-07-13,18.5,19.2,18.4,19.2,125000
2022-07-14,19.0,19.0,18.5,18.6,117003
2022-07-15,18.55,18.7,17.7,17.7,675574
2022-07-18,17.8,18.25,17.7,18.15,202100
2022-07-19,17.95,18.3,17.3,18.25,259778
2022-07-20,18.25,18.3,17.9,18.25,552254
2022-07-21,17.95,18.3,17.95,18.25,324200
2022-07-22,18.05,18.25,17.85,18.25,124069
2022-07-25,18.1,18.35,18.1,18.2,51013
2022-07-26,18.2,18.3,18.1,18.2,21003
2022-07-27,18.55,18.55,17.85,17.85,280100
2022-07-28,18.0,18.1,17.85,17.9,116000
2022-07-29,18.0,18.0,17.9,18.0,53001
2022-08-01,17.9,18.0,17.85,18.0,61489
2022-08-02,17.8,18.0,17.7,17.95,186194
2022-08-03,17.95,18.0,17.75,18.0,67000
2022-08-04,18.0,18.0,17.5,17.9,121714
2022-08-05,17.95,18.1,17.95,17.95,59011
2022-08-08,17.85,18.15,17.85,18.0,95000
2022-08-09,17.9,18.0,17.65,18.0,159000
2022-08-10,17.8,18.15,17.8,18.0,84000
2022-08-11,18.0,18.1,17.8,17.8,193350
2022-08-12,17.95,18.0,17.85,18.0,73302
2022-08-15,18.1,18.7,18.05,18.2,150200
2022-08-16,18.45,18.7,18.25,18.3,43000
2022-08-17,18.4,18.4,18.05,18.05,102004
2022-08-18,18.05,18.05,17.9,18.0,62022
2022-08-19,17.9,18.1,17.85,18.0,77002
2022-08-22,18.2,18.3,17.95,18.1,39003
2022-08-23,17.95,18.3,17.95,18.3,44150
2022-08-24,18.3,18.5,18.0,18.2,96726
2022-08-25,18.2,18.5,18.15,18.3,32362
2022-08-26,18.35,18.8,18.3,18.8,89754
2022-08-29,18.25,18.3,18.05,18.1,136135
2022-08-30,18.1,18.25,18.1,18.2,149019
2022-08-31,18.2,18.55,18.2,18.55,116004
2022-09-01,18.3,18.3,18.05,18.2,185046
2022-09-02,18.25,18.45,18.2,18.45,110000
2022-09-05,18.25,18.5,18.25,18.4,114053
2022-09-06,18.4,18.6,18.3,18.45,152103
2022-09-07,18.4,18.6,18.2,18.3,116031
2022-09-08,18.25,18.35,18.25,18.35,41496
2022-09-12,18.4,18.6,18.35,18.55,121317
2022-09-13,18.5,18.8,18.5,18.6,171088
2022-09-14,18.4,18.65,18.4,18.45,61000
2022-09-15,18.4,18.6,18.35,18.55,65318
2022-09-16,18.35,18.7,18.35,18.55,79354
2022-09-19,18.55,18.6,18.35,18.6,61423
2022-09-20,18.6,18.6,18.45,18.5,147601
2022-09-21,18.5,18.55,18.3,18.3,142000
2022-09-22,18.25,18.35,18.1,18.35,58002
2022-09-23,18.4,18.45,18.15,18.35,76000
2022-09-26,18.2,18.35,17.35,17.6,339001
2022-09-27,17.85,18.0,17.6,17.8,200000
2022-09-28,17.9,17.9,17.55,17.65,159201
2022-09-29,17.85,18.05,17.6,17.75,185001
2022-09-30,17.55,18.0,17.55,17.6,329222
2022-10-03,17.5,17.9,17.5,17.9,56095
2022-10-04,17.8,17.95,17.7,17.7,163085
2022-10-05,17.7,17.85,17.65,17.65,158000
2022-10-06,17.7,17.85,17.65,17.7,117001
2022-10-07,17.6,17.8,17.55,17.65,392000
2022-10-11,17.5,17.7,17.4,17.6,86301
2022-10-12,17.55,17.7,17.45,17.55,104000
2022-10-13,17.55,17.7,17.1,17.15,251705
2022-10-14,17.35,17.45,17.2,17.35,126000
2022-10-17,17.2,17.3,17.1,17.1,110030
2022-10-18,17.2,17.3,17.1,17.2,115052
2022-10-19,16.9,17.3,16.9,17.2,188000
2022-10-20,17.05,17.05,16.7,16.8,140052
2022-10-21,16.8,17.0,16.8,16.85,38000
2022-10-24,16.9,18.1,16.9,17.85,318001
2022-10-25,17.9,17.9,17.35,17.7,110008
2022-10-26,17.75,17.95,17.6,17.8,86086
2022-10-27,17.8,17.85,17.7,17.8,147077
2022-10-28,17.8,17.8,17.55,17.75,57000
2022-10-31,17.7,17.9,17.65,17.75,50000
2022-11-01,17.7,17.9,17.7,17.85,46184
2022-11-02,17.8,17.8,17.7,17.8,36000
2022-11-03,17.75,17.8,17.65,17.8,44000
2022-11-04,17.7,17.8,17.65,17.8,42201
2022-11-07,17.8,17.9,17.7,17.9,45000
2022-11-08,17.9,17.9,17.8,17.9,58003
2022-11-09,18.0,18.3,17.95,18.25,311494
2022-11-10,18.25,18.25,18.05,18.2,50101
2022-11-11,18.3,18.4,18.2,18.3,77014
2022-11-14,18.3,18.45,18.3,18.4,150691
2022-11-15,18.3,18.4,18.2,18.25,139266
2022-11-16,18.25,18.25,17.8,17.8,63501
2022-11-17,18.05,18.1,17.85,17.9,50034
2022-11-18,17.8,18.05,17.75,17.95,35577
2022-11-21,17.95,17.95,17.6,17.9,105807
2022-11-22,17.8,17.85,17.7,17.85,82683
2022-11-23,17.95,18.0,17.75,17.85,30000
2022-11-24,17.8,18.0,17.8,17.85,229000
2022-11-25,17.8,17.9,17.75,17.8,109008
2022-11-28,17.75,17.95,17.55,17.7,108151
2022-11-29,17.85,17.85,17.6,17.75,69000
2022-11-30,17.7,18.0,17.65,18.0,197000
2022-12-01,18.0,18.05,17.85,18.05,138002
2022-12-02,18.05,18.05,17.8,17.9,58001
2022-12-05,17.9,17.9,17.75,17.75,57646
2022-12-06,17.75,17.8,17.5,17.8,80310
2022-12-07,17.7,17.8,17.55,17.7,121039
2022-12-08,17.6,17.8,17.55,17.8,49004
2022-12-09,17.75,17.8,17.65,17.7,40010
2022-12-12,17.75,17.8,17.65,17.8,45000
2022-12-13,17.8,17.85,17.7,17.8,35183
2022-12-14,17.8,18.0,17.75,17.9,311000
2022-12-15,17.8,17.9,17.75,17.85,345005
2022-12-16,17.7,17.8,17.35,17.35,96700
2022-12-19,17.35,17.55,17.3,17.45,68006
2022-12-20,17.35,17.4,17.3,17.3,67056
2022-12-21,17.4,17.45,17.25,17.45,77143
2022-12-22,17.5,17.55,17.5,17.55,64000
2022-12-23,17.55,17.7,17.35,17.7,82053
2022-12-26,17.7,17.85,17.5,17.85,85001
2022-12-27,17.95,18.1,17.8,18.1,128725
2022-12-28,18.2,18.2,17.95,17.95,100184
2022-12-29,17.9,18.55,17.85,18.55,149499
2022-12-30,18.5,18.7,18.25,18.7,359876
2023-01-03,18.45,18.55,18.2,18.45,207343
2023-01-04,18.35,18.45,18.3,18.45,56013
2023-01-05,18.35,18.45,18.25,18.4,114050
2023-01-06,18.4,18.4,18.2,18.25,65030
2023-01-09,18.3,18.35,18.25,18.3,82355
2023-01-10,18.3,18.3,18.2,18.3,45000
2023-01-11,18.2,18.3,18.1,18.25,33030
2023-01-12,18.25,18.3,18.15,18.3,20446
2023-01-13,18.25,18.3,17.95,18.15,82472
2023-01-16,18.15,18.15,17.9,17.9,78164
2023-01-17,18.0,18.0,17.9,17.9,76000
2023-01-30,18.0,18.0,17.8,17.9,142118
2023-01-31,17.95,18.1,17.9,18.0,81221
2023-02-01,17.9,18.1,17.9,18.1,46230
2023-02-02,18.0,18.1,17.95,18.0,75101
2023-02-03,17.9,18.0,17.9,17.95,53001
2023-02-06,18.0,18.0,17.95,17.95,13169
2023-02-07,17.9,18.0,17.9,17.95,20052
2023-02-08,17.95,18.0,17.85,17.85,56072
2023-02-09,17.8,18.0,17.8,17.95,179236
2023-02-10,17.9,18.0,17.85,17.9,102099
2023-02-13,17.9,18.0,17.75,17.9,162054
2023-02-14,17.9,18.05,17.9,17.95,335611
2023-02-15,18.0,18.0,17.9,17.9,59069
2023-02-16,18.0,18.05,17.9,17.9,42454
2023-02-17,17.85,18.0,17.75,17.9,71071
2023-02-20,17.9,18.15,17.8,18.15,216432
2023-02-21,18.1,18.15,17.9,18.05,57479
2023-02-22,18.0,18.0,17.55,17.65,394087
2023-02-23,17.7,17.95,17.65,17.7,224259
2023-02-24,17.7,17.9,17.7,17.9,67210
2023-03-01,17.7,17.85,17.65,17.75,109286
2023-03-02,17.7,17.85,17.65,17.85,177197
2023-03-03,17.85,17.9,17.75,17.9,92058
2023-03-06,17.95,18.0,17.85,17.9,78138
2023-03-07,17.95,17.95,17.85,17.9,43030
2023-03-08,17.85,17.85,17.7,17.8,104110
2023-03-09,17.8,17.85,17.65,17.8,192975
2023-03-10,17.8,17.85,17.6,17.8,74002
2023-03-13,17.8,17.9,17.6,17.9,296004
2023-03-14,17.75,17.95,17.75,17.95,69007
2023-03-15,17.95,18.0,17.7,17.7,155008
2023-03-16,17.8,17.8,17.5,17.75,75000
2023-03-17,17.7,17.8,17.65,17.8,67360
2023-03-20,17.8,17.8,17.65,17.8,41058
2023-03-21,17.75,17.9,17.65,17.75,217102
2023-03-22,17.85,17.9,17.65,17.65,87150
2023-03-23,17.7,17.8,17.7,17.75,39798
2023-03-24,17.75,17.75,17.6,17.7,91077
2023-03-27,17.7,17.7,17.6,17.7,36077
2023-03-28,17.7,17.75,17.55,17.65,79061
2023-03-29,17.65,17.75,17.5,17.6,135001
2023-03-30,17.65,17.7,17.55,17.6,50521
2023-03-31,17.6,17.65,17.55,17.55,24334
2023-04-06,17.6,17.65,17.5,17.65,47100
2023-04-07,17.65,17.65,17.6,17.65,83212
2023-04-10,17.6,17.7,17.6,17.65,284007
2023-04-11,17.65,17.75,17.6,17.7,404353
2023-04-12,17.7,17.7,17.6,17.65,656569
2023-04-13,17.8,18.4,17.8,18.25,609409
2023-04-14,18.25,18.4,18.0,18.35,478310
2023-04-17,18.2,18.35,18.1,18.35,173072
2023-04-18,18.25,18.35,18.15,18.3,326002
2023-04-19,18.3,18.35,18.2,18.3,168001
2023-04-20,18.3,18.35,17.85,17.85,286025
2023-04-21,18.05,18.25,17.85,18.25,200752
2023-04-24,18.25,18.4,18.1,18.4,184478
2023-04-25,18.4,18.4,18.15,18.4,171495
2023-04-26,18.3,18.45,18.3,18.35,227406
2023-04-27,18.35,18.45,18.25,18.35,69889
2023-04-28,18.35,18.45,18.3,18.35,318755
2023-05-02,18.25,18.3,18.1,18.3,151001
2023-05-03,18.2,18.4,18.15,18.4,116010
2023-05-04,18.25,18.45,18.2,18.4,532731
2023-05-05,18.4,19.0,18.4,18.7,811858
2023-05-08,18.6,19.0,18.5,18.75,555643
2023-05-09,18.75,18.9,18.65,18.75,308870
2023-05-10,18.75,18.8,18.55,18.7,410136
2023-05-11,18.8,18.85,18.5,18.75,343101
2023-05-12,18.7,18.8,18.65,18.8,206000
2023-05-15,18.75,18.8,18.6,18.65,447027
2023-05-16,18.6,19.15,18.55,19.15,587774
2023-05-17,19.05,19.5,18.95,19.4,1091614
2023-05-18,19.4,19.5,19.3,19.5,440019
2023-05-19,19.4,19.9,19.35,19.7,1297322
2023-05-22,19.7,19.9,19.6,19.75,579924
2023-05-23,19.7,19.9,19.7,19.9,476375
2023-05-24,19.8,20.0,19.8,19.95,714108
2023-05-25,19.85,20.2,19.8,20.0,643263
2023-05-26,19.9,19.9,19.1,19.1,995299
2023-05-29,19.3,19.3,18.65,18.7,679052
2023-05-30,18.7,18.7,18.35,18.55,280101
2023-05-31,18.45,18.7,18.45,18.6,441287
2023-06-01,18.6,18.6,18.35,18.45,229018
2023-06-02,18.5,18.5,18.3,18.5,184216
2023-06-05,18.35,18.6,18.35,18.6,634340
2023-06-06,18.8,20.05,18.8,19.5,1916505
2023-06-07,19.5,19.7,19.25,19.6,540042
2023-06-08,19.7,19.75,19.35,19.35,241302
2023-06-09,19.35,19.4,19.2,19.35,244727
2023-06-12,19.1,19.1,18.75,18.9,494917
2023-06-13,18.85,19.0,18.85,19.0,165328
2023-06-14,18.85,19.2,18.85,18.95,217469
2023-06-15,18.95,19.1,18.8,18.85,520370
2023-06-16,18.85,19.05,18.85,19.0,749353
2023-06-19,19.2,19.3,19.05,19.15,236298
2023-06-20,19.05,19.35,19.05,19.25,217603
2023-06-21,19.2,19.3,19.0,19.15,281019
2023-06-26,19.15,19.3,18.75,18.9,273285
2023-06-27,18.75,18.85,18.65,18.85,217480
2023-06-28,18.85,19.0,18.85,19.0,59524
2023-06-29,19.0,19.15,18.95,19.15,90443
2023-06-30,19.0,19.35,19.0,19.25,224317
2023-07-03,19.25,19.3,18.8,18.9,582199
2023-07-04,18.95,19.1,18.85,18.95,252183
2023-07-05,19.0,19.05,18.95,19.0,59418
2023-07-06,19.05,19.05,18.7,18.9,162416
2023-07-07,18.75,18.85,18.45,18.6,466308
2023-07-10,18.55,18.9,18.55,18.9,238137
2023-07-11,19.0,19.2,18.9,19.15,437812
2023-07-12,19.15,19.2,18.9,18.9,813000
2023-07-13,19.3,19.3,18.9,19.2,149101
2023-07-14,19.15,19.55,19.15,19.35,700353
2023-07-17,19.35,19.6,19.35,19.55,521471
2023-07-18,19.4,19.85,19.3,19.6,660984
2023-07-19,19.45,19.8,19.45,19.65,356828
2023-07-20,19.65,19.8,19.35,19.35,233863
2023-07-21,19.35,19.65,19.35,19.65,390003
2023-07-24,19.65,19.75,19.4,19.5,545071
2023-07-25,19.5,19.8,19.4,19.7,459382
2023-07-26,19.7,20.15,19.6,20.1,515602
2023-07-27,20.1,20.45,19.8,20.25,666163
2023-07-28,20.25,20.4,20.0,20.0,195469
2023-07-31,20.05,20.25,19.8,20.1,449342
2023-08-01,20.1,20.15,19.8,20.1,291591
2023-08-02,20.15,20.15,19.7,19.9,436463
2023-08-04,19.9,19.9,19.75,19.85,149689
2023-08-07,19.95,20.05,19.7,20.0,122532
2023-08-08,20.0,20.0,19.7,19.9,226053
2023-08-09,19.9,20.0,19.8,19.9,68104
2023-08-10,19.9,19.9,19.5,19.7,202001
2023-08-11,19.75,19.75,19.5,19.5,166200
2023-08-14,19.5,19.6,18.45,18.45,228649
2023-08-15,18.55,18.95,18.4,18.7,329063
2023-08-16,18.7,18.85,18.5,18.7,80083
2023-08-17,18.45,18.9,18.25,18.9,161069
2023-08-18,18.75,18.9,18.55,18.6,135001
2023-08-21,18.8,19.0,18.75,19.0,44123
2023-08-22,18.9,19.2,18.8,18.8,79030
2023-08-23,19.05,19.05,18.75,19.05,283200
2023-08-24,19.2,19.3,18.9,19.15,122555
2023-08-25,19.15,19.25,18.8,19.1,85187
2023-08-28,19.1,19.1,18.6,18.95,135001
2023-08-29,18.85,18.95,18.7,18.95,261140
2023-08-30,18.85,19.1,18.85,19.1,69005
2023-08-31,19.0,19.3,19.0,19.3,66732
2023-09-01,19.1,19.4,19.1,19.35,66569
2023-09-04,19.35,19.35,19.1,19.1,69171
2023-09-05,19.2,19.25,19.2,19.2,15294
2023-09-06,19.1,19.3,19.0,19.15,71639
2023-09-07,19.0,19.0,18.7,18.7,93181
2023-09-08,18.7,18.9,18.5,18.8,92189
2023-09-11,18.75,18.9,18.5,18.5,79096
2023-09-12,18.65,18.75,18.6,18.75,96471
2023-09-13,18.75,18.85,18.75,18.75,26000
2023-09-14,18.85,19.05,18.75,19.0,78737
2023-09-15,19.1,19.1,18.85,19.05,53869
2023-09-18,19.05,19.05,18.85,19.05,27049
2023-09-19,19.1,19.1,18.85,19.05,35001
2023-09-20,19.0,19.1,18.95,19.1,37001
2023-09-21,19.0,19.05,18.7,18.7,149505
2023-09-22,18.7,18.95,18.7,18.9,36002
2023-09-25,18.9,18.95,18.8,18.9,37732
2023-09-26,19.0,19.0,18.55,18.55,97053
2023-09-27,18.55,18.85,18.55,18.85,133435
2023-09-28,18.75,18.9,18.65,18.75,137000
2023-10-02,18.8,18.8,18.6,18.75,260054
2023-10-03,18.65,18.8,18.65,18.8,24002
2023-10-04,18.6,18.8,18.6,18.8,38848
2023-10-05,18.8,18.95,18.75,18.85,145639
2023-10-06,18.95,18.95,18.8,18.8,14604
2023-10-11,18.95,19.4,18.85,18.9,126386
2023-10-12,19.0,19.2,18.9,19.1,122000
2023-10-13,19.1,19.3,19.05,19.1,38169
2023-10-16,19.0,19.0,18.8,18.85,142418
2023-10-17,19.0,19.05,18.75,18.75,75009
2023-10-18,18.8,18.8,18.4,18.6,191004
2023-10-19,18.45,18.6,18.4,18.55,66031
2023-10-20,18.3,18.3,17.85,18.15,189667
2023-10-23,18.15,18.15,17.7,17.95,283797
2023-10-24,17.95,18.15,17.95,18.15,65252
2023-10-25,18.3,18.3,18.0,18.15,95341
2023-10-26,18.05,18.1,17.9,18.05,51086
2023-10-27,18.05,18.1,17.95,18.0,51293
2023-10-30,18.15,18.15,17.8,18.0,58499
2023-10-31,18.0,18.3,18.0,18.15,76100
2023-11-01,18.1,18.15,18.05,18.15,63607
2023-11-02,18.25,18.6,18.25,18.35,98295
2023-11-03,18.4,18.6,18.35,18.35,29396
2023-11-06,18.5,18.6,18.3,18.4,79082
2023-11-07,18.6,18.6,18.35,18.45,28055
2023-11-08,18.6,18.65,18.5,18.55,44516
2023-11-09,18.55,18.55,18.35,18.45,96839
2023-11-10,18.45,18.5,18.35,18.4,34014
2023-11-13,18.5,18.7,18.25,18.4,117102
2023-11-14,18.15,18.5,18.15,18.4,113200
2023-11-15,18.6,18.6,18.45,18.45,57071
2023-11-16,18.55,18.65,18.4,18.6,110018
2023-11-17,18.6,18.7,18.55,18.6,89816
2023-11-20,18.7,18.7,18.5,18.65,118501
2023-11-21,18.75,18.8,18.65,18.8,128233
2023-11-22,18.7,18.9,18.7,18.85,51037
2023-11-23,18.8,18.95,18.75,18.85,56065
2023-11-24,18.85,18.95,18.75,18.8,109244
2023-11-27,18.8,18.95,18.8,18.95,68173
2023-11-28,18.9,19.1,18.9,19.0,183631
2023-11-29,18.95,19.1,18.85,19.1,45551
2023-11-30,19.1,19.1,18.9,19.0,80257
2023-12-01,19.0,19.0,18.8,19.0,126234
2023-12-04,19.0,19.0,18.85,19.0,81370
2023-12-05,18.9,19.0,18.85,18.9,21185
2023-12-06,18.95,19.0,18.85,19.0,65233
2023-12-07,18.85,19.0,18.85,18.95,44298
2023-12-08,19.0,19.0,18.75,19.0,181392
2023-12-11,19.0,19.0,18.7,18.8,148636
2023-12-12,18.75,18.95,18.65,18.8,117904
2023-12-13,18.8,18.9,18.7,18.7,135654
2023-12-14,18.95,19.0,18.8,18.95,132048
2023-12-15,18.85,19.1,18.85,18.95,75307
2023-12-18,18.95,19.1,18.95,19.05,61300
2023-12-19,19.0,19.1,18.85,19.0,77055
2023-12-20,18.95,19.1,18.85,18.9,48513
2023-12-21,18.8,18.9,18.6,18.7,105201
2023-12-22,18.65,18.9,18.6,18.85,61011
2023-12-25,18.8,18.95,18.75,18.85,73502
2023-12-26,18.8,19.0,18.55,18.8,215901
2023-12-27,18.85,19.1,18.75,19.0,132383
2023-12-28,18.9,19.0,18.85,18.9,66911
2023-12-29,18.85,19.0,18.8,18.8,49230
2024-01-02,18.75,19.0,18.75,18.8,57171
2024-01-03,18.7,18.8,18.65,18.65,76002
2024-01-04,18.7,18.85,18.6,18.85,44284
2024-01-05,18.9,18.95,18.7,18.8,105318
2024-01-08,18.85,18.9,18.65,18.8,34235
2024-01-09,18.85,18.9,18.8,18.9,39544
2024-01-10,18.9,18.95,18.8,18.95,37613
2024-01-11,18.9,19.0,18.85,18.95,90044
2024-01-12,18.95,19.0,18.75,18.9,42017
2024-01-15,18.85,18.95,18.8,18.8,64066
2024-01-16,18.7,18.7,18.3,18.3,180003
2024-01-17,18.2,18.2,17.85,17.85,191421
2024-01-18,17.9,18.3,17.9,18.25,212437
2024-01-19,18.2,18.45,18.1,18.45,89078
2024-01-22,18.6,18.6,18.4,18.45,49000
2024-01-23,18.6,18.6,18.35,18.4,36023
2024-01-24,18.6,18.6,18.35,18.5,56002
2024-01-25,18.6,18.6,18.35,18.4,175006
2024-01-26,18.4,18.5,18.25,18.3,70085
2024-01-29,18.3,18.35,18.15,18.35,200251
2024-01-30,18.4,18.6,18.25,18.45,34609
2024-01-31,18.35,18.4,18.15,18.15,26627
2024-02-01,18.1,18.6,18.1,18.6,436100
2024-02-02,18.45,18.6,18.35,18.55,414167
2024-02-05,18.5,18.5,18.3,18.3,443276
2024-02-15,18.15,18.5,18.05,18.3,520358
2024-02-16,18.3,18.45,18.0,18.0,576608
2024-02-19,18.15,18.25,18.0,18.05,354414
2024-02-20,18.15,18.2,18.0,18.15,226504
2024-02-21,18.15,18.2,18.05,18.2,55236
2024-02-22,18.1,18.4,18.1,18.4,473830
2024-02-23,18.3,18.3,18.1,18.1,242760
2024-02-26,18.05,18.15,17.95,18.05,293133
2024-02-27,17.95,18.1,17.85,18.0,137208
2024-02-29,17.9,18.0,17.85,17.9,69466
2024-03-01,17.9,18.0,17.85,17.85,60204
2024-03-04,17.85,18.0,17.85,18.0,62190
2024-03-05,17.9,18.0,17.8,17.95,110148
2024-03-06,17.95,18.0,17.85,17.95,51379
2024-03-07,17.8,17.95,17.8,17.9,219004
2024-03-08,17.75,18.0,17.75,18.0,253138
2024-03-11,18.0,18.1,17.9,17.9,43593
2024-03-12,18.0,18.0,17.9,18.0,48003
2024-03-13,17.85,17.95,17.8,17.85,61749
2024-03-14,17.95,18.0,17.8,17.85,83840
2024-03-15,17.9,17.95,17.85,17.85,66003
2024-03-18,17.8,17.85,17.8,17.85,26649
2024-03-19,17.75,17.85,17.7,17.7,69315
2024-03-20,17.7,17.8,17.45,17.6,181181
2024-03-21,17.7,17.85,17.6,17.8,115922
2024-03-22,17.75,18.0,17.75,17.95,63620
2024-03-25,17.8,18.0,17.8,17.85,62203
2024-03-26,17.95,18.0,17.7,17.8,75584
2024-03-27,17.8,17.95,17.7,17.95,56576
2024-03-28,18.0,18.0,17.75,17.9,87153
2024-03-29,17.9,17.95,17.7,17.85,63604
2024-04-01,17.75,17.95,17.75,17.95,106260
2024-04-02,18.0,18.0,17.85,17.95,32451
2024-04-03,18.0,18.15,17.8,18.0,150049
2024-04-08,18.0,18.15,17.85,17.9,296254
2024-04-09,18.0,18.4,17.95,18.4,431250
2024-04-10,18.5,18.6,18.3,18.35,115437
2024-04-11,18.45,18.45,18.1,18.15,164199
2024-04-12,18.3,18.4,18.05,18.2,93114
2024-04-15,18.2,18.7,18.2,18.6,436959
2024-04-16,18.6,18.65,18.15,18.25,276884
2024-04-17,18.2,18.45,18.2,18.4,133075
2024-04-18,18.25,18.9,18.15,18.65,329185
2024-04-19,18.6,18.75,18.2,18.6,321000
2024-04-22,18.65,19.2,18.5,18.9,289411
2024-04-23,18.8,19.15,18.8,19.05,308894
2024-04-24,18.9,19.35,18.9,19.25,320333
2024-04-25,19.1,20.05,19.1,19.9,652562
2024-04-26,20.2,20.45,20.0,20.2,469650
2024-04-29,20.2,20.45,20.0,20.2,578545
2024-04-30,20.2,20.2,20.0,20.2,244513
2024-05-02,20.2,21.2,20.15,20.8,690054
2024-05-03,20.8,21.25,20.7,20.75,565901
2024-05-06,20.8,21.0,20.65,20.85,438828
2024-05-07,20.75,20.9,20.25,20.4,454300
2024-05-08,20.4,20.75,20.25,20.45,238511
2024-05-09,20.45,20.7,20.25,20.5,239043
2024-05-10,20.4,20.4,19.65,19.9,498027
2024-05-13,20.15,20.25,19.85,19.95,453164
2024-05-14,20.0,20.25,19.85,20.15,377746
2024-05-15,20.15,20.4,20.0,20.3,534710
2024-05-16,20.35,20.4,20.2,20.3,264069
2024-05-17,20.3,20.35,20.05,20.15,181002
2024-05-20,20.35,20.65,20.15,20.55,1008350
2024-05-21,20.55,20.55,19.7,19.75,604533
2024-05-22,19.8,19.8,19.35,19.5,364809
2024-05-23,19.35,19.8,19.3,19.55,254120
2024-05-24,19.8,19.8,19.45,19.55,87625
2024-05-27,19.7,19.9,19.5,19.6,198277
2024-05-28,19.7,20.2,19.7,20.2,605066
2024-05-29,20.2,20.25,20.0,20.1,256005
2024-05-30,20.1,20.45,19.85,19.9,247069
2024-05-31,20.1,20.75,20.05,20.7,932654
2024-06-03,20.95,22.75,20.95,22.75,2152083
2024-06-04,23.5,24.9,22.85,23.45,5082456
2024-06-05,23.45,24.45,23.05,24.4,2513701
2024-06-06,24.75,24.95,24.05,24.3,1226873
2024-06-07,24.35,25.1,23.8,24.25,1525704
2024-06-11,24.25,24.25,22.7,22.9,1464135
2024-06-12,22.9,23.0,22.2,22.25,963636
2024-06-13,22.4,22.4,21.6,21.9,506585
2024-06-14,22.1,22.55,21.75,21.75,483734
2024-06-17,21.75,22.0,21.15,21.2,1074799
2024-06-18,21.4,21.75,21.25,21.65,470615
2024-06-19,21.65,21.75,21.35,21.35,340356
2024-06-20,21.45,21.75,21.25,21.35,289318
2024-06-21,21.45,21.5,20.75,20.85,636207
2024-06-24,21.35,22.5,21.15,21.55,1776944
2024-06-25,21.6,21.6,20.9,21.55,433479
2024-06-26,21.55,21.75,21.25,21.45,655753
2024-06-27,21.3,21.65,21.05,21.05,432229
2024-06-28,21.2,21.55,21.05,21.1,405949
2024-07-01,21.2,21.8,21.2,21.65,614668
2024-07-02,21.55,21.7,21.15,21.25,558577
2024-07-03,21.55,21.65,21.3,21.5,382254
2024-07-04,21.65,21.7,21.2,21.35,518450
2024-07-05,21.5,21.6,21.35,21.45,312967
2024-07-08,21.45,21.7,21.1,21.15,355115
2024-07-09,21.35,21.55,20.7,21.0,384882
2024-07-10,21.0,21.4,20.95,21.05,310000
2024-07-11,21.1,22.5,21.0,22.1,1408237
2024-07-12,22.4,23.55,22.05,22.5,2203190
2024-07-15,22.55,23.1,22.25,22.45,817840
2024-07-16,22.25,22.75,22.15,22.5,461743
2024-07-17,22.5,22.85,22.35,22.4,599409
2024-07-18,22.45,22.8,22.1,22.8,572355
2024-07-19,22.6,22.75,22.05,22.5,634923
2024-07-22,22.5,23.0,22.4,22.7,984330
2024-07-23,22.75,23.45,22.75,23.2,1257064
2024-07-26,23.0,23.5,22.25,23.2,1091831
2024-07-29,23.25,24.35,23.25,23.55,1710994
2024-07-30,23.4,23.85,23.05,23.8,829700
2024-07-31,24.0,24.2,23.5,23.5,952619
2024-08-01,23.55,24.95,23.35,24.8,2054282
2024-08-02,24.35,24.6,23.5,23.6,1550078
2024-08-05,22.85,22.85,21.25,21.25,1360994
2024-08-06,21.9,21.95,20.2,21.75,882503
2024-08-07,21.8,23.05,21.5,22.65,1268899
2024-08-08,22.65,22.9,22.15,22.25,416678
2024-08-09,22.35,23.0,22.35,22.6,833507
2024-08-12,22.8,23.4,22.65,22.75,850182
2024-08-13,23.0,23.0,22.6,22.95,414158
2024-08-14,22.95,23.0,22.45,22.5,671903
2024-08-15,22.8,22.85,22.0,22.35,731755
2024-08-16,22.35,22.8,22.3,22.5,456373
2024-08-19,22.65,23.6,22.35,23.4,1090379
2024-08-20,23.4,23.55,22.8,22.8,513694
2024-08-21,22.8,23.25,22.6,23.05,453877
2024-08-22,23.1,23.5,22.85,23.1,727240
2024-08-23,23.1,23.1,22.35,22.85,638108
2024-08-26,23.0,23.5,22.8,23.4,808461
2024-08-27,23.35,23.65,23.15,23.5,531150
2024-08-28,23.5,23.6,22.9,23.05,448602
2024-08-29,22.95,23.0,22.45,22.8,564952
2024-08-30,22.95,23.1,22.6,22.7,248522
2024-09-02,22.85,23.0,22.3,22.55,295502
2024-09-03,22.8,23.0,22.5,22.55,207871
2024-09-04,21.8,22.05,21.5,21.65,646133
2024-09-05,21.65,22.8,21.65,22.4,561934
2024-09-06,22.4,22.9,21.95,22.5,437416
2024-09-09,21.85,22.25,21.6,21.7,585695
2024-09-10,21.7,21.8,21.3,21.65,303776
2024-09-11,21.65,22.1,21.5,21.85,458792
2024-09-12,22.15,22.15,21.6,21.8,253974
2024-09-13,21.8,22.45,21.8,22.25,359896
2024-09-16,22.45,22.9,22.35,22.4,373370
2024-09-18,22.65,22.7,22.15,22.3,259883
2024-09-19,22.6,22.65,22.2,22.35,512807
2024-09-20,22.35,22.35,21.25,21.75,884951
2024-09-23,21.85,21.85,21.45,21.75,311216
2024-09-24,21.75,21.75,21.45,21.5,159324
2024-09-25,21.5,21.8,21.5,21.6,215109
2024-09-26,21.6,21.95,21.55,21.65,261016
2024-09-27,21.8,22.2,21.7,21.95,346827
2024-09-30,21.85,22.2,21.8,22.05,150886
2024-10-01,22.0,22.05,21.65,21.8,207838
2024-10-04,22.05,22.05,21.65,21.9,179000
2024-10-07,21.95,22.6,21.75,22.6,401015
2024-10-08,22.45,22.45,21.95,22.25,263348
2024-10-09,22.05,22.3,21.95,22.0,303176
2024-10-11,22.0,22.15,21.75,21.75,269880
2024-10-14,21.75,22.3,21.75,22.15,274710
2024-10-15,22.2,22.4,22.1,22.2,114169
2024-10-16,22.0,22.4,21.85,22.25,403067
2024-10-17,22.1,22.65,22.0,22.2,375007
2024-10-18,22.3,22.5,22.05,22.25,212421
2024-10-21,22.3,22.45,22.1,22.3,138020
2024-10-22,22.3,22.3,21.95,22.0,110619
2024-10-23,22.1,22.1,21.85,21.95,100701
2024-10-24,21.85,22.2,21.7,22.2,385439
2024-10-25,22.2,22.2,21.7,21.9,201241
2024-10-28,21.9,21.95,21.75,21.95,178008
2024-10-29,21.8,21.95,21.55,21.75,222179
2024-10-30,21.85,21.9,21.7,21.7,124205
2024-11-01,21.7,21.7,21.35,21.45,375844
2024-11-04,21.7,21.9,21.55,21.65,191176
2024-11-05,21.75,22.0,21.75,22.0,230345
2024-11-06,22.05,22.2,21.7,21.7,103025
2024-11-07,21.6,22.0,21.6,21.85,128001
2024-11-08,21.8,22.0,21.65,21.75,106139
2024-11-11,21.75,21.75,21.5,21.55,152112
2024-11-12,21.4,21.45,20.65,20.95,467717
2024-11-13,20.9,21.1,20.75,20.75,159382
2024-11-14,20.75,21.0,20.5,20.5,320513
2024-11-15,20.65,21.25,20.5,21.0,379089
2024-11-18,21.1,21.15,20.8,21.1,101105
2024-11-19,21.2,21.35,21.0,21.3,136010
2024-11-20,21.3,21.3,21.1,21.2,83228
2024-11-21,21.2,21.4,21.1,21.25,176011
2024-11-22,21.25,21.4,21.1,21.2,227466
2024-11-25,21.35,21.4,21.1,21.25,145250
2024-11-26,21.3,21.5,21.1,21.3,266568
2024-11-27,21.2,21.5,20.85,20.9,173704
2024-11-28,21.0,21.2,20.75,21.2,154036
2024-11-29,20.9,21.3,20.85,21.3,306151
2024-12-02,21.3,21.4,21.05,21.15,109062
2024-12-03,21.2,21.5,21.15,21.35,158186
2024-12-04,21.3,21.3,21.0,21.25,142050
2024-12-05,21.15,21.2,20.85,20.85,185060
2024-12-06,20.9,21.2,20.9,21.05,160011
2024-12-09,21.0,21.3,20.9,21.05,256288
2024-12-10,21.1,21.5,20.95,21.35,226321
2024-12-11,21.35,21.5,21.2,21.4,105235
2024-12-12,21.5,21.6,21.25,21.4,33131
2024-12-13,21.3,21.4,21.05,21.2,166968
2024-12-16,21.15,21.25,20.75,20.75,242206
2024-12-17,20.9,20.95,20.55,20.7,207092
2024-12-18,20.65,20.65,20.05,20.35,311811
2024-12-19,20.15,20.35,19.95,20.0,153401
2024-12-20,19.9,20.15,19.7,20.0,200352
2024-12-23,20.1,20.6,20.05,20.6,127771
2024-12-24,20.65,20.8,20.55,20.65,51037
2024-12-25,20.65,20.9,20.5,20.9,151201
2024-12-26,20.7,20.95,20.7,20.9,374535
2024-12-27,20.9,20.9,20.45,20.45,195006
2024-12-30,20.45,20.65,20.35,20.55,111634
2024-12-31,20.5,20.6,20.3,20.5,163828
2025-01-02,20.4,20.5,20.35,20.35,208024
2025-01-03,20.45,20.5,20.3,20.45,75001
2025-01-06,20.5,20.6,20.25,20.3,154508
2025-01-07,20.4,20.45,20.0,20.0,101615
2025-01-08,19.85,20.1,19.7,20.0,123288
2025-01-09,19.9,20.1,19.35,19.95,172459
2025-01-10,19.8,19.9,19.65,19.85,178030
2025-01-13,19.65,19.8,18.8,19.3,361520
2025-01-14,19.2,19.5,19.0,19.35,86284
2025-01-15,19.15,19.7,19.15,19.7,154145
2025-01-16,19.75,19.9,19.75,19.85,60100
2025-01-17,19.9,19.95,19.75,19.75,106003
2025-01-20,19.85,20.5,19.7,20.45,130559
2025-01-21,20.45,20.6,19.9,19.9,85246
2025-01-22,20.1,20.15,19.8,20.1,164522
2025-02-03,19.95,20.05,19.4,19.6,131025
2025-02-04,19.6,19.85,19.2,19.2,175419
2025-02-05,19.4,19.65,19.4,19.4,71575
2025-02-06,19.5,19.55,19.4,19.5,32175
2025-02-07,19.45,19.5,19.1,19.4,119668
2025-02-10,19.25,19.45,19.15,19.4,504979
2025-02-11,19.45,19.6,19.0,19.0,246708
2025-02-12,19.15,19.45,19.0,19.35,130234
2025-02-13,19.25,19.9,19.25,19.9,127000
2025-02-14,19.85,20.15,19.65,19.95,167520
2025-02-17,20.0,20.7,20.0,20.55,542923
2025-02-18,20.55,20.75,20.25,20.4,176804
2025-02-19,20.5,20.5,20.0,20.35,379109
2025-02-20,20.3,20.4,20.05,20.2,290198
2025-02-21,20.2,20.4,20.05,20.4,109038
2025-02-24,20.15,20.4,20.15,20.35,100446
2025-02-25,20.15,20.35,20.05,20.2,260370
2025-02-26,20.25,20.35,20.1,20.35,142245
2025-02-27,20.4,20.5,20.05,20.05,240112
2025-03-03,20.05,20.3,20.0,20.25,136202
2025-03-04,20.1,20.35,20.05,20.35,180564
2025-03-05,20.2,20.4,20.1,20.4,95005
2025-03-06,20.4,20.9,20.4,20.7,256664
2025-03-07,20.55,20.7,20.5,20.5,35071
2025-03-10,20.5,21.0,20.5,20.7,673254
2025-03-11,20.3,20.65,20.0,20.5,317607
2025-03-12,20.4,20.8,20.3,20.5,168201
2025-03-13,20.5,20.8,20.15,20.25,146650
2025-03-14,20.15,20.45,20.15,20.45,82102
2025-03-17,20.5,20.6,20.4,20.5,68562
2025-03-18,20.55,20.6,19.95,19.95,245044
2025-03-19,20.1,20.1,19.25,19.3,407982
2025-03-20,19.4,19.65,18.9,19.0,564019
2025-03-21,19.0,19.1,18.35,18.35,816223
2025-03-24,18.45,18.8,18.45,18.5,334616
2025-03-25,18.5,18.75,18.0,18.25,1133515
2025-03-26,18.4,18.6,18.25,18.55,142648
2025-03-27,18.5,18.5,18.25,18.35,124099
2025-03-28,18.25,18.4,17.85,18.0,466780
2025-03-31,17.9,18.2,17.5,18.2,475807
2025-04-01,18.2,18.8,17.75,18.75,514857
2025-04-02,18.55,19.25,18.25,18.8,736921
2025-04-07,16.95,17.9,16.95,17.6,629039
2025-04-08,17.85,17.95,17.35,17.8,731292
2025-04-09,17.8,17.95,16.55,17.95,745202
2025-04-10,18.3,18.85,17.8,17.8,1008196
2025-04-11,17.35,17.6,17.15,17.15,314260
2025-04-14,17.2,17.8,17.15,17.8,530117
2025-04-15,17.95,18.4,17.85,18.15,311000
2025-04-16,18.15,18.15,17.55,17.6,253300
2025-04-17,17.65,17.9,17.6,17.65,162283
2025-04-18,17.8,17.9,17.45,17.65,708398
2025-04-21,17.55,17.75,17.3,17.35,205100
2025-04-22,17.25,17.45,17.25,17.35,107562
2025-04-23,17.35,17.6,17.35,17.35,623827
2025-04-24,17.65,17.65,17.2,17.4,176052
2025-04-25,17.55,17.65,17.4,17.6,201001
2025-04-28,17.75,17.75,17.55,17.75,344595
2025-04-29,17.7,18.3,17.6,18.3,403688
2025-04-30,18.25,18.7,18.15,18.45,238206
2025-05-02,18.7,19.55,18.5,19.3,617561
2025-05-05,19.65,19.75,19.2,19.55,523933
2025-05-06,19.65,19.65,19.15,19.2,222270
2025-05-07,19.45,19.65,19.3,19.3,132150
2025-05-08,19.5,19.7,19.0,19.0,338165
2025-05-09,18.95,19.35,18.8,19.35,222222
2025-05-12,19.45,19.65,19.25,19.6,179000
2025-05-13,19.5,19.7,18.85,19.4,316153
2025-05-14,19.4,19.55,19.15,19.45,238951
2025-05-15,19.35,19.5,19.15,19.4,204120
2025-05-16,19.45,19.8,19.4,19.7,194564
2025-05-19,19.5,20.45,19.5,20.15,745666
2025-05-20,20.35,20.85,20.15,20.75,516406
2025-05-21,20.65,20.85,20.55,20.85,274596
2025-05-22,20.75,21.3,20.65,20.95,325076
2025-05-23,20.75,21.1,20.55,20.65,164752
2025-05-26,20.55,20.9,20.55,20.8,203100
2025-05-27,20.85,20.9,20.25,20.5,234271
2025-05-28,20.55,20.65,20.25,20.25,105148
2025-05-29,20.5,20.55,20.05,20.2,260030
2025-06-02,20.1,20.4,19.95,20.0,241028
2025-06-03,20.15,20.2,19.9,20.05,112479
2025-06-04,20.05,20.15,19.85,20.0,248322
2025-06-05,20.05,20.4,20.05,20.35,138050
2025-06-06,20.4,20.5,20.25,20.5,50000
2025-06-09,20.5,20.6,19.95,20.0,141200
2025-06-10,20.15,20.55,20.05,20.4,169712
2025-06-11,20.45,20.45,19.95,20.25,160100
2025-06-12,20.15,20.25,19.9,20.15,118257
2025-06-13,19.95,20.0,19.65,19.65,140540
2025-06-16,19.65,20.1,19.55,20.1,85100
2025-06-17,20.1,20.1,19.75,20.0,138510
2025-06-18,20.0,20.15,19.75,19.75,160000
2025-06-19,19.6,19.8,19.2,19.2,278906
2025-06-20,19.15,19.35,19.0,19.2,197107
2025-06-23,19.2,19.2,18.8,18.85,117441
2025-06-24,19.15,19.6,19.1,19.5,172106
2025-06-25,19.5,19.75,19.2,19.4,97815
2025-06-26,19.45,19.7,19.45,19.7,160000
2025-06-26,19.45,19.7,19.45,19.7,160000
2025-06-26,19.45,19.7,19.45,19.7,160000
2025-06-26,19.45,19.7,19.45,19.7,160000
2025-06-26,19.45,19.7,19.45,19.7,160000
2025-06-26,19.45,19.7,19.45,19.7,160000
2025-06-26,19.45,19.7,19.45,19.7,160000
2025-06-26,19.45,19.7,19.45,19.7,160000
2025-06-26,19.45,19.7,19.45,19.7,160000
2025-06-26,19.45,19.7,19.45,19.7,160000
